frame,track_id,class_id,class_name,conf_raw,conf_smooth,x1,y1,x2,y2,recovered
1,1,0,polyp,0.8945,0.8945,92.3,4.2,285.2,151.4,False
2,1,0,polyp,0.7767,0.8356,87.3,5.5,288.2,164.8,False
3,1,0,polyp,0.8814,0.8509,87.5,2.3,286.8,157.2,False
4,1,0,polyp,0.5290,0.7704,88.0,-0.9,284.1,143.4,False
5,1,0,polyp,0.5290,0.7221,88.2,-5.9,282.1,136.8,False
6,1,0,polyp,0.5290,0.6490,88.5,-10.9,280.1,130.1,False
7,1,0,polyp,0.5290,0.5995,88.7,-15.9,278.0,123.5,False
8,1,0,polyp,0.5790,0.5390,86.0,2.4,284.3,147.4,False
9,1,0,polyp,0.5790,0.5490,85.8,1.5,283.7,146.2,False
10,1,0,polyp,0.5790,0.5590,85.6,0.6,283.1,145.0,False
11,1,0,polyp,0.5790,0.5690,85.4,-0.3,282.4,143.8,False
12,1,0,polyp,0.4632,0.4552,85.4,-0.3,282.4,143.8,True
13,1,0,polyp,0.3706,0.3642,85.4,-0.3,282.4,143.8,True
14,2,0,polyp,0.6523,0.6523,95.1,2.5,284.9,116.0,False
14,1,0,polyp,0.2964,0.2913,85.4,-0.3,282.4,143.8,True
15,2,0,polyp,0.6115,0.6319,94.6,2.9,284.6,116.9,False
16,2,0,polyp,0.6115,0.6251,94.0,3.4,284.5,117.6,False
17,2,0,polyp,0.6771,0.6381,98.0,4.8,285.7,122.3,False
18,2,0,polyp,0.7772,0.6659,98.7,4.8,285.4,124.2,False
19,2,0,polyp,0.7772,0.6909,99.0,5.9,286.6,125.9,False
20,2,0,polyp,0.5270,0.6740,100.3,4.0,283.6,122.2,False
21,2,0,polyp,0.6250,0.6767,101.5,3.2,282.5,119.4,False
22,2,0,polyp,0.6250,0.6663,102.1,3.4,282.5,119.3,False
23,2,0,polyp,0.6250,0.6358,102.7,3.7,282.6,119.2,False
24,2,0,polyp,0.6452,0.6094,97.2,3.0,279.9,117.6,False
25,2,0,polyp,0.6452,0.6331,97.2,3.1,279.4,117.4,False
26,2,0,polyp,0.6452,0.6371,97.1,3.1,279.0,117.1,False
27,2,0,polyp,0.6452,0.6412,97.1,3.1,278.5,116.9,False
28,2,0,polyp,0.6963,0.6555,88.1,6.5,278.1,129.8,False
29,2,0,polyp,0.7020,0.6668,87.1,6.0,278.4,132.6,False
30,2,0,polyp,0.7020,0.6782,86.1,6.5,278.2,133.7,False
31,2,0,polyp,0.7020,0.6895,85.0,7.0,277.9,134.7,False
32,2,0,polyp,0.6249,0.6854,86.0,5.0,277.3,133.6,False
33,2,0,polyp,0.6304,0.6722,85.0,4.8,276.5,134.6,False
34,2,0,polyp,0.5515,0.6421,83.0,6.8,276.3,141.7,False
35,2,0,polyp,0.5515,0.6120,81.9,7.4,276.2,142.9,False
36,2,0,polyp,0.5515,0.5819,80.7,8.0,276.0,144.2,False
37,2,0,polyp,0.6556,0.5881,90.1,3.5,283.8,137.2,False
38,2,0,polyp,0.7461,0.6112,91.0,3.2,284.1,136.1,False
39,2,0,polyp,0.6842,0.6378,89.8,4.9,285.9,140.4,False
40,2,0,polyp,0.6842,0.6643,89.6,5.2,286.5,141.2,False
41,2,0,polyp,0.6842,0.6908,89.4,5.4,287.1,142.0,False
42,2,0,polyp,0.6842,0.6966,89.2,5.6,287.7,142.7,False
43,2,0,polyp,0.5473,0.5572,89.2,5.6,287.7,142.7,True
44,3,0,polyp,0.7567,0.7567,101.2,3.6,308.0,166.2,False
44,2,0,polyp,0.4379,0.4458,89.2,5.6,287.7,142.7,True
45,3,0,polyp,0.8598,0.8082,103.5,5.0,307.5,168.6,False
45,2,0,polyp,0.3503,0.3566,89.2,5.6,287.7,142.7,True
46,3,0,polyp,0.8914,0.8359,101.1,5.9,307.2,169.9,False
47,3,0,polyp,0.7755,0.8208,97.0,8.4,307.7,178.6,False
48,3,0,polyp,0.7682,0.8103,92.6,11.3,308.4,193.8,False
49,3,0,polyp,0.8750,0.8340,87.2,15.8,308.7,215.0,False
50,3,0,polyp,0.9047,0.8429,87.0,14.4,306.9,218.7,False
51,3,0,polyp,0.8753,0.8397,86.8,12.4,304.3,223.3,False
52,3,0,polyp,0.8020,0.8450,85.4,11.3,300.8,226.8,False
53,3,0,polyp,0.8910,0.8696,84.7,9.4,298.5,229.0,False
54,3,0,polyp,0.9472,0.8840,85.5,6.3,297.4,224.7,False
55,3,0,polyp,0.9039,0.8839,85.2,7.8,296.5,227.4,False
56,3,0,polyp,0.9386,0.8965,85.4,7.8,296.1,227.3,False
57,3,0,polyp,0.9449,0.9251,86.3,7.4,296.4,227.1,False
58,3,0,polyp,0.8642,0.9197,87.5,7.9,297.5,228.5,False
59,3,0,polyp,0.9166,0.9136,91.0,6.7,301.9,228.9,False
60,3,0,polyp,0.9091,0.9146,95.4,5.7,307.5,229.2,False
61,3,0,polyp,0.8512,0.8972,97.5,5.9,311.7,230.8,False
62,3,0,polyp,0.9172,0.8916,97.8,5.7,313.0,231.6,False
63,3,0,polyp,0.9083,0.9005,97.7,5.6,314.7,232.5,False
64,3,0,polyp,0.8848,0.8941,97.1,5.4,315.4,232.5,False
65,3,0,polyp,0.9197,0.8962,94.8,4.5,313.3,231.6,False
66,3,0,polyp,0.8559,0.8972,88.5,4.7,307.7,230.2,False
67,3,0,polyp,0.9062,0.8950,84.7,6.0,302.0,230.9,False
68,3,0,polyp,0.9390,0.9011,83.4,6.9,299.0,231.0,False
69,3,0,polyp,0.9310,0.9104,83.3,7.8,297.2,231.4,False
70,3,0,polyp,0.9088,0.9082,82.9,8.1,295.7,231.3,False
71,3,0,polyp,0.9448,0.9260,83.1,8.1,294.9,230.5,False
72,3,0,polyp,0.9498,0.9347,83.2,8.4,294.6,230.5,False
73,3,0,polyp,0.8912,0.9251,82.9,7.9,293.8,229.1,False
74,3,0,polyp,0.9431,0.9275,83.6,10.2,293.9,231.3,False
75,3,0,polyp,0.9013,0.9260,83.0,10.8,293.4,231.1,False
76,3,0,polyp,0.9279,0.9227,83.3,10.6,294.4,231.7,False
77,3,0,polyp,0.9291,0.9185,84.7,11.1,296.3,233.0,False
78,3,0,polyp,0.9383,0.9279,85.1,12.2,297.4,233.7,False
79,3,0,polyp,0.8938,0.9181,84.5,12.9,299.3,234.8,False
80,3,0,polyp,0.8999,0.9178,84.4,12.3,300.8,234.8,False
81,3,0,polyp,0.8373,0.8997,85.4,10.6,303.1,234.5,False
82,3,0,polyp,0.8683,0.8875,90.0,9.3,306.4,233.4,False
83,3,0,polyp,0.9106,0.8820,93.7,8.1,307.9,232.9,False
84,3,0,polyp,0.9062,0.8845,96.7,8.1,308.4,231.9,False
85,3,0,polyp,0.8299,0.8705,102.1,8.2,309.7,231.8,False
86,3,0,polyp,0.8939,0.8818,106.7,7.0,311.0,229.9,False
87,3,0,polyp,0.8796,0.8840,111.4,5.5,312.1,226.2,False
88,3,0,polyp,0.8290,0.8677,115.4,5.7,313.5,225.8,False
89,3,0,polyp,0.8697,0.8604,122.9,7.2,316.9,228.5,False
90,3,0,polyp,0.8731,0.8691,127.6,4.1,318.1,222.0,False
91,3,0,polyp,0.6986,0.8300,130.2,4.9,317.9,222.1,False
92,3,0,polyp,0.8139,0.8169,133.6,6.1,318.9,223.8,False
93,3,0,polyp,0.8179,0.8146,136.1,5.9,319.5,223.5,False
94,3,0,polyp,0.7058,0.7819,138.6,5.8,319.5,222.2,False
95,3,0,polyp,0.8471,0.7767,141.2,6.1,319.4,222.6,False
96,3,0,polyp,0.8521,0.8074,144.5,1.7,319.6,211.4,False
97,3,0,polyp,0.6934,0.7833,148.8,3.9,320.3,213.4,False
98,3,0,polyp,0.8478,0.7892,152.1,1.9,319.9,206.3,False
99,3,0,polyp,0.8264,0.8134,155.2,0.4,319.4,198.4,False
100,3,0,polyp,0.7432,0.7926,158.3,5.0,319.8,203.7,False
101,3,0,polyp,0.7284,0.7678,160.2,5.1,320.1,202.6,False
102,3,0,polyp,0.8005,0.7893,160.6,4.1,319.0,199.3,False
103,3,0,polyp,0.8146,0.7826,159.7,3.8,317.1,195.9,False
104,3,0,polyp,0.8537,0.7881,156.4,6.0,314.0,198.1,False
105,3,0,polyp,0.7884,0.7971,152.6,6.4,311.4,197.4,False
106,3,0,polyp,0.6889,0.7892,150.4,9.5,310.5,203.3,False
107,3,0,polyp,0.7891,0.7869,150.0,12.5,310.4,211.1,False
108,3,0,polyp,0.8242,0.7889,151.0,5.7,310.7,198.4,False
109,3,0,polyp,0.7737,0.7729,155.1,4.0,312.9,192.0,False
110,3,0,polyp,0.8295,0.7811,159.5,2.2,314.4,185.3,False
111,3,0,polyp,0.7677,0.7968,162.8,2.4,314.9,182.4,False
112,3,0,polyp,0.7562,0.7902,166.8,3.1,316.7,181.7,False
113,3,0,polyp,0.8642,0.7982,170.2,2.0,317.2,177.1,False
114,3,0,polyp,0.8157,0.8067,173.0,3.5,317.6,177.5,False
115,3,0,polyp,0.7751,0.7958,174.8,4.9,317.8,178.5,False
116,3,0,polyp,0.7578,0.7938,175.8,7.4,317.6,183.4,False
117,3,0,polyp,0.7922,0.8010,176.5,5.5,317.4,180.6,False
118,3,0,polyp,0.8138,0.7909,176.7,3.7,316.6,175.7,False
119,3,0,polyp,0.5892,0.7456,177.7,7.2,318.0,182.3,False
120,3,0,polyp,0.6735,0.7253,178.5,5.6,318.6,178.2,False
121,3,0,polyp,0.6735,0.7084,179.7,5.4,319.2,177.3,False
122,3,0,polyp,0.6735,0.6847,180.9,5.2,319.9,176.4,False
123,3,0,polyp,0.6735,0.6566,182.1,5.0,320.5,175.5,False
124,3,0,polyp,0.5388,0.5253,182.1,5.0,320.5,175.5,True
125,3,0,polyp,0.4310,0.4203,182.1,5.0,320.5,175.5,True
126,3,0,polyp,0.3448,0.3362,182.1,5.0,320.5,175.5,True
127,,,,,,,,,,False
128,,,,,,,,,,False
129,,,,,,,,,,False
130,4,0,polyp,0.5348,0.5348,0.6,4.7,336.7,210.7,False
131,4,0,polyp,0.5258,0.5303,13.9,6.0,332.7,208.2,False
132,4,0,polyp,0.6787,0.5798,146.2,15.6,344.0,167.5,False
133,4,0,polyp,0.6787,0.6045,254.6,40.6,354.1,117.0,False
133,5,0,polyp,0.5686,0.5686,177.9,7.1,322.0,161.9,False
134,4,0,polyp,0.6787,0.6194,313.8,27.8,413.3,104.2,False
134,5,0,polyp,0.8268,0.6977,183.4,4.9,322.9,156.2,False
135,4,0,polyp,0.6787,0.6482,373.0,15.0,472.5,91.4,False
135,5,0,polyp,0.8050,0.7335,186.9,4.6,322.4,152.1,False
136,5,0,polyp,0.8050,0.7514,190.8,4.2,322.4,147.4,False
136,4,0,polyp,0.5430,0.5185,373.0,15.0,472.5,91.4,True
137,5,0,polyp,0.8097,0.7630,178.9,7.0,320.0,161.0,False
137,4,0,polyp,0.4344,0.4148,373.0,15.0,472.5,91.4,True
138,5,0,polyp,0.7374,0.7968,177.6,7.4,320.6,165.3,False
138,4,0,polyp,0.3475,0.3319,373.0,15.0,472.5,91.4,True
139,5,0,polyp,0.7845,0.7883,177.1,6.5,320.3,163.8,False
140,5,0,polyp,0.7633,0.7800,175.3,7.1,320.6,168.9,False
141,5,0,polyp,0.7633,0.7717,173.9,7.7,320.3,170.7,False
142,5,0,polyp,0.5052,0.7108,157.5,7.9,311.1,178.0,False
143,5,0,polyp,0.6714,0.6976,148.1,7.3,307.6,182.6,False
144,5,0,polyp,0.5725,0.6551,143.2,13.2,310.4,205.9,False
145,5,0,polyp,0.5725,0.6170,138.9,14.8,309.1,210.9,False
146,5,0,polyp,0.6537,0.5951,149.9,13.6,320.4,219.4,False
147,5,0,polyp,0.5265,0.5993,153.0,7.4,322.1,210.5,False
148,5,0,polyp,0.5729,0.5796,154.0,4.9,322.8,205.6,False
149,5,0,polyp,0.7741,0.6199,152.5,5.5,321.9,208.8,False
150,5,0,polyp,0.7290,0.6512,150.9,5.3,321.2,210.2,False
150,6,0,polyp,0.5049,0.5049,30.6,3.1,326.9,215.7,False
151,5,0,polyp,0.7290,0.6663,149.1,5.6,321.4,212.9,False
151,6,0,polyp,0.5049,0.5049,30.6,3.1,326.9,215.7,False
152,5,0,polyp,0.7245,0.7059,145.8,0.7,317.3,201.1,False
152,6,0,polyp,0.5049,0.5049,30.6,3.1,326.9,215.7,False
153,5,0,polyp,0.7009,0.7315,143.2,6.3,316.2,213.7,False
153,6,0,polyp,0.5049,0.5049,30.6,3.1,326.9,215.7,False
154,5,0,polyp,0.6197,0.7006,142.1,7.7,316.3,219.3,False
154,6,0,polyp,0.4039,0.4039,30.6,3.1,326.9,215.7,True
155,5,0,polyp,0.8144,0.7177,141.5,2.0,315.8,206.6,False
155,6,0,polyp,0.3232,0.3232,30.6,3.1,326.9,215.7,True
156,5,0,polyp,0.7626,0.7244,141.1,3.9,315.3,209.8,False
156,6,0,polyp,0.2585,0.2585,30.6,3.1,326.9,215.7,True
157,5,0,polyp,0.7626,0.7320,139.3,3.7,315.1,211.5,False
158,5,0,polyp,0.7376,0.7394,139.6,8.1,316.8,221.5,False
159,5,0,polyp,0.6844,0.7523,135.3,8.9,315.4,227.6,False
160,5,0,polyp,0.6875,0.7269,131.8,8.6,315.2,231.1,False
161,5,0,polyp,0.8293,0.7403,126.9,7.7,314.7,232.7,False
162,5,0,polyp,0.7454,0.7368,123.2,6.2,315.3,232.0,False
163,5,0,polyp,0.7134,0.7320,118.0,6.3,314.2,233.1,False
164,5,0,polyp,0.8019,0.7555,109.7,7.3,312.6,235.8,False
165,5,0,polyp,0.8638,0.7908,108.5,6.3,319.6,235.4,False
166,5,0,polyp,0.8286,0.7906,107.0,6.1,320.5,234.5,False
167,5,0,polyp,0.9027,0.8221,104.7,6.6,318.3,235.3,False
168,5,0,polyp,0.8136,0.8421,105.5,6.3,318.8,234.3,False
169,5,0,polyp,0.6416,0.8101,109.9,6.6,321.6,235.4,False
170,5,0,polyp,0.8766,0.8126,113.5,5.4,323.1,234.7,False
171,5,0,polyp,0.8865,0.8242,114.6,6.0,320.9,235.2,False
172,5,0,polyp,0.8184,0.8073,117.2,6.2,317.7,234.3,False
173,5,0,polyp,0.9114,0.8269,122.0,1.5,315.8,219.6,False
174,5,0,polyp,0.9002,0.8786,127.8,-0.1,314.8,208.0,False
175,5,0,polyp,0.9002,0.8834,127.3,-1.6,315.2,207.6,False
176,5,0,polyp,0.7703,0.8601,141.8,0.6,321.3,202.8,False
177,5,0,polyp,0.8038,0.8572,148.8,5.6,323.4,208.6,False
178,5,0,polyp,0.6234,0.7996,153.5,9.4,325.1,217.1,False
179,5,0,polyp,0.8240,0.7843,158.9,4.6,327.0,208.1,False
180,5,0,polyp,0.7524,0.7548,161.6,5.2,327.2,208.3,False
181,5,0,polyp,0.5814,0.7170,162.9,7.8,326.9,213.3,False
182,5,0,polyp,0.7434,0.7049,163.3,8.3,326.3,215.1,False
183,5,0,polyp,0.7950,0.7392,163.5,5.5,325.2,209.5,False
184,5,0,polyp,0.8077,0.7360,164.2,1.2,324.5,197.3,False
185,5,0,polyp,0.8123,0.7480,165.1,1.2,323.7,191.9,False
186,5,0,polyp,0.7936,0.7904,169.2,5.0,325.1,196.0,False
187,5,0,polyp,0.6397,0.7697,172.3,10.4,326.2,206.8,False
188,5,0,polyp,0.5279,0.7162,174.5,12.0,326.7,213.3,False
189,5,0,polyp,0.5656,0.6678,176.3,11.8,326.7,217.8,False
190,5,0,polyp,0.5656,0.6185,177.4,12.1,328.1,218.7,False
191,5,0,polyp,0.8104,0.6218,178.4,6.2,326.7,209.2,False
192,5,0,polyp,0.8200,0.6579,178.0,3.9,325.4,201.2,False
193,5,0,polyp,0.5566,0.6636,177.1,9.7,324.3,213.0,False
194,5,0,polyp,0.8181,0.7141,177.0,8.9,324.2,211.3,False
195,5,0,polyp,0.7789,0.7568,176.4,8.5,323.7,210.6,False
196,5,0,polyp,0.5910,0.7129,175.9,5.9,323.3,205.1,False
197,5,0,polyp,0.8217,0.7132,175.8,10.3,323.3,211.0,False
198,5,0,polyp,0.8340,0.7687,176.2,11.0,323.5,212.1,False
199,5,0,polyp,0.7070,0.7465,176.3,12.2,323.6,216.6,False
200,5,0,polyp,0.8115,0.7530,176.3,13.1,323.5,219.9,False
201,5,0,polyp,0.8173,0.7983,176.2,11.2,323.3,215.8,False
202,5,0,polyp,0.7531,0.7846,176.3,13.0,323.6,220.7,False
203,5,0,polyp,0.8245,0.7827,176.1,12.9,323.1,219.9,False
204,5,0,polyp,0.8111,0.8035,175.8,10.9,322.5,215.0,False
205,5,0,polyp,0.5585,0.7529,175.0,9.9,321.9,214.8,False
206,5,0,polyp,0.8322,0.7559,174.8,14.0,321.6,219.6,False
207,5,0,polyp,0.8408,0.7734,174.7,16.3,321.4,223.5,False
208,5,0,polyp,0.7966,0.7678,174.4,14.5,321.2,220.4,False
209,5,0,polyp,0.8840,0.7824,173.9,15.8,321.0,220.1,False
210,5,0,polyp,0.8920,0.8491,173.1,18.1,321.0,222.4,False
211,5,0,polyp,0.7499,0.8327,172.4,17.7,321.4,226.1,False
212,5,0,polyp,0.5896,0.7824,168.6,20.4,319.7,229.0,False
213,5,0,polyp,0.7307,0.7692,100.6,12.4,296.2,232.6,False
214,5,0,polyp,0.7307,0.7386,95.9,12.6,292.1,233.6,False
215,5,0,polyp,0.8587,0.7319,101.4,13.9,292.4,233.0,False
216,5,0,polyp,0.8755,0.7571,100.1,12.2,287.7,231.3,False
217,5,0,polyp,0.7183,0.7828,94.9,1.8,281.8,208.9,False
218,5,0,polyp,0.7283,0.7823,85.4,-0.5,271.0,197.6,False
219,5,0,polyp,0.7268,0.7815,81.8,-3.0,265.0,186.1,False
220,5,0,polyp,0.5271,0.7152,80.1,-0.9,261.4,183.0,False
221,5,0,polyp,0.8017,0.7005,78.1,1.2,259.2,177.9,False
222,5,0,polyp,0.8244,0.7217,77.7,3.0,258.0,176.5,False
223,5,0,polyp,0.8329,0.7426,77.1,3.2,256.5,175.7,False
224,5,0,polyp,0.8886,0.7750,76.0,4.0,254.6,175.5,False
225,5,0,polyp,0.8685,0.8432,76.1,3.6,254.5,173.1,False
226,5,0,polyp,0.7465,0.8322,76.9,5.2,255.8,174.2,False
227,5,0,polyp,0.7343,0.8142,79.5,4.6,257.7,172.7,False
228,5,0,polyp,0.7575,0.7991,82.4,4.6,260.2,171.0,False
229,5,0,polyp,0.8095,0.7832,84.3,6.4,262.4,171.3,False
230,5,0,polyp,0.8445,0.7784,86.4,5.2,264.9,168.5,False
231,5,0,polyp,0.8155,0.7923,87.5,3.5,266.4,165.6,False
232,5,0,polyp,0.8756,0.8205,88.1,4.5,266.3,165.6,False
233,5,0,polyp,0.8210,0.8332,87.8,6.1,266.7,167.8,False
234,5,0,polyp,0.7993,0.8312,87.9,6.1,267.7,170.7,False
235,5,0,polyp,0.8489,0.8321,90.1,7.1,270.2,172.0,False
236,5,0,polyp,0.8899,0.8469,91.5,6.4,271.5,171.4,False
237,5,0,polyp,0.8841,0.8486,92.1,5.7,272.6,172.8,False
238,5,0,polyp,0.8907,0.8626,92.1,5.1,272.8,172.7,False
239,5,0,polyp,0.8509,0.8729,92.5,4.7,273.4,173.8,False
240,5,0,polyp,0.8251,0.8681,93.9,5.2,275.2,176.4,False
241,5,0,polyp,0.8467,0.8595,95.0,6.9,276.2,180.6,False
242,5,0,polyp,0.8620,0.8551,96.2,5.8,277.1,181.3,False
243,5,0,polyp,0.8744,0.8518,96.6,5.7,277.4,183.4,False
244,5,0,polyp,0.8433,0.8503,96.5,6.1,277.3,184.9,False
245,5,0,polyp,0.8667,0.8586,97.0,5.2,277.9,185.6,False
246,5,0,polyp,0.8575,0.8608,97.3,4.2,278.0,185.3,False
247,5,0,polyp,0.7719,0.8428,97.1,5.5,278.1,187.7,False
248,5,0,polyp,0.7951,0.8269,99.1,5.2,279.0,188.8,False
249,5,0,polyp,0.7445,0.8071,100.5,3.9,279.2,187.2,False
250,5,0,polyp,0.6722,0.7682,101.9,4.3,279.7,185.2,False
251,5,0,polyp,0.8478,0.7663,102.7,2.1,280.0,181.2,False
252,5,0,polyp,0.8542,0.7828,102.6,1.7,279.6,179.0,False
253,5,0,polyp,0.7776,0.7793,103.5,3.5,279.6,179.1,False
254,5,0,polyp,0.8645,0.8033,103.9,2.9,279.8,176.9,False
255,5,0,polyp,0.8412,0.8371,104.2,2.8,279.9,175.5,False
256,5,0,polyp,0.7920,0.8259,104.4,4.0,280.2,176.6,False
257,5,0,polyp,0.9036,0.8358,104.7,4.6,280.7,175.6,False
258,5,0,polyp,0.8929,0.8589,104.7,5.0,280.8,174.8,False
259,5,0,polyp,0.8460,0.8552,104.7,6.8,281.0,175.4,False
260,5,0,polyp,0.8936,0.8656,104.4,7.3,280.7,175.0,False
261,5,0,polyp,0.8979,0.8868,104.2,7.3,280.7,174.7,False
262,5,0,polyp,0.8370,0.8735,104.2,6.8,280.7,174.5,False
263,5,0,polyp,0.9120,0.8773,104.3,7.2,281.0,174.6,False
264,5,0,polyp,0.8763,0.8834,104.5,6.9,281.2,174.4,False
265,5,0,polyp,0.7487,0.8544,104.3,7.0,280.8,174.8,False
266,5,0,polyp,0.8740,0.8496,104.3,7.1,280.8,174.5,False
267,5,0,polyp,0.8575,0.8537,103.7,6.0,280.4,174.6,False
268,5,0,polyp,0.7118,0.8137,103.1,6.6,279.7,177.2,False
269,5,0,polyp,0.8259,0.8036,102.4,8.0,279.6,182.5,False
270,5,0,polyp,0.8177,0.8174,101.2,7.2,279.0,182.8,False
271,5,0,polyp,0.7985,0.8023,99.8,7.5,278.8,184.4,False
272,5,0,polyp,0.8630,0.8034,99.7,5.1,278.8,182.7,False
273,5,0,polyp,0.8823,0.8375,100.7,3.7,279.3,180.3,False
274,5,0,polyp,0.8664,0.8456,102.2,3.5,280.3,177.1,False
275,5,0,polyp,0.8671,0.8555,102.8,2.7,280.1,174.5,False
276,5,0,polyp,0.8692,0.8696,103.3,3.1,280.0,173.2,False
277,5,0,polyp,0.8757,0.8721,104.1,4.1,280.6,173.0,False
278,5,0,polyp,0.8774,0.8711,105.5,3.8,282.0,173.0,False
279,5,0,polyp,0.8432,0.8665,107.2,4.4,284.0,173.8,False
280,5,0,polyp,0.8560,0.8643,108.3,5.0,285.4,174.6,False
281,5,0,polyp,0.9221,0.8749,109.3,3.4,286.7,173.4,False
282,5,0,polyp,0.9067,0.8811,108.4,2.8,286.4,172.9,False
283,5,0,polyp,0.8296,0.8715,108.1,3.8,285.8,173.6,False
284,5,0,polyp,0.8783,0.8785,107.3,4.7,284.9,174.1,False
285,5,0,polyp,0.8753,0.8824,106.6,4.9,284.2,174.9,False
286,5,0,polyp,0.8156,0.8611,105.5,5.2,283.5,175.0,False
287,5,0,polyp,0.7912,0.8380,105.1,6.1,283.4,177.9,False
288,5,0,polyp,0.8615,0.8444,104.7,5.4,283.5,179.6,False
289,5,0,polyp,0.7236,0.8134,104.1,6.5,283.1,183.1,False
290,5,0,polyp,0.8636,0.8111,103.1,6.2,281.9,186.0,False
291,5,0,polyp,0.8383,0.8156,102.7,4.9,281.1,185.2,False
292,5,0,polyp,0.8089,0.8192,102.2,4.9,280.2,185.3,False
293,5,0,polyp,0.9105,0.8290,102.0,4.2,280.2,185.6,False
294,5,0,polyp,0.9103,0.8663,102.0,4.3,280.2,186.9,False
295,5,0,polyp,0.8406,0.8617,102.8,5.7,280.9,188.2,False
296,5,0,polyp,0.9285,0.8798,102.8,6.1,280.9,189.3,False
297,5,0,polyp,0.9273,0.9034,102.7,6.3,280.5,190.7,False
298,5,0,polyp,0.9062,0.9026,103.4,7.0,281.7,193.0,False
299,5,0,polyp,0.8856,0.8976,103.8,7.8,282.2,195.4,False
300,5,0,polyp,0.8870,0.9069,104.5,8.4,283.2,198.2,False
301,5,0,polyp,0.8496,0.8911,105.2,7.2,284.1,195.9,False
302,5,0,polyp,0.8911,0.8839,105.5,6.5,283.9,195.3,False
303,5,0,polyp,0.8688,0.8764,106.2,8.2,286.0,199.7,False
304,5,0,polyp,0.8575,0.8708,106.1,8.3,286.8,200.9,False
305,5,0,polyp,0.9103,0.8754,106.9,5.1,286.9,197.1,False
306,5,0,polyp,0.9104,0.8876,107.9,4.2,288.6,196.5,False
307,5,0,polyp,0.9072,0.8908,108.3,3.7,289.6,194.8,False
308,5,0,polyp,0.9153,0.9001,109.0,3.4,290.7,194.1,False
309,5,0,polyp,0.9015,0.9089,109.7,3.8,291.5,195.2,False
310,5,0,polyp,0.8904,0.9050,110.4,4.3,292.5,195.9,False
311,5,0,polyp,0.9244,0.9077,109.6,3.0,292.0,193.5,False
312,5,0,polyp,0.9090,0.9081,106.6,3.4,290.2,194.4,False
313,5,0,polyp,0.8923,0.9035,105.0,3.8,288.9,193.4,False
314,5,0,polyp,0.8696,0.8971,105.3,5.0,288.1,195.5,False
315,5,0,polyp,0.8705,0.8931,105.9,10.2,289.5,204.5,False
316,5,0,polyp,0.8894,0.8862,104.5,11.7,290.1,207.5,False
317,5,0,polyp,0.9048,0.8853,103.3,14.8,289.8,215.5,False
318,5,0,polyp,0.5994,0.8267,94.0,11.2,302.2,220.8,False
319,5,0,polyp,0.5994,0.7727,94.0,12.3,302.5,222.2,False
320,5,0,polyp,0.5564,0.7099,96.0,35.8,298.2,223.4,False
321,5,0,polyp,0.5564,0.6433,95.9,37.9,298.3,225.8,False
322,5,0,polyp,0.5564,0.5736,95.8,40.0,298.4,228.1,False
323,5,0,polyp,0.5564,0.5650,95.6,42.2,298.5,230.5,False
324,5,0,polyp,0.4451,0.4520,95.6,42.2,298.5,230.5,True
325,5,0,polyp,0.3561,0.3616,95.6,42.2,298.5,230.5,True
326,7,0,polyp,0.6330,0.6330,104.6,3.3,268.3,203.0,False
326,5,0,polyp,0.2849,0.2893,95.6,42.2,298.5,230.5,True
327,7,0,polyp,0.8493,0.7412,107.6,2.9,269.5,192.3,False
328,7,0,polyp,0.8174,0.7666,103.0,7.2,262.3,194.9,False
329,7,0,polyp,0.8174,0.7793,100.3,11.0,256.2,194.6,False
330,7,0,polyp,0.7828,0.7800,109.8,7.9,277.2,194.9,False
331,7,0,polyp,0.5926,0.7719,108.6,7.4,280.7,199.0,False
332,7,0,polyp,0.8146,0.7649,108.0,2.7,280.2,189.1,False
333,7,0,polyp,0.8707,0.7756,107.1,2.4,280.1,185.9,False
334,7,0,polyp,0.8691,0.7859,106.6,6.0,278.8,184.1,False
335,7,0,polyp,0.8951,0.8084,106.9,8.3,278.1,182.0,False
336,7,0,polyp,0.8806,0.8660,108.2,6.0,277.8,176.1,False
337,7,0,polyp,0.8704,0.8772,110.1,5.4,277.7,172.4,False
338,7,0,polyp,0.8951,0.8821,112.2,6.1,279.5,171.3,False
339,7,0,polyp,0.8830,0.8848,112.7,5.7,279.3,169.8,False
340,7,0,polyp,0.5095,0.8077,118.1,4.9,305.1,174.8,False
341,7,0,polyp,0.5591,0.7434,105.6,6.2,285.3,175.8,False
342,7,0,polyp,0.8520,0.7397,102.8,7.2,275.7,178.9,False
343,7,0,polyp,0.5823,0.6771,103.1,13.0,272.3,193.1,False
344,7,0,polyp,0.8124,0.6630,106.4,14.6,271.6,196.4,False
345,7,0,polyp,0.8021,0.7216,108.0,18.7,271.8,207.1,False
346,7,0,polyp,0.8999,0.7897,112.4,22.3,272.7,212.7,False
347,7,0,polyp,0.9088,0.8011,115.0,25.2,272.7,217.2,False
348,7,0,polyp,0.9207,0.8688,117.3,29.1,272.2,220.8,False
349,7,0,polyp,0.9100,0.8883,118.3,33.2,271.2,225.9,False
350,7,0,polyp,0.9479,0.9175,120.0,36.8,271.9,228.5,False
351,7,0,polyp,0.8970,0.9169,120.5,39.3,271.4,230.8,False
352,7,0,polyp,0.9121,0.9175,121.2,39.7,271.6,231.5,False
353,7,0,polyp,0.9191,0.9172,121.5,36.4,271.8,229.6,False
354,7,0,polyp,0.9136,0.9179,122.0,34.9,272.6,229.7,False
355,7,0,polyp,0.9145,0.9113,122.7,34.2,273.7,230.7,False
356,7,0,polyp,0.9213,0.9161,123.4,34.0,275.2,230.9,False
357,7,0,polyp,0.9274,0.9192,121.2,34.2,275.5,231.7,False
358,7,0,polyp,0.9274,0.9208,121.6,35.5,275.8,232.9,False
359,7,0,polyp,0.9274,0.9236,122.0,36.8,276.1,234.1,False
360,7,0,polyp,0.7741,0.8955,133.3,32.1,293.7,226.5,False
361,7,0,polyp,0.7741,0.8661,134.8,32.7,295.2,227.1,False
362,7,0,polyp,0.6880,0.8182,126.0,25.9,274.0,222.7,False
363,7,0,polyp,0.6880,0.7703,126.2,26.1,274.1,222.7,False
364,7,0,polyp,0.6880,0.7225,126.4,26.3,274.1,222.7,False
365,7,0,polyp,0.6880,0.7052,126.6,26.6,274.1,222.6,False
366,7,0,polyp,0.7613,0.7027,133.7,15.6,297.4,222.2,False
367,7,0,polyp,0.7613,0.7173,134.9,15.2,298.8,222.0,False
368,7,0,polyp,0.7156,0.7228,134.2,7.8,314.8,221.6,False
369,7,0,polyp,0.8700,0.7592,130.6,14.3,309.9,222.5,False
370,7,0,polyp,0.8866,0.7990,128.9,16.0,306.2,222.4,False
371,7,0,polyp,0.8794,0.8226,128.8,16.5,303.6,220.4,False
372,7,0,polyp,0.8842,0.8472,132.7,14.8,311.9,217.3,False
373,7,0,polyp,0.8986,0.8838,129.7,15.7,304.9,216.5,False
374,7,0,polyp,0.9068,0.8911,130.2,15.0,303.8,214.8,False
375,7,0,polyp,0.9241,0.8986,130.6,14.3,303.7,212.3,False
376,7,0,polyp,0.9179,0.9063,130.9,14.2,303.1,210.8,False
377,7,0,polyp,0.9253,0.9145,129.4,12.8,299.8,208.5,False
378,7,0,polyp,0.9067,0.9162,128.1,13.9,297.0,208.7,False
379,7,0,polyp,0.9274,0.9203,127.9,16.5,295.3,209.7,False
380,7,0,polyp,0.9229,0.9200,128.3,18.0,294.9,210.8,False
381,7,0,polyp,0.9339,0.9232,128.4,19.3,294.5,211.7,False
382,7,0,polyp,0.9033,0.9188,129.2,19.7,294.9,212.2,False
383,7,0,polyp,0.9379,0.9251,129.4,19.5,294.8,211.8,False
384,7,0,polyp,0.9060,0.9208,129.0,19.4,294.1,211.6,False
385,7,0,polyp,0.8919,0.9146,128.8,18.7,292.6,209.7,False
386,7,0,polyp,0.8960,0.9070,128.0,17.7,290.9,207.7,False
387,7,0,polyp,0.9099,0.9083,128.4,17.9,290.3,206.4,False
388,7,0,polyp,0.8613,0.8930,128.8,16.9,290.1,205.7,False
389,7,0,polyp,0.8963,0.8911,128.4,14.9,290.0,204.1,False
390,7,0,polyp,0.9051,0.8937,129.5,14.0,291.5,203.4,False
391,7,0,polyp,0.7995,0.8744,129.3,13.8,291.9,203.8,False
392,7,0,polyp,0.9105,0.8745,128.9,13.2,291.5,203.2,False
393,7,0,polyp,0.9077,0.8838,128.4,13.6,290.3,203.8,False
394,7,0,polyp,0.9077,0.8861,128.2,13.2,290.2,203.4,False
395,7,0,polyp,0.5159,0.8083,72.5,10.6,288.5,222.8,False
396,7,0,polyp,0.5159,0.7515,69.6,10.7,286.1,223.4,False
397,7,0,polyp,0.5159,0.6726,66.7,10.8,283.8,224.1,False
398,7,0,polyp,0.5159,0.5943,63.8,10.9,281.4,224.7,False
399,7,0,polyp,0.8161,0.5759,112.7,5.7,310.5,212.9,False
400,7,0,polyp,0.5676,0.5863,122.3,4.7,319.7,210.3,False
401,7,0,polyp,0.6822,0.6195,118.6,6.5,298.8,209.4,False
402,7,0,polyp,0.6225,0.6409,126.5,11.7,312.0,221.1,False
403,7,0,polyp,0.6225,0.6622,127.5,11.9,313.2,221.6,False
404,7,0,polyp,0.6225,0.6234,128.5,12.2,314.5,222.2,False
405,7,0,polyp,0.6225,0.6344,129.5,12.5,315.7,222.7,False
406,7,0,polyp,0.5054,0.5990,128.6,9.5,320.7,227.3,False
407,7,0,polyp,0.5054,0.5756,129.6,9.8,322.0,227.9,False
408,7,0,polyp,0.5054,0.5522,130.6,10.0,323.4,228.6,False
409,7,0,polyp,0.5054,0.5288,131.7,10.3,324.8,229.2,False
410,7,0,polyp,0.4043,0.4230,131.7,10.3,324.8,229.2,True
411,7,0,polyp,0.3234,0.3384,131.7,10.3,324.8,229.2,True
412,7,0,polyp,0.2588,0.2707,131.7,10.3,324.8,229.2,True
413,,,,,,,,,,False
414,,,,,,,,,,False
415,,,,,,,,,,False
416,8,0,polyp,0.6968,0.6968,139.3,11.5,320.4,221.1,False
417,8,0,polyp,0.8487,0.7727,135.2,7.8,317.6,211.4,False
418,8,0,polyp,0.8574,0.8010,134.0,8.6,311.5,208.5,False
419,8,0,polyp,0.9345,0.8344,134.9,13.7,306.9,208.3,False
420,8,0,polyp,0.9311,0.8537,134.0,15.7,303.7,208.0,False
421,8,0,polyp,0.9073,0.8958,136.0,17.7,304.1,211.1,False
422,8,0,polyp,0.9221,0.9105,137.8,16.6,304.2,207.9,False
423,8,0,polyp,0.9014,0.9193,139.0,16.1,304.8,207.9,False
424,8,0,polyp,0.8628,0.9050,139.7,15.3,305.5,207.5,False
425,8,0,polyp,0.8994,0.8986,141.0,12.8,307.3,206.8,False
426,8,0,polyp,0.8711,0.8914,141.4,12.0,308.9,207.8,False
427,8,0,polyp,0.8024,0.8674,139.7,11.9,306.5,207.3,False
428,8,0,polyp,0.8919,0.8655,139.0,11.7,305.6,207.8,False
429,8,0,polyp,0.8842,0.8698,138.5,11.5,304.6,208.6,False
430,8,0,polyp,0.8252,0.8550,140.0,11.4,307.3,210.0,False
431,8,0,polyp,0.8362,0.8480,141.2,8.7,307.8,205.9,False
432,8,0,polyp,0.8614,0.8598,142.6,6.8,308.9,201.7,False
433,8,0,polyp,0.8493,0.8513,144.9,5.9,310.5,200.2,False
434,8,0,polyp,0.8808,0.8506,145.6,7.0,311.3,200.4,False
435,8,0,polyp,0.9035,0.8662,145.6,9.6,311.2,201.5,False
436,8,0,polyp,0.8346,0.8659,145.0,13.0,310.2,203.1,False
437,8,0,polyp,0.8912,0.8719,143.6,15.8,308.4,204.3,False
438,8,0,polyp,0.8976,0.8815,143.9,17.2,308.4,205.7,False
439,8,0,polyp,0.6897,0.8433,144.6,19.2,309.4,209.5,False
440,8,0,polyp,0.8776,0.8381,146.2,17.2,311.4,208.8,False
441,8,0,polyp,0.8987,0.8510,146.8,14.9,312.4,205.8,False
442,8,0,polyp,0.8040,0.8335,146.9,12.8,313.0,203.7,False
443,8,0,polyp,0.8690,0.8278,146.8,13.0,312.5,203.2,False
444,8,0,polyp,0.8160,0.8531,145.3,14.1,311.2,204.2,False
445,8,0,polyp,0.7507,0.8277,144.4,18.1,309.3,208.0,False
446,8,0,polyp,0.8433,0.8166,143.5,21.3,308.0,209.9,False
447,8,0,polyp,0.8223,0.8203,143.7,21.3,307.8,209.8,False
448,8,0,polyp,0.8137,0.8092,145.3,19.7,309.1,208.5,False
449,8,0,polyp,0.8748,0.8209,145.4,21.0,310.8,218.9,False
450,8,0,polyp,0.8171,0.8342,145.3,13.7,310.8,210.4,False
451,8,0,polyp,0.7812,0.8218,145.0,11.6,310.5,206.2,False
452,8,0,polyp,0.8370,0.8247,143.8,11.3,309.3,202.7,False
453,8,0,polyp,0.7873,0.8195,142.3,15.6,307.2,207.2,False
454,8,0,polyp,0.8623,0.8170,141.7,19.3,306.0,209.7,False
455,8,0,polyp,0.9019,0.8340,141.6,21.3,305.7,211.0,False
456,8,0,polyp,0.8719,0.8521,141.9,21.6,306.2,212.8,False
457,8,0,polyp,0.8130,0.8473,141.7,19.7,306.0,213.8,False
458,8,0,polyp,0.8331,0.8564,141.8,15.3,306.1,207.4,False
459,8,0,polyp,0.8762,0.8592,141.5,14.8,305.8,205.4,False
460,8,0,polyp,0.8288,0.8446,140.8,14.7,304.5,205.1,False
461,8,0,polyp,0.8344,0.8371,139.7,15.1,303.6,205.3,False
462,8,0,polyp,0.8418,0.8429,139.3,16.2,303.2,205.4,False
463,8,0,polyp,0.7101,0.8183,139.7,18.4,302.6,208.1,False
464,8,0,polyp,0.7890,0.8008,139.4,18.4,301.9,207.4,False
465,8,0,polyp,0.9012,0.8153,139.2,18.0,302.2,206.2,False
466,8,0,polyp,0.8156,0.8115,139.9,16.4,302.6,205.2,False
467,8,0,polyp,0.8230,0.8078,139.7,13.2,302.6,201.4,False
468,8,0,polyp,0.9084,0.8474,139.7,11.8,302.7,199.2,False
469,8,0,polyp,0.9084,0.8713,139.6,11.4,302.4,198.5,False
470,8,0,polyp,0.7370,0.8385,139.8,10.7,303.1,197.6,False
471,8,0,polyp,0.8204,0.8394,138.6,10.9,301.2,196.6,False
472,8,0,polyp,0.8595,0.8467,137.9,14.2,299.8,200.4,False
473,8,0,polyp,0.8079,0.8267,138.9,16.7,301.8,204.3,False
474,8,0,polyp,0.8301,0.8110,139.0,15.9,302.1,204.6,False
475,8,0,polyp,0.7206,0.8077,139.3,13.3,302.6,202.3,False
476,8,0,polyp,0.8434,0.8123,140.1,9.2,303.2,197.1,False
477,8,0,polyp,0.8330,0.8070,140.8,7.7,303.7,194.7,False
478,8,0,polyp,0.7815,0.8017,141.2,9.3,303.9,195.8,False
479,8,0,polyp,0.8824,0.8122,140.8,11.5,303.7,198.3,False
480,8,0,polyp,0.8828,0.8446,140.4,12.7,303.8,199.9,False
481,8,0,polyp,0.8540,0.8467,140.4,13.3,303.8,201.2,False
482,8,0,polyp,0.8389,0.8479,140.8,11.0,304.6,198.6,False
483,8,0,polyp,0.8386,0.8593,139.3,11.9,303.3,200.2,False
484,8,0,polyp,0.8240,0.8477,138.4,12.4,301.7,199.7,False
485,8,0,polyp,0.8867,0.8484,138.8,13.5,302.2,201.0,False
486,8,0,polyp,0.8908,0.8558,139.2,14.9,302.4,201.7,False
487,8,0,polyp,0.8459,0.8572,140.1,15.9,302.6,202.7,False
488,8,0,polyp,0.9144,0.8724,140.4,15.8,303.6,203.5,False
489,8,0,polyp,0.9261,0.8928,139.5,17.6,303.4,206.2,False
490,8,0,polyp,0.6800,0.8514,135.0,20.5,300.9,211.0,False
491,8,0,polyp,0.8581,0.8449,128.6,21.8,296.2,212.4,False
492,8,0,polyp,0.8406,0.8438,120.5,23.5,289.9,216.4,False
493,8,0,polyp,0.8470,0.8303,114.9,23.4,286.9,218.8,False
494,8,0,polyp,0.6944,0.7840,108.6,20.9,284.6,217.4,False
495,8,0,polyp,0.7964,0.8073,106.0,18.7,284.9,216.3,False
496,8,0,polyp,0.5229,0.7402,102.8,17.9,284.6,217.5,False
497,8,0,polyp,0.7086,0.7138,98.5,18.1,282.9,217.3,False
498,8,0,polyp,0.7333,0.6911,93.6,20.2,279.5,221.1,False
499,8,0,polyp,0.7615,0.7045,87.6,18.1,275.3,222.0,False
500,8,0,polyp,0.8218,0.7096,81.1,17.2,270.0,222.8,False
501,8,0,polyp,0.8218,0.7694,78.4,17.6,267.3,223.4,False
502,8,0,polyp,0.8218,0.7921,75.6,18.0,264.7,224.0,False
503,8,0,polyp,0.8218,0.8098,72.8,18.4,262.1,224.5,False
504,8,0,polyp,0.7476,0.8070,45.0,14.9,231.8,219.2,False
505,8,0,polyp,0.5543,0.7535,38.7,26.4,224.5,223.9,False
506,8,0,polyp,0.6885,0.7268,36.1,26.1,220.4,220.8,False
507,8,0,polyp,0.6885,0.7001,31.3,26.7,215.6,221.4,False
508,8,0,polyp,0.5113,0.6380,32.3,17.8,215.9,213.3,False
509,8,0,polyp,0.7884,0.6462,30.4,13.4,213.5,210.3,False
510,8,0,polyp,0.7114,0.6776,29.3,11.3,211.5,209.6,False
511,8,0,polyp,0.5535,0.6506,28.6,9.8,209.8,209.1,False
512,8,0,polyp,0.8090,0.6747,29.3,8.9,208.4,208.1,False
513,8,0,polyp,0.8430,0.7411,29.2,8.8,207.2,208.1,False
514,8,0,polyp,0.7854,0.7404,29.7,9.3,207.0,208.6,False
515,8,0,polyp,0.8377,0.7657,30.6,8.6,207.1,208.5,False
516,8,0,polyp,0.8359,0.8222,31.8,11.3,207.3,211.8,False
517,8,0,polyp,0.7923,0.8189,32.0,10.1,206.1,210.0,False
518,8,0,polyp,0.7907,0.8084,32.2,8.4,205.5,208.6,False
519,8,0,polyp,0.8721,0.8257,32.9,9.9,205.1,210.1,False
520,8,0,polyp,0.8604,0.8303,32.6,6.1,204.8,202.1,False
521,8,0,polyp,0.8937,0.8418,32.9,4.9,204.9,198.1,False
522,8,0,polyp,0.8318,0.8497,34.1,4.6,205.1,196.3,False
523,8,0,polyp,0.8228,0.8562,34.1,4.6,204.1,194.7,False
524,8,0,polyp,0.8741,0.8566,34.5,4.9,203.8,193.7,False
525,8,0,polyp,0.8721,0.8589,34.4,3.9,202.1,191.3,False
526,8,0,polyp,0.7843,0.8370,34.9,3.5,202.0,188.8,False
527,8,0,polyp,0.8541,0.8415,35.4,2.7,201.6,185.7,False
528,8,0,polyp,0.8041,0.8377,35.8,3.3,201.3,184.9,False
529,8,0,polyp,0.7902,0.8209,36.2,4.6,201.8,186.3,False
530,8,0,polyp,0.8697,0.8205,35.1,5.7,203.3,187.6,False
531,8,0,polyp,0.8893,0.8415,35.1,8.0,205.3,190.7,False
532,8,0,polyp,0.7302,0.8167,32.8,13.2,204.9,197.6,False
533,8,0,polyp,0.8792,0.8317,33.8,16.7,206.1,203.4,False
534,8,0,polyp,0.5547,0.7846,35.7,17.1,212.8,212.0,False
535,8,0,polyp,0.5547,0.7216,35.7,18.2,212.8,213.0,False
536,8,0,polyp,0.5015,0.6441,44.8,10.3,277.6,223.2,False
537,8,0,polyp,0.6256,0.6231,29.9,11.1,254.6,229.0,False
537,9,0,polyp,0.5375,0.5375,0.8,2.8,335.4,234.4,False
538,8,0,polyp,0.6835,0.5840,27.5,24.8,246.8,236.3,False
538,9,0,polyp,0.5375,0.5375,0.8,2.8,335.4,234.4,False
539,8,0,polyp,0.7540,0.6238,29.4,25.0,245.6,236.0,False
539,9,0,polyp,0.5375,0.5375,0.8,2.8,335.4,234.4,False
540,8,0,polyp,0.8627,0.6854,30.3,18.8,242.6,233.0,False
540,9,0,polyp,0.5375,0.5375,0.8,2.8,335.4,234.4,False
541,8,0,polyp,0.6493,0.7150,30.8,24.6,239.5,236.7,False
541,9,0,polyp,0.4300,0.4300,0.8,2.8,335.4,234.4,True
542,8,0,polyp,0.8985,0.7696,30.6,21.9,235.9,236.4,False
542,9,0,polyp,0.3440,0.3440,0.8,2.8,335.4,234.4,True
543,8,0,polyp,0.8822,0.8093,31.3,21.9,233.4,237.5,False
543,9,0,polyp,0.2752,0.2752,0.8,2.8,335.4,234.4,True
544,8,0,polyp,0.8882,0.8362,31.0,20.9,230.2,236.7,False
545,8,0,polyp,0.8935,0.8423,30.4,20.4,228.9,235.4,False
546,8,0,polyp,0.8779,0.8881,31.2,20.1,226.5,234.2,False
547,8,0,polyp,0.8817,0.8847,30.0,21.7,224.6,234.2,False
548,8,0,polyp,0.8817,0.8846,29.5,22.3,224.4,235.0,False
549,8,0,polyp,0.7250,0.8519,33.5,24.5,231.2,234.8,False
550,8,0,polyp,0.7250,0.8182,33.5,25.1,231.4,235.6,False
551,8,0,polyp,0.7250,0.7876,33.6,25.8,231.6,236.4,False
552,8,0,polyp,0.7250,0.7563,33.7,26.5,231.8,237.3,False
553,8,0,polyp,0.5638,0.6927,69.4,46.4,259.4,243.4,False
554,8,0,polyp,0.6438,0.6765,79.5,55.5,263.9,243.8,False
555,8,0,polyp,0.7919,0.6899,87.3,59.9,268.2,242.2,False
556,8,0,polyp,0.5764,0.6602,90.9,64.7,269.7,241.6,False
557,8,0,polyp,0.9114,0.6975,92.2,67.4,271.1,240.0,False
558,8,0,polyp,0.8490,0.7545,92.4,69.9,271.3,239.7,False
559,8,0,polyp,0.8502,0.7958,92.4,71.9,270.9,239.2,False
560,8,0,polyp,0.8807,0.8135,92.4,73.9,270.6,238.7,False
560,10,0,polyp,0.5590,0.5590,76.3,5.5,327.2,239.0,False
561,8,0,polyp,0.8154,0.8613,93.1,76.1,271.1,239.0,False
561,10,0,polyp,0.5590,0.5590,76.3,5.5,327.2,239.0,False
562,8,0,polyp,0.7597,0.8310,93.5,77.2,271.0,238.5,False
562,10,0,polyp,0.5590,0.5590,76.3,5.5,327.2,239.0,False
563,8,0,polyp,0.8898,0.8392,94.4,77.4,271.5,237.6,False
563,10,0,polyp,0.5590,0.5590,76.3,5.5,327.2,239.0,False
564,8,0,polyp,0.8646,0.8421,94.2,77.5,271.3,237.1,False
564,10,0,polyp,0.4472,0.4472,76.3,5.5,327.2,239.0,True
565,8,0,polyp,0.7395,0.8138,93.6,77.5,270.5,236.7,False
565,10,0,polyp,0.3577,0.3577,76.3,5.5,327.2,239.0,True
566,8,0,polyp,0.8142,0.8136,93.6,78.1,270.5,236.9,False
566,10,0,polyp,0.2862,0.2862,76.3,5.5,327.2,239.0,True
567,8,0,polyp,0.8338,0.8284,93.2,78.9,269.9,237.5,False
568,8,0,polyp,0.8095,0.8123,93.0,80.2,269.5,238.0,False
569,8,0,polyp,0.5297,0.7453,93.7,82.0,269.9,238.2,False
569,11,0,polyp,0.5130,0.5130,84.8,5.5,327.6,239.9,False
570,8,0,polyp,0.7580,0.7490,94.0,85.3,270.3,239.0,False
570,11,0,polyp,0.5170,0.5150,72.8,5.2,322.7,241.1,False
571,8,0,polyp,0.6704,0.7203,94.7,87.5,271.1,238.5,False
571,11,0,polyp,0.5170,0.5157,62.3,3.6,316.4,243.6,False
572,8,0,polyp,0.5783,0.6692,96.0,90.1,275.2,238.1,False
572,11,0,polyp,0.6330,0.5450,77.9,4.3,326.3,239.9,False
573,8,0,polyp,0.5783,0.6230,97.3,91.2,276.1,239.0,False
573,11,0,polyp,0.5669,0.5494,68.0,3.6,323.7,241.0,False
574,8,0,polyp,0.5783,0.6327,98.5,92.4,277.0,239.9,False
574,11,0,polyp,0.5669,0.5602,65.6,2.5,323.3,241.7,False
575,8,0,polyp,0.5783,0.5967,99.7,93.5,277.9,240.8,False
575,11,0,polyp,0.5669,0.5701,63.3,1.4,322.8,242.3,False
576,11,0,polyp,0.5669,0.5801,61.0,0.3,322.4,242.9,False
576,8,0,polyp,0.4627,0.4774,99.7,93.5,277.9,240.8,True
577,8,0,polyp,0.3701,0.3819,99.7,93.5,277.9,240.8,True
577,11,0,polyp,0.4535,0.4641,61.0,0.3,322.4,242.9,True
578,8,0,polyp,0.2961,0.3055,99.7,93.5,277.9,240.8,True
578,11,0,polyp,0.3628,0.3713,61.0,0.3,322.4,242.9,True
579,12,0,polyp,0.6961,0.6961,79.1,114.8,289.3,234.2,False
579,11,0,polyp,0.2902,0.2970,61.0,0.3,322.4,242.9,True
580,12,0,polyp,0.5799,0.6380,78.9,115.8,285.7,234.1,False
581,12,0,polyp,0.7140,0.6634,78.2,115.0,289.0,234.9,False
582,12,0,polyp,0.7084,0.6746,77.2,114.7,289.1,235.1,False
583,12,0,polyp,0.6471,0.6691,76.3,116.2,286.0,235.7,False
584,12,0,polyp,0.6141,0.6527,73.4,104.3,291.2,232.8,False
585,12,0,polyp,0.5627,0.6492,70.7,102.4,292.5,234.0,False
586,12,0,polyp,0.6129,0.6290,66.3,99.8,289.0,235.1,False
587,12,0,polyp,0.5066,0.5887,64.1,94.0,306.7,236.3,False
587,13,0,polyp,0.7259,0.7259,38.7,2.4,330.3,239.0,False
588,12,0,polyp,0.6412,0.5875,57.9,89.6,304.5,235.4,False
588,13,0,polyp,0.7259,0.7259,38.7,2.4,330.3,239.0,False
589,12,0,polyp,0.5160,0.5679,52.8,84.3,305.9,235.1,False
589,13,0,polyp,0.7259,0.7259,38.7,2.4,330.3,239.0,False
590,12,0,polyp,0.6652,0.5884,50.1,83.2,306.5,236.4,False
590,13,0,polyp,0.7259,0.7259,38.7,2.4,330.3,239.0,False
591,12,0,polyp,0.6830,0.6024,47.7,82.7,302.9,237.5,False
591,13,0,polyp,0.5807,0.5807,38.7,2.4,330.3,239.0,True
592,12,0,polyp,0.5151,0.6041,50.7,83.8,308.5,238.6,False
592,14,0,polyp,0.5308,0.5308,38.9,4.2,319.1,239.4,False
592,13,0,polyp,0.4646,0.4646,38.7,2.4,330.3,239.0,True
593,12,0,polyp,0.6046,0.5968,51.9,76.8,314.5,236.6,False
593,14,0,polyp,0.8047,0.6678,42.5,1.2,325.7,239.8,False
593,13,0,polyp,0.3717,0.3717,38.7,2.4,330.3,239.0,True
594,12,0,polyp,0.7067,0.6349,52.4,79.9,317.0,238.3,False
594,14,0,polyp,0.6406,0.6587,40.9,1.4,321.3,239.4,False
595,12,0,polyp,0.6991,0.6417,51.8,80.0,318.7,238.4,False
595,14,0,polyp,0.6406,0.6542,39.3,0.9,320.0,239.2,False
596,12,0,polyp,0.7222,0.6495,48.8,79.1,318.3,238.2,False
596,14,0,polyp,0.5667,0.6367,38.6,2.4,319.3,238.7,False
597,12,0,polyp,0.7087,0.6882,45.9,79.4,318.5,238.5,False
597,14,0,polyp,0.5761,0.6458,38.2,1.7,319.7,239.3,False
598,12,0,polyp,0.6149,0.6903,43.2,76.8,319.5,238.1,False
598,14,0,polyp,0.5803,0.6009,38.9,2.1,324.8,240.5,False
599,12,0,polyp,0.6494,0.6788,41.2,74.8,319.2,238.0,False
599,14,0,polyp,0.5085,0.5745,37.6,2.2,322.1,240.0,False
600,12,0,polyp,0.6038,0.6598,38.2,72.1,316.9,237.3,False
600,14,0,polyp,0.5085,0.5480,37.0,2.1,321.9,240.3,False
601,12,0,polyp,0.6320,0.6418,37.7,70.2,316.4,237.2,False
601,14,0,polyp,0.5085,0.5364,36.4,2.0,321.7,240.5,False
602,12,0,polyp,0.6300,0.6260,35.4,66.9,312.0,236.2,False
602,14,0,polyp,0.5085,0.5228,35.8,1.9,321.5,240.8,False
603,12,0,polyp,0.5080,0.6046,36.4,58.9,313.9,233.7,False
603,14,0,polyp,0.4068,0.4183,35.8,1.9,321.5,240.8,True
604,12,0,polyp,0.7367,0.6221,32.3,33.1,319.8,226.1,False
604,14,0,polyp,0.3254,0.3346,35.8,1.9,321.5,240.8,True
605,12,0,polyp,0.7367,0.6487,30.2,29.2,321.1,224.4,False
605,14,0,polyp,0.2603,0.2677,35.8,1.9,321.5,240.8,True
606,12,0,polyp,0.7359,0.6695,26.6,20.4,328.8,229.2,False
607,12,0,polyp,0.7281,0.6891,31.9,17.2,335.0,232.9,False
608,12,0,polyp,0.8032,0.7481,33.4,17.9,331.4,236.5,False
609,12,0,polyp,0.7981,0.7604,36.7,18.2,328.3,238.5,False
610,12,0,polyp,0.5839,0.7298,37.8,21.1,319.7,240.3,False
611,12,0,polyp,0.8361,0.7499,39.7,23.0,309.2,240.3,False
612,12,0,polyp,0.8444,0.7731,42.8,23.0,302.9,239.6,False
613,12,0,polyp,0.8414,0.7808,45.9,23.4,299.1,240.2,False
614,12,0,polyp,0.9003,0.8012,48.2,21.8,294.7,239.9,False
615,12,0,polyp,0.8313,0.8507,51.0,19.8,292.1,238.0,False
616,12,0,polyp,0.7992,0.8433,53.4,19.8,290.3,237.6,False
617,12,0,polyp,0.8665,0.8477,55.1,19.8,288.2,237.7,False
618,12,0,polyp,0.8852,0.8565,55.2,19.3,284.8,237.1,False
619,12,0,polyp,0.8993,0.8563,55.7,17.0,281.9,235.7,False
620,12,0,polyp,0.9052,0.8711,59.6,12.1,282.6,232.2,False
621,12,0,polyp,0.9162,0.8945,61.1,9.5,280.4,228.5,False
622,12,0,polyp,0.9121,0.9036,61.1,8.7,277.2,225.4,False
623,12,0,polyp,0.9021,0.9070,60.8,8.5,274.9,221.7,False
624,12,0,polyp,0.9257,0.9123,62.6,10.4,273.6,221.2,False
625,12,0,polyp,0.8817,0.9076,63.4,13.5,272.0,222.9,False
626,12,0,polyp,0.9026,0.9048,64.0,14.8,270.2,222.5,False
627,12,0,polyp,0.8985,0.9021,67.6,14.1,269.6,219.8,False
628,12,0,polyp,0.8938,0.9005,70.5,16.7,268.2,217.8,False
629,12,0,polyp,0.9096,0.8972,73.6,13.2,267.0,211.7,False
630,12,0,polyp,0.7326,0.8674,75.1,6.0,264.2,202.6,False
631,12,0,polyp,0.7568,0.8383,77.7,3.5,262.7,192.4,False
632,12,0,polyp,0.8963,0.8378,78.9,0.0,261.5,182.8,False
633,12,0,polyp,0.9328,0.8456,79.6,-0.3,259.8,177.5,False
634,12,0,polyp,0.6733,0.7984,79.8,-1.0,257.9,173.0,False
635,12,0,polyp,0.6733,0.7865,79.5,-3.7,257.8,170.4,False
636,12,0,polyp,0.6733,0.7698,79.3,-6.3,257.7,167.9,False
637,12,0,polyp,0.7630,0.7431,68.7,-1.4,240.7,163.7,False
638,12,0,polyp,0.7630,0.7092,67.4,-3.8,239.3,161.3,False
639,12,0,polyp,0.7630,0.7271,66.1,-6.1,238.0,158.9,False
640,12,0,polyp,0.5667,0.7058,58.8,-0.9,227.2,156.0,False
641,12,0,polyp,0.6629,0.7037,55.1,-0.6,219.4,150.5,False
642,12,0,polyp,0.5614,0.6634,52.8,-0.4,215.8,146.1,False
643,12,0,polyp,0.7443,0.6597,49.6,-0.5,209.8,142.0,False
644,12,0,polyp,0.8219,0.6714,48.7,-0.0,206.5,138.8,False
645,12,0,polyp,0.8154,0.7212,48.1,0.5,202.8,136.0,False
646,12,0,polyp,0.8268,0.7540,49.5,1.3,202.2,133.8,False
647,12,0,polyp,0.7695,0.7956,48.3,0.9,197.0,129.6,False
648,12,0,polyp,0.5100,0.7487,48.3,0.4,192.5,125.1,False
649,12,0,polyp,0.5100,0.6863,46.4,-1.3,189.9,122.8,False
650,12,0,polyp,0.6492,0.6531,48.9,1.5,189.3,122.6,False
651,12,0,polyp,0.7881,0.6453,49.9,3.8,188.6,124.9,False
652,12,0,polyp,0.8251,0.6565,50.1,6.0,187.5,129.5,False
653,12,0,polyp,0.5932,0.6731,52.7,8.5,194.5,137.0,False
654,12,0,polyp,0.8040,0.7319,52.2,10.9,196.6,145.8,False
655,12,0,polyp,0.7708,0.7562,50.1,14.4,198.2,154.8,False
656,12,0,polyp,0.6252,0.7237,46.2,16.5,199.0,163.2,False
657,12,0,polyp,0.7845,0.7155,42.5,16.6,198.9,169.2,False
658,12,0,polyp,0.7845,0.7538,41.6,18.0,197.7,170.4,False
659,12,0,polyp,0.7584,0.7447,37.8,30.8,201.6,205.2,False
660,12,0,polyp,0.7646,0.7435,36.5,29.5,204.5,218.3,False
661,12,0,polyp,0.8757,0.7935,34.1,19.4,205.6,212.9,False
662,12,0,polyp,0.8855,0.8138,34.1,14.4,207.4,211.2,False
663,12,0,polyp,0.8866,0.8342,33.9,11.8,208.5,211.4,False
664,12,0,polyp,0.8386,0.8502,33.0,11.7,208.5,212.6,False
665,12,0,polyp,0.8759,0.8725,32.7,10.5,208.4,211.8,False
666,12,0,polyp,0.8269,0.8627,32.0,8.8,207.8,210.3,False
667,12,0,polyp,0.7280,0.8312,32.8,7.4,206.9,208.8,False
668,12,0,polyp,0.8446,0.8228,32.3,6.5,206.0,206.9,False
669,12,0,polyp,0.8985,0.8348,33.0,6.5,206.8,206.7,False
670,12,0,polyp,0.8402,0.8276,32.9,7.3,206.5,207.4,False
671,12,0,polyp,0.8631,0.8349,32.6,7.1,205.5,206.8,False
672,12,0,polyp,0.8452,0.8583,33.4,9.7,205.4,205.8,False
673,12,0,polyp,0.7918,0.8477,34.2,7.6,205.6,201.2,False
674,12,0,polyp,0.8177,0.8316,34.5,10.3,205.3,203.8,False
675,12,0,polyp,0.8177,0.8271,34.2,10.6,205.2,204.3,False
676,12,0,polyp,0.8177,0.8180,33.9,11.0,205.1,204.8,False
677,12,0,polyp,0.5796,0.7649,45.0,8.6,281.3,218.8,False
678,12,0,polyp,0.5772,0.7219,35.2,13.3,265.0,223.3,False
679,12,0,polyp,0.5772,0.6738,36.9,14.2,267.3,224.8,False
680,12,0,polyp,0.8353,0.6774,47.8,27.2,269.9,235.0,False
681,12,0,polyp,0.7336,0.6606,50.8,33.0,270.3,238.4,False
682,12,0,polyp,0.7071,0.6861,52.4,39.6,270.9,240.0,False
683,12,0,polyp,0.7398,0.7186,50.3,42.0,258.7,240.2,False
683,15,0,polyp,0.6419,0.6419,31.1,3.8,341.9,236.0,False
684,12,0,polyp,0.5689,0.7169,53.8,44.3,272.0,240.5,False
684,15,0,polyp,0.6333,0.6376,33.5,3.6,337.2,236.7,False
685,12,0,polyp,0.5689,0.6637,55.6,46.3,274.3,243.0,False
685,15,0,polyp,0.6333,0.6362,33.8,5.0,334.6,235.8,False
686,12,0,polyp,0.5689,0.6307,57.4,48.4,276.5,245.4,False
686,15,0,polyp,0.5552,0.6159,13.6,-1.2,339.5,241.7,False
687,12,0,polyp,0.5689,0.6031,59.2,50.5,278.7,247.9,False
687,15,0,polyp,0.5865,0.6101,26.0,1.8,346.1,241.3,False
688,15,0,polyp,0.5865,0.5990,25.3,1.3,348.0,242.8,False
688,12,0,polyp,0.4551,0.4825,59.2,50.5,278.7,247.9,True
689,15,0,polyp,0.5865,0.5896,24.6,0.8,349.9,244.3,False
689,12,0,polyp,0.3641,0.3860,59.2,50.5,278.7,247.9,True
690,15,0,polyp,0.5865,0.5802,24.0,0.4,351.9,245.7,False
690,12,0,polyp,0.2913,0.3088,59.2,50.5,278.7,247.9,True
691,15,0,polyp,0.4692,0.4642,24.0,0.4,351.9,245.7,True
692,16,0,polyp,0.8169,0.8169,49.9,54.1,266.2,236.9,False
692,15,0,polyp,0.3754,0.3714,24.0,0.4,351.9,245.7,True
693,16,0,polyp,0.7839,0.8004,45.8,52.2,268.5,237.4,False
693,15,0,polyp,0.3003,0.2971,24.0,0.4,351.9,245.7,True
694,16,0,polyp,0.5101,0.7036,44.8,53.2,265.4,236.9,False
695,16,0,polyp,0.7681,0.7197,44.3,52.4,261.9,236.7,False
696,16,0,polyp,0.8362,0.7430,44.0,51.7,260.4,237.6,False
697,16,0,polyp,0.6894,0.7175,45.6,50.6,262.3,237.9,False
698,16,0,polyp,0.8201,0.7248,45.3,48.0,264.1,237.1,False
699,16,0,polyp,0.8833,0.7994,44.6,46.1,265.8,238.0,False
700,16,0,polyp,0.8674,0.8193,43.7,43.9,267.2,238.2,False
701,16,0,polyp,0.8801,0.8281,41.7,41.6,267.6,238.1,False
702,16,0,polyp,0.8582,0.8618,40.8,39.6,268.2,237.9,False
703,16,0,polyp,0.7918,0.8562,39.5,39.3,266.9,238.1,False
704,16,0,polyp,0.8541,0.8503,39.3,39.7,266.9,238.1,False
705,16,0,polyp,0.8264,0.8422,39.9,42.0,266.9,239.6,False
706,16,0,polyp,0.8386,0.8338,39.8,40.5,266.4,238.6,False
707,16,0,polyp,0.8898,0.8402,41.4,38.2,267.7,236.7,False
708,16,0,polyp,0.8838,0.8585,41.8,35.9,267.8,235.7,False
709,16,0,polyp,0.7423,0.8362,41.4,35.5,267.0,235.3,False
710,16,0,polyp,0.8966,0.8502,42.1,34.5,267.0,234.4,False
711,16,0,polyp,0.8795,0.8584,42.6,34.5,266.9,234.3,False
712,16,0,polyp,0.8008,0.8406,41.1,34.5,265.5,234.4,False
713,16,0,polyp,0.8923,0.8423,41.3,34.4,265.4,234.2,False
714,16,0,polyp,0.8823,0.8703,41.9,34.3,265.3,233.7,False
715,16,0,polyp,0.8288,0.8567,41.3,35.5,263.2,234.2,False
716,16,0,polyp,0.8865,0.8581,41.7,36.5,262.6,234.5,False
717,16,0,polyp,0.8940,0.8768,42.8,36.8,262.9,233.9,False
718,16,0,polyp,0.8525,0.8688,43.2,37.3,262.5,234.6,False
719,16,0,polyp,0.9154,0.8754,44.1,37.2,263.9,233.8,False
720,16,0,polyp,0.9018,0.8900,44.3,37.5,265.1,233.7,False
721,16,0,polyp,0.8303,0.8788,44.6,37.9,265.7,233.9,False
722,16,0,polyp,0.8890,0.8778,45.1,38.0,266.2,233.8,False
723,16,0,polyp,0.8746,0.8822,45.2,37.7,266.8,233.8,False
724,16,0,polyp,0.8534,0.8698,44.6,37.0,267.0,233.3,False
725,16,0,polyp,0.9080,0.8710,45.7,36.9,267.5,233.2,False
726,16,0,polyp,0.9063,0.8862,46.6,37.4,268.3,233.1,False
727,16,0,polyp,0.8316,0.8748,49.0,38.3,269.7,233.8,False
728,16,0,polyp,0.8813,0.8761,48.3,38.9,269.2,234.5,False
729,16,0,polyp,0.8528,0.8760,48.3,39.5,269.1,234.9,False
730,16,0,polyp,0.8504,0.8645,49.1,39.7,268.9,234.7,False
731,16,0,polyp,0.8605,0.8553,49.2,40.6,270.1,235.0,False
732,16,0,polyp,0.8482,0.8586,51.4,41.2,272.5,235.0,False
733,16,0,polyp,0.7680,0.8360,52.8,41.9,273.7,235.4,False
734,16,0,polyp,0.8623,0.8379,53.3,41.8,274.2,235.2,False
735,16,0,polyp,0.8306,0.8339,53.8,41.3,274.9,234.7,False
736,16,0,polyp,0.8112,0.8240,53.5,40.7,274.8,234.1,False
737,16,0,polyp,0.8874,0.8319,54.3,41.1,275.1,234.2,False
738,16,0,polyp,0.8460,0.8475,55.8,42.4,276.7,235.3,False
739,16,0,polyp,0.7899,0.8330,56.4,43.1,276.0,235.7,False
740,16,0,polyp,0.8365,0.8342,56.5,43.2,275.8,235.9,False
741,16,0,polyp,0.7776,0.8275,56.8,44.0,276.0,236.8,False
742,16,0,polyp,0.7948,0.8090,57.5,44.0,276.3,236.6,False
743,16,0,polyp,0.8496,0.8097,58.3,43.8,277.3,236.2,False
744,16,0,polyp,0.8423,0.8202,59.4,44.3,278.5,236.1,False
745,16,0,polyp,0.8254,0.8179,62.1,44.3,281.0,236.5,False
746,16,0,polyp,0.8484,0.8321,63.5,44.5,282.8,237.0,False
747,16,0,polyp,0.8521,0.8436,64.8,44.8,284.3,237.5,False
748,16,0,polyp,0.7356,0.8208,65.8,45.5,285.1,238.0,False
749,16,0,polyp,0.8717,0.8266,67.3,45.2,286.6,237.1,False
750,16,0,polyp,0.8642,0.8344,68.3,45.5,287.8,236.7,False
751,16,0,polyp,0.7385,0.8124,69.8,45.6,290.1,236.7,False
752,16,0,polyp,0.8177,0.8056,71.6,45.9,292.1,236.7,False
753,16,0,polyp,0.8287,0.8242,71.7,45.9,291.9,236.7,False
754,16,0,polyp,0.8028,0.8104,72.8,45.7,291.9,236.4,False
755,16,0,polyp,0.8353,0.8046,73.9,45.4,292.2,236.2,False
756,16,0,polyp,0.8360,0.8241,74.6,44.7,292.6,235.5,False
757,16,0,polyp,0.6833,0.7972,75.9,44.7,293.9,235.3,False
758,16,0,polyp,0.7852,0.7885,76.5,45.1,293.2,235.4,False
759,16,0,polyp,0.7971,0.7874,76.2,45.5,291.6,235.3,False
760,16,0,polyp,0.6844,0.7572,75.6,45.7,289.7,235.4,False
761,16,0,polyp,0.8566,0.7613,76.7,45.3,289.8,234.8,False
762,16,0,polyp,0.8328,0.7912,77.4,45.0,290.4,234.6,False
763,16,0,polyp,0.7844,0.7911,77.1,44.7,289.2,234.4,False
764,16,0,polyp,0.8761,0.8069,76.5,44.7,288.1,234.5,False
765,16,0,polyp,0.8542,0.8408,76.6,44.7,287.5,234.8,False
766,16,0,polyp,0.8127,0.8321,76.4,44.6,286.4,234.5,False
767,16,0,polyp,0.8960,0.8447,76.8,44.4,286.0,234.3,False
768,16,0,polyp,0.8939,0.8666,77.4,44.6,285.8,234.2,False
769,16,0,polyp,0.7316,0.8377,76.8,44.8,284.8,234.3,False
770,16,0,polyp,0.8692,0.8407,77.2,44.6,284.8,234.1,False
771,16,0,polyp,0.8648,0.8511,77.6,44.2,284.8,233.6,False
772,16,0,polyp,0.8011,0.8321,77.9,44.2,284.9,233.8,False
773,16,0,polyp,0.8628,0.8259,78.7,44.8,285.0,233.8,False
774,16,0,polyp,0.8238,0.8443,79.0,45.3,284.9,233.8,False
775,16,0,polyp,0.7157,0.8136,78.4,45.6,283.7,234.0,False
776,16,0,polyp,0.8547,0.8116,78.7,45.8,283.5,233.8,False
777,16,0,polyp,0.8434,0.8201,77.6,45.9,282.8,233.4,False
778,16,0,polyp,0.7361,0.7947,76.4,46.1,281.5,233.1,False
779,16,0,polyp,0.9115,0.8123,77.4,45.9,281.5,233.1,False
780,16,0,polyp,0.9149,0.8521,78.2,45.2,281.4,232.4,False
781,16,0,polyp,0.8277,0.8467,78.3,45.0,280.7,233.5,False
782,16,0,polyp,0.9268,0.8634,78.3,44.1,280.0,233.0,False
783,16,0,polyp,0.9019,0.8966,78.9,43.7,279.8,232.9,False
784,16,0,polyp,0.7750,0.8693,78.9,43.7,278.4,233.7,False
785,16,0,polyp,0.8985,0.8660,80.6,43.2,278.5,233.8,False
786,16,0,polyp,0.8938,0.8792,81.7,43.2,278.6,234.2,False
787,16,0,polyp,0.7710,0.8480,82.6,42.7,278.3,232.0,False
788,16,0,polyp,0.9380,0.8552,85.9,42.0,279.6,230.8,False
789,16,0,polyp,0.9535,0.8909,88.0,40.5,279.5,227.9,False
790,16,0,polyp,0.8134,0.8739,89.6,39.2,278.3,225.9,False
791,16,0,polyp,0.9572,0.8866,91.9,37.9,278.0,223.6,False
792,16,0,polyp,0.9579,0.9240,93.4,37.7,277.3,222.5,False
793,16,0,polyp,0.9308,0.9226,94.5,37.6,276.5,222.0,False
794,16,0,polyp,0.9511,0.9221,93.5,36.4,274.2,220.3,False
795,16,0,polyp,0.9517,0.9498,91.2,35.3,271.0,219.0,False
796,16,0,polyp,0.8816,0.9346,87.4,35.3,266.3,218.3,False
797,16,0,polyp,0.8296,0.9090,85.4,36.1,262.7,220.3,False
798,16,0,polyp,0.5911,0.8410,82.9,33.7,259.6,217.0,False
799,16,0,polyp,0.5911,0.7690,82.2,33.1,258.6,216.1,False
800,16,0,polyp,0.5911,0.6969,81.5,32.5,257.6,215.3,False
801,16,0,polyp,0.5911,0.6388,80.7,32.0,256.6,214.4,False
802,16,0,polyp,0.6942,0.6117,56.9,26.8,229.5,208.0,False
803,16,0,polyp,0.8277,0.6591,55.2,25.2,231.1,206.2,False
804,16,0,polyp,0.8825,0.7173,52.3,25.9,225.2,206.0,False
805,16,0,polyp,0.6942,0.7379,52.0,27.1,222.0,207.3,False
806,16,0,polyp,0.8384,0.7874,51.5,24.5,220.2,205.0,False
807,16,0,polyp,0.7840,0.8054,51.3,22.6,218.9,203.3,False
808,16,0,polyp,0.7840,0.7966,49.1,21.7,216.4,202.0,False
809,16,0,polyp,0.8394,0.7880,51.7,21.3,218.5,201.8,False
810,16,0,polyp,0.7930,0.8078,51.7,20.7,217.9,202.2,False
811,16,0,polyp,0.6360,0.7673,51.3,24.0,217.9,205.2,False
812,16,0,polyp,0.7459,0.7597,52.0,23.9,219.1,207.5,False
813,16,0,polyp,0.8604,0.7749,48.4,26.6,218.8,212.6,False
814,16,0,polyp,0.8421,0.7755,50.1,27.9,220.5,213.6,False
815,16,0,polyp,0.9168,0.8002,50.7,27.2,220.6,213.5,False
816,16,0,polyp,0.8960,0.8522,51.0,28.7,220.3,213.9,False
817,16,0,polyp,0.7871,0.8605,51.4,31.5,220.1,218.1,False
818,16,0,polyp,0.8893,0.8663,52.5,32.6,221.5,220.0,False
819,16,0,polyp,0.8833,0.8745,53.3,34.3,222.3,221.5,False
820,16,0,polyp,0.7852,0.8482,53.9,34.4,223.0,222.3,False
821,16,0,polyp,0.9279,0.8546,54.3,35.8,223.3,223.8,False
822,16,0,polyp,0.9192,0.8810,51.7,35.1,223.0,223.7,False
823,16,0,polyp,0.8321,0.8695,50.6,35.6,223.6,224.5,False
824,16,0,polyp,0.9230,0.8775,53.0,35.3,226.0,224.9,False
825,16,0,polyp,0.9034,0.9011,53.0,33.4,225.7,224.0,False
826,16,0,polyp,0.7844,0.8724,53.2,33.1,225.9,223.0,False
827,16,0,polyp,0.9075,0.8701,53.0,33.1,226.4,223.3,False
828,16,0,polyp,0.8879,0.8812,51.3,33.0,226.0,224.2,False
829,16,0,polyp,0.6982,0.8363,50.4,33.9,226.7,224.2,False
830,16,0,polyp,0.8914,0.8339,49.1,33.2,227.2,223.8,False
831,16,0,polyp,0.8591,0.8488,48.9,30.9,227.0,220.7,False
832,16,0,polyp,0.7225,0.8118,51.6,32.6,228.9,222.3,False
833,16,0,polyp,0.9408,0.8224,53.9,34.0,231.0,224.1,False
834,16,0,polyp,0.9195,0.8667,52.4,33.5,230.6,223.2,False
835,16,0,polyp,0.8623,0.8609,51.2,35.0,229.6,224.3,False
836,16,0,polyp,0.9309,0.8752,54.9,37.7,231.7,226.5,False
837,16,0,polyp,0.7167,0.8740,53.4,38.8,231.6,228.1,False
838,16,0,polyp,0.8496,0.8558,54.2,40.4,232.2,228.7,False
839,16,0,polyp,0.9327,0.8584,55.1,41.5,233.3,229.7,False
840,16,0,polyp,0.9121,0.8684,55.2,42.1,233.8,230.6,False
841,16,0,polyp,0.7628,0.8348,54.7,44.0,234.5,231.3,False
842,16,0,polyp,0.8914,0.8697,52.8,42.7,234.0,230.0,False
843,16,0,polyp,0.8824,0.8763,53.4,43.9,234.7,230.5,False
844,16,0,polyp,0.8526,0.8603,51.4,42.9,234.1,230.1,False
845,16,0,polyp,0.9278,0.8634,52.1,41.9,235.4,228.9,False
846,16,0,polyp,0.9270,0.8963,52.9,41.8,236.7,229.7,False
847,16,0,polyp,0.8669,0.8914,54.1,40.6,237.9,229.3,False
848,16,0,polyp,0.9165,0.8982,52.2,39.7,236.7,229.2,False
849,16,0,polyp,0.9206,0.9118,53.2,38.4,237.5,229.0,False
850,16,0,polyp,0.8739,0.9010,51.1,37.3,236.4,228.7,False
851,16,0,polyp,0.9483,0.9052,52.3,35.2,236.8,226.6,False
852,16,0,polyp,0.9427,0.9204,52.2,34.9,236.6,226.5,False
853,16,0,polyp,0.8464,0.9064,52.4,35.1,236.3,226.6,False
854,16,0,polyp,0.9439,0.9110,54.0,33.2,236.8,225.2,False
855,16,0,polyp,0.9354,0.9233,54.8,32.6,237.3,224.5,False
856,16,0,polyp,0.9276,0.9192,56.6,33.7,238.8,225.5,False
857,16,0,polyp,0.9415,0.9189,57.4,34.8,239.4,226.6,False
858,16,0,polyp,0.9301,0.9357,57.5,36.0,239.5,228.3,False
859,16,0,polyp,0.7991,0.9067,55.0,37.4,237.9,229.2,False
860,16,0,polyp,0.9327,0.9062,56.1,38.2,237.9,229.6,False
861,16,0,polyp,0.9269,0.9061,56.1,38.5,236.9,229.1,False
862,16,0,polyp,0.8804,0.8939,56.3,38.7,236.6,227.9,False
863,16,0,polyp,0.9395,0.8957,57.7,39.8,238.3,229.0,False
864,16,0,polyp,0.9074,0.9174,59.1,39.1,239.7,229.5,False
865,16,0,polyp,0.8645,0.9038,59.9,38.8,240.2,229.4,False
866,16,0,polyp,0.9133,0.9010,61.4,38.8,241.2,229.4,False
867,16,0,polyp,0.9236,0.9097,62.5,39.2,241.6,229.6,False
868,16,0,polyp,0.8875,0.8993,64.1,38.9,241.3,228.4,False
869,16,0,polyp,0.9173,0.9012,65.6,39.1,241.6,226.6,False
870,16,0,polyp,0.9398,0.9163,66.7,39.1,241.9,225.4,False
871,16,0,polyp,0.8115,0.8959,67.1,40.2,242.0,225.6,False
872,16,0,polyp,0.9280,0.8968,66.9,40.8,242.7,224.9,False
873,16,0,polyp,0.9333,0.9060,66.3,40.7,242.8,224.9,False
874,16,0,polyp,0.9001,0.9025,65.9,38.9,242.2,224.1,False
875,16,0,polyp,0.9271,0.9000,65.6,36.3,242.1,222.2,False
876,16,0,polyp,0.9416,0.9260,65.1,36.0,242.1,222.5,False
877,16,0,polyp,0.9005,0.9205,65.5,37.3,242.1,223.8,False
878,16,0,polyp,0.9393,0.9217,65.1,40.8,242.3,226.8,False
879,16,0,polyp,0.9209,0.9259,64.7,40.0,241.6,225.6,False
880,16,0,polyp,0.8854,0.9175,66.3,40.9,242.9,226.9,False
881,16,0,polyp,0.9299,0.9152,68.3,42.1,245.3,227.7,False
882,16,0,polyp,0.9060,0.9163,68.4,42.8,246.5,227.3,False
883,16,0,polyp,0.8616,0.9008,68.5,43.8,248.9,228.4,False
884,16,0,polyp,0.8949,0.8956,67.9,43.9,250.3,227.7,False
885,16,0,polyp,0.9161,0.9017,67.8,44.7,250.9,229.3,False
886,16,0,polyp,0.8858,0.8929,67.5,44.6,251.3,229.9,False
887,16,0,polyp,0.9114,0.8940,67.4,44.1,251.8,229.2,False
888,16,0,polyp,0.8763,0.8969,69.1,43.9,251.9,229.8,False
889,16,0,polyp,0.8763,0.8932,69.6,44.2,252.3,230.0,False
890,16,0,polyp,0.8763,0.8852,70.1,44.4,252.7,230.2,False
891,16,0,polyp,0.8763,0.8833,70.6,44.7,253.2,230.4,False
892,16,0,polyp,0.7010,0.7066,70.6,44.7,253.2,230.4,True
893,17,0,polyp,0.7427,0.7427,71.4,43.1,245.0,224.9,False
893,16,0,polyp,0.5608,0.5653,70.6,44.7,253.2,230.4,True
894,17,0,polyp,0.7646,0.7537,71.8,44.5,242.8,225.3,False
894,16,0,polyp,0.4487,0.4523,70.6,44.7,253.2,230.4,True
895,17,0,polyp,0.6364,0.7146,71.4,44.3,239.7,222.5,False
896,17,0,polyp,0.7718,0.7289,72.7,43.2,243.5,222.0,False
897,17,0,polyp,0.6810,0.7193,72.5,43.4,246.5,224.6,False
898,17,0,polyp,0.8242,0.7356,71.0,44.0,242.2,224.0,False
899,17,0,polyp,0.8090,0.7445,72.0,46.3,242.3,224.7,False
900,17,0,polyp,0.7893,0.7751,74.5,49.3,246.1,227.0,False
901,17,0,polyp,0.7893,0.7786,75.2,50.1,246.5,227.6,False
902,17,0,polyp,0.7893,0.8002,75.9,51.0,247.0,228.2,False
903,17,0,polyp,0.6847,0.7723,78.4,53.1,247.1,229.3,False
904,17,0,polyp,0.5707,0.7247,79.7,55.3,246.3,230.1,False
905,17,0,polyp,0.9084,0.7485,81.3,57.7,245.7,230.5,False
906,17,0,polyp,0.8451,0.7597,83.2,59.2,245.9,230.5,False
907,17,0,polyp,0.7412,0.7500,85.2,61.1,245.1,230.1,False
908,17,0,polyp,0.8087,0.7748,86.7,62.4,245.3,229.3,False
909,17,0,polyp,0.7920,0.8191,87.6,63.5,245.9,229.3,False
910,17,0,polyp,0.7586,0.7891,87.7,63.9,245.8,229.8,False
911,17,0,polyp,0.7754,0.7752,88.8,64.4,248.1,229.7,False
912,17,0,polyp,0.8796,0.8029,89.0,64.6,249.3,229.9,False
913,17,0,polyp,0.6551,0.7721,88.9,65.9,250.1,230.9,False
914,17,0,polyp,0.8031,0.7744,88.6,66.3,250.3,230.8,False
915,17,0,polyp,0.7814,0.7789,88.3,65.8,251.4,231.1,False
916,17,0,polyp,0.7873,0.7813,86.9,63.8,250.9,230.0,False
917,17,0,polyp,0.8462,0.7746,85.3,61.0,250.8,229.3,False
918,17,0,polyp,0.8874,0.8211,83.3,57.9,250.2,227.9,False
919,17,0,polyp,0.7974,0.8199,81.3,56.0,248.6,228.2,False
920,17,0,polyp,0.8993,0.8435,80.3,52.9,248.2,226.3,False
921,17,0,polyp,0.8935,0.8648,79.0,50.0,247.3,224.6,False
922,17,0,polyp,0.8387,0.8632,77.6,47.3,246.5,223.7,False
923,17,0,polyp,0.8271,0.8512,77.3,45.4,247.1,223.2,False
924,17,0,polyp,0.8399,0.8597,76.4,42.5,246.3,222.3,False
925,17,0,polyp,0.7127,0.8224,76.2,43.3,246.1,223.8,False
926,17,0,polyp,0.5528,0.7542,78.1,43.4,248.8,225.7,False
927,17,0,polyp,0.5528,0.6971,78.0,43.0,248.7,225.3,False
928,17,0,polyp,0.5528,0.6422,78.0,42.5,248.7,224.9,False
929,17,0,polyp,0.5528,0.5848,77.9,42.0,248.7,224.4,False
930,17,0,polyp,0.4422,0.4678,77.9,42.0,248.7,224.4,True
931,17,0,polyp,0.3538,0.3743,77.9,42.0,248.7,224.4,True
932,18,0,polyp,0.6508,0.6508,138.1,49.1,315.9,233.2,False
932,17,0,polyp,0.2830,0.2994,77.9,42.0,248.7,224.4,True
933,18,0,polyp,0.9151,0.7829,139.7,51.6,305.6,226.7,False
934,18,0,polyp,0.7107,0.7589,141.3,53.9,306.5,229.1,False
935,18,0,polyp,0.9011,0.7944,143.4,55.6,309.0,229.8,False
936,18,0,polyp,0.8694,0.8094,145.2,58.0,310.3,229.4,False
937,18,0,polyp,0.7162,0.8225,142.6,60.1,309.4,230.8,False
938,18,0,polyp,0.8800,0.8155,138.0,61.7,308.0,233.1,False
939,18,0,polyp,0.8326,0.8399,131.8,63.9,304.0,234.2,False
940,18,0,polyp,0.8326,0.8262,130.9,65.7,302.6,235.5,False
941,18,0,polyp,0.8732,0.8269,121.5,69.1,297.1,235.7,False
942,18,0,polyp,0.9071,0.8651,116.8,71.4,294.4,235.7,False
943,18,0,polyp,0.7190,0.8329,113.3,73.5,292.3,236.2,False
944,18,0,polyp,0.8230,0.8310,109.1,75.0,290.4,236.6,False
944,19,0,polyp,0.5042,0.5042,94.7,5.0,325.0,234.9,False
945,18,0,polyp,0.6790,0.8003,103.5,76.3,287.2,236.6,False
945,19,0,polyp,0.5042,0.5042,94.7,5.0,325.0,234.9,False
946,18,0,polyp,0.6790,0.7614,101.0,77.8,284.4,237.9,False
946,19,0,polyp,0.5042,0.5042,94.7,5.0,325.0,234.9,False
947,18,0,polyp,0.7306,0.7261,95.9,79.4,282.9,237.4,False
947,19,0,polyp,0.5042,0.5042,94.7,5.0,325.0,234.9,False
948,18,0,polyp,0.7395,0.7302,91.7,80.9,282.5,237.0,False
948,19,0,polyp,0.4034,0.4034,94.7,5.0,325.0,234.9,True
949,18,0,polyp,0.7395,0.7135,89.0,82.1,279.7,238.2,False
949,19,0,polyp,0.3227,0.3227,94.7,5.0,325.0,234.9,True
950,18,0,polyp,0.7043,0.7186,87.2,81.0,282.2,236.6,False
950,19,0,polyp,0.2582,0.2582,94.7,5.0,325.0,234.9,True
951,18,0,polyp,0.6557,0.7139,86.1,81.9,283.2,236.6,False
952,18,0,polyp,0.6557,0.6989,83.9,82.8,281.1,237.5,False
953,18,0,polyp,0.5452,0.6601,81.7,82.9,282.8,236.8,False
954,18,0,polyp,0.7098,0.6541,81.2,85.7,282.5,237.0,False
955,18,0,polyp,0.7098,0.6552,79.4,86.6,280.7,237.9,False
956,18,0,polyp,0.7098,0.6660,77.5,87.5,278.9,238.8,False
957,18,0,polyp,0.5767,0.6502,62.8,33.9,306.0,223.4,False
958,18,0,polyp,0.5767,0.6566,60.7,31.0,305.8,222.0,False
959,18,0,polyp,0.5844,0.6315,54.3,17.2,321.3,228.4,False
960,18,0,polyp,0.6623,0.6220,48.3,11.0,325.5,232.3,False
961,18,0,polyp,0.6623,0.6125,46.2,7.7,326.2,231.3,False
962,18,0,polyp,0.6508,0.6273,43.3,6.1,331.7,235.7,False
963,18,0,polyp,0.5852,0.6290,41.9,5.0,331.2,237.5,False
964,18,0,polyp,0.5280,0.6177,42.3,4.0,336.0,238.9,False
965,18,0,polyp,0.5176,0.5888,40.0,2.4,334.3,239.4,False
966,18,0,polyp,0.5176,0.5598,38.2,-0.1,335.3,239.1,False
967,18,0,polyp,0.5176,0.5332,36.4,-2.7,336.2,238.8,False
968,18,0,polyp,0.5176,0.5197,34.7,-5.2,337.1,238.5,False
969,18,0,polyp,0.4141,0.4158,34.7,-5.2,337.1,238.5,True
970,18,0,polyp,0.3313,0.3326,34.7,-5.2,337.1,238.5,True
971,18,0,polyp,0.2650,0.2661,34.7,-5.2,337.1,238.5,True
972,20,0,polyp,0.5177,0.5177,107.6,113.7,312.9,234.8,False
973,20,0,polyp,0.5177,0.5177,107.6,113.7,312.9,234.8,False
974,20,0,polyp,0.5130,0.5162,113.1,103.9,319.2,233.3,False
975,20,0,polyp,0.6394,0.5470,115.7,107.1,317.6,234.8,False
976,20,0,polyp,0.6394,0.5655,116.8,107.2,319.5,235.3,False
977,20,0,polyp,0.8047,0.6228,114.5,98.4,319.7,232.8,False
978,20,0,polyp,0.7399,0.6673,113.2,94.2,315.6,232.0,False
979,20,0,polyp,0.6432,0.6933,115.6,90.9,319.2,232.0,False
980,20,0,polyp,0.7747,0.7204,111.6,88.0,306.3,230.4,False
981,20,0,polyp,0.7582,0.7441,114.8,84.4,312.4,230.4,False
982,20,0,polyp,0.6329,0.7098,116.6,81.7,317.1,230.3,False
983,20,0,polyp,0.6982,0.7014,117.6,81.5,319.9,232.1,False
984,20,0,polyp,0.6541,0.7036,118.4,82.6,320.9,233.8,False
985,20,0,polyp,0.6601,0.6807,119.4,82.8,321.9,234.1,False
986,20,0,polyp,0.5378,0.6366,114.6,78.5,320.9,233.4,False
987,20,0,polyp,0.7249,0.6550,108.5,73.7,320.6,233.4,False
988,20,0,polyp,0.6900,0.6534,101.9,70.9,310.8,233.1,False
989,20,0,polyp,0.6668,0.6559,97.7,70.0,308.2,233.9,False
990,20,0,polyp,0.5290,0.6297,91.9,70.1,311.1,235.4,False
991,20,0,polyp,0.5290,0.6279,89.7,68.4,310.8,235.2,False
992,20,0,polyp,0.5737,0.5977,71.3,67.5,299.3,236.7,False
993,20,0,polyp,0.5319,0.5661,64.8,64.3,299.9,235.7,False
994,20,0,polyp,0.5331,0.5393,54.1,63.2,279.9,235.9,False
995,20,0,polyp,0.5442,0.5424,51.2,62.9,278.3,236.9,False
996,20,0,polyp,0.5200,0.5406,42.5,64.1,265.6,238.0,False
997,20,0,polyp,0.5200,0.5298,37.4,62.8,262.2,238.0,False
998,20,0,polyp,0.6274,0.5489,47.0,27.2,302.6,227.1,False
999,20,0,polyp,0.6323,0.5688,43.9,14.9,315.6,228.2,False
1000,20,0,polyp,0.7251,0.6049,39.2,8.1,322.4,230.6,False
1001,20,0,polyp,0.7699,0.6549,37.7,4.4,330.4,233.6,False
1002,20,0,polyp,0.6015,0.6712,31.3,2.1,326.1,235.4,False
1003,20,0,polyp,0.6581,0.6774,26.2,0.3,327.8,236.9,False
1004,20,0,polyp,0.6456,0.6800,31.2,0.6,337.3,238.3,False
1004,21,0,polyp,0.6260,0.6260,28.8,62.8,259.4,236.0,False
1005,20,0,polyp,0.6503,0.6651,31.6,0.0,341.5,237.5,False
1005,21,0,polyp,0.6260,0.6260,28.8,62.8,259.4,236.0,False
1006,20,0,polyp,0.5903,0.6291,29.7,0.0,342.6,237.3,False
1006,21,0,polyp,0.5021,0.5847,27.5,61.6,259.5,235.8,False
1007,20,0,polyp,0.7261,0.6541,28.1,1.3,339.3,239.2,False
1007,21,0,polyp,0.5059,0.5650,27.8,61.7,254.5,235.4,False
1008,20,0,polyp,0.5585,0.6341,30.3,0.8,342.8,238.2,False
1008,21,0,polyp,0.5242,0.5568,30.5,61.1,252.9,234.8,False
1009,20,0,polyp,0.5623,0.6175,30.9,0.8,344.5,237.8,False
1009,21,0,polyp,0.5080,0.5332,31.8,60.9,252.0,234.7,False
1010,20,0,polyp,0.6844,0.6243,30.6,1.4,344.4,239.3,False
1010,21,0,polyp,0.5080,0.5096,32.1,61.0,251.0,234.0,False
1011,20,0,polyp,0.5378,0.6138,21.5,1.6,341.8,240.5,False
1011,21,0,polyp,0.5324,0.5157,30.0,59.0,252.4,236.3,False
1012,20,0,polyp,0.5371,0.5760,16.1,1.6,341.6,241.1,False
1012,21,0,polyp,0.5273,0.5200,29.3,58.1,252.9,237.1,False
1013,20,0,polyp,0.5371,0.5717,14.0,-0.2,342.4,241.4,False
1013,21,0,polyp,0.7054,0.5562,29.5,59.2,251.7,238.1,False
1014,20,0,polyp,0.5371,0.5667,11.9,-2.0,343.2,241.7,False
1014,21,0,polyp,0.7053,0.5957,29.3,59.4,250.8,238.4,False
1015,20,0,polyp,0.6529,0.5604,17.1,-0.9,350.2,242.0,False
1015,21,0,polyp,0.7053,0.6351,28.9,59.5,250.5,238.5,False
1016,20,0,polyp,0.6841,0.5896,24.3,0.1,353.6,242.0,False
1016,21,0,polyp,0.5506,0.6388,29.0,65.2,247.7,239.1,False
1017,20,0,polyp,0.6446,0.6112,27.0,0.2,353.3,241.6,False
1017,21,0,polyp,0.6275,0.6588,29.6,67.2,246.4,238.4,False
1018,20,0,polyp,0.6446,0.6327,26.2,-1.3,355.1,242.0,False
1018,21,0,polyp,0.7105,0.6599,30.5,69.7,245.7,238.3,False
1019,20,0,polyp,0.6466,0.6546,29.2,-0.1,353.8,241.9,False
1019,21,0,polyp,0.7359,0.6660,31.6,71.6,246.4,238.3,False
1020,20,0,polyp,0.5887,0.6417,29.9,0.1,351.6,241.2,False
1020,21,0,polyp,0.7453,0.6740,31.6,72.3,246.5,237.8,False
1021,20,0,polyp,0.5865,0.6222,13.9,0.2,344.3,241.0,False
1021,21,0,polyp,0.7453,0.7129,31.8,73.2,245.8,238.0,False
1022,20,0,polyp,0.7350,0.6403,8.9,1.1,341.6,241.7,False
1022,21,0,polyp,0.7453,0.7365,32.0,74.1,245.1,238.2,False
1023,20,0,polyp,0.7350,0.6584,6.8,0.0,341.8,242.3,False
1023,21,0,polyp,0.7453,0.7435,32.2,75.0,244.4,238.3,False
1024,20,0,polyp,0.5036,0.6298,4.9,1.0,341.5,242.4,False
1024,21,0,polyp,0.5963,0.5948,32.2,75.0,244.4,238.3,True
1025,20,0,polyp,0.5036,0.6127,2.8,0.0,341.7,243.0,False
1025,22,0,polyp,0.7639,0.7639,38.1,106.8,191.0,237.1,False
1025,21,0,polyp,0.4770,0.4758,32.2,75.0,244.4,238.3,True
1026,20,0,polyp,0.5036,0.5962,0.6,-1.0,341.8,243.6,False
1026,22,0,polyp,0.6808,0.7224,37.2,104.8,193.7,237.5,False
1026,21,0,polyp,0.3816,0.3807,32.2,75.0,244.4,238.3,True
1027,20,0,polyp,0.5036,0.5499,-1.5,-2.0,342.0,244.3,False
1027,22,0,polyp,0.6431,0.6959,35.7,104.8,193.0,238.1,False
1028,20,0,polyp,0.5689,0.5167,18.5,1.1,343.1,243.1,False
1028,22,0,polyp,0.6187,0.6766,37.1,104.0,196.8,237.9,False
1029,20,0,polyp,0.5267,0.5213,24.7,1.7,341.8,242.4,False
1029,22,0,polyp,0.5560,0.6525,36.6,103.3,196.5,237.7,False
1030,20,0,polyp,0.5030,0.5212,20.8,0.7,336.9,241.6,False
1030,22,0,polyp,0.6125,0.6222,35.4,102.9,193.2,237.1,False
1031,20,0,polyp,0.7301,0.5665,23.8,1.3,333.7,241.7,False
1031,22,0,polyp,0.6125,0.6086,34.9,102.3,193.3,237.1,False
1032,20,0,polyp,0.6937,0.6045,23.2,2.0,328.6,241.9,False
1032,22,0,polyp,0.5449,0.5889,35.3,102.7,190.9,237.0,False
1033,20,0,polyp,0.5149,0.5937,23.8,2.2,334.2,241.9,False
1033,22,0,polyp,0.6853,0.6023,34.9,101.9,188.9,236.9,False
1034,20,0,polyp,0.7940,0.6471,28.2,2.3,337.3,241.8,False
1034,22,0,polyp,0.6853,0.6281,34.4,101.5,188.5,236.6,False
1035,20,0,polyp,0.7979,0.7061,25.9,2.2,336.5,241.3,False
1035,22,0,polyp,0.6853,0.6427,33.8,101.2,188.0,236.4,False
1036,20,0,polyp,0.7998,0.7201,27.0,0.7,337.9,238.8,False
1036,22,0,polyp,0.6853,0.6572,33.2,100.9,187.6,236.2,False
1037,20,0,polyp,0.8108,0.7435,31.2,1.8,341.7,239.4,False
1037,22,0,polyp,0.5483,0.5258,33.2,100.9,187.6,236.2,True
1038,20,0,polyp,0.7468,0.7899,32.2,0.8,342.0,237.7,False
1038,22,0,polyp,0.4386,0.4206,33.2,100.9,187.6,236.2,True
1039,20,0,polyp,0.7609,0.7832,31.9,0.7,343.3,237.1,False
1039,23,0,polyp,0.5899,0.5899,32.0,71.3,231.6,236.8,False
1039,22,0,polyp,0.3509,0.3365,33.2,100.9,187.6,236.2,True
1040,20,0,polyp,0.8537,0.7944,32.6,1.6,343.6,237.6,False
1040,23,0,polyp,0.5899,0.5899,32.0,71.3,231.6,236.8,False
1041,20,0,polyp,0.6852,0.7715,33.1,1.9,344.2,238.0,False
1041,23,0,polyp,0.5300,0.5699,32.5,67.6,236.1,237.4,False
1042,20,0,polyp,0.6262,0.7346,33.6,1.9,345.2,237.8,False
1042,23,0,polyp,0.5292,0.5597,32.3,66.2,239.3,237.7,False
1043,20,0,polyp,0.6262,0.7104,33.4,1.3,346.4,238.2,False
1043,23,0,polyp,0.6001,0.5678,30.5,65.2,239.3,236.6,False
1044,20,0,polyp,0.6262,0.6835,33.3,0.6,347.6,238.6,False
1044,23,0,polyp,0.6068,0.5712,32.5,67.4,240.1,238.4,False
1045,20,0,polyp,0.6082,0.6344,32.5,1.9,348.7,238.3,False
1045,23,0,polyp,0.6327,0.5798,33.1,68.5,238.7,238.8,False
1046,20,0,polyp,0.6011,0.6176,33.9,2.1,350.0,239.3,False
1046,23,0,polyp,0.6327,0.6003,33.2,68.5,239.5,239.4,False
1047,20,0,polyp,0.7295,0.6382,32.6,1.8,347.5,239.0,False
1047,23,0,polyp,0.6327,0.6210,33.4,68.5,240.2,239.9,False
1048,20,0,polyp,0.6715,0.6473,25.5,1.5,343.2,238.0,False
1048,23,0,polyp,0.6327,0.6275,33.5,68.5,241.0,240.4,False
1049,20,0,polyp,0.7158,0.6652,29.1,0.8,344.3,236.6,False
1049,23,0,polyp,0.5150,0.6092,32.2,76.7,232.9,237.8,False
1050,20,0,polyp,0.6557,0.6747,30.4,0.8,344.3,236.1,False
1050,23,0,polyp,0.5662,0.5959,31.6,78.0,224.0,235.9,False
1051,20,0,polyp,0.6557,0.6856,29.8,0.1,345.0,236.4,False
1051,23,0,polyp,0.5942,0.5882,32.2,78.7,219.5,235.1,False
1052,20,0,polyp,0.6557,0.6709,29.3,-0.5,345.7,236.6,False
1052,23,0,polyp,0.6387,0.5894,33.6,78.4,218.7,234.4,False
1053,20,0,polyp,0.6557,0.6677,28.8,-1.2,346.4,236.9,False
1053,23,0,polyp,0.7185,0.6065,34.0,77.3,217.4,234.0,False
1054,23,0,polyp,0.6936,0.6423,34.8,75.4,218.0,233.5,False
1054,20,0,polyp,0.5246,0.5342,28.8,-1.2,346.4,236.9,True
1055,23,0,polyp,0.7352,0.6761,33.8,73.3,218.1,232.7,False
1055,20,0,polyp,0.4197,0.4273,28.8,-1.2,346.4,236.9,True
1056,23,0,polyp,0.6809,0.6934,35.8,70.1,226.1,232.4,False
1056,20,0,polyp,0.3357,0.3419,28.8,-1.2,346.4,236.9,True
1057,23,0,polyp,0.6558,0.6968,33.5,67.3,223.6,231.8,False
1058,23,0,polyp,0.6804,0.6892,35.2,66.6,228.5,232.8,False
1059,23,0,polyp,0.5692,0.6643,35.1,66.2,230.5,233.6,False
1059,24,0,polyp,0.6062,0.6062,35.3,4.5,341.5,234.5,False
1060,23,0,polyp,0.6116,0.6396,33.0,65.6,226.6,233.2,False
1060,24,0,polyp,0.6062,0.6062,35.3,4.5,341.5,234.5,False
1061,23,0,polyp,0.7235,0.6481,32.6,65.4,226.8,232.9,False
1061,24,0,polyp,0.6062,0.6062,35.3,4.5,341.5,234.5,False
1062,23,0,polyp,0.6793,0.6528,32.1,65.5,225.7,233.0,False
1062,24,0,polyp,0.6062,0.6062,35.3,4.5,341.5,234.5,False
1063,23,0,polyp,0.6329,0.6433,32.0,64.4,226.1,232.6,False
1063,24,0,polyp,0.5028,0.5855,29.3,3.7,342.9,235.0,False
1064,23,0,polyp,0.6805,0.6656,33.9,64.3,230.2,232.9,False
1064,24,0,polyp,0.5028,0.5648,28.1,3.2,342.9,235.4,False
1065,23,0,polyp,0.6731,0.6779,34.6,64.4,236.6,234.7,False
1065,24,0,polyp,0.6621,0.5760,31.6,4.3,342.3,236.2,False
1066,23,0,polyp,0.6614,0.6655,36.4,66.4,240.9,234.6,False
1066,24,0,polyp,0.6621,0.5872,31.3,4.4,342.6,236.6,False
1067,23,0,polyp,0.6442,0.6584,42.8,68.0,250.9,234.8,False
1067,24,0,polyp,0.6378,0.5935,35.2,3.3,346.7,235.2,False
1068,23,0,polyp,0.6442,0.6607,44.1,68.0,252.3,234.8,False
1068,24,0,polyp,0.6378,0.6205,35.8,3.1,347.7,235.2,False
1069,23,0,polyp,0.6442,0.6534,45.4,67.9,253.7,234.9,False
1069,24,0,polyp,0.6378,0.6475,36.4,2.9,348.7,235.3,False
1070,23,0,polyp,0.8472,0.6883,85.4,73.8,294.5,236.5,False
1070,24,0,polyp,0.6378,0.6427,37.0,2.7,349.7,235.4,False
1071,23,0,polyp,0.8005,0.7161,92.2,74.7,301.7,235.8,False
1071,24,0,polyp,0.5102,0.5141,37.0,2.7,349.7,235.4,True
1072,23,0,polyp,0.8319,0.7536,94.7,74.9,304.5,235.4,False
1072,24,0,polyp,0.4082,0.4113,37.0,2.7,349.7,235.4,True
1073,23,0,polyp,0.7988,0.7845,95.7,75.1,305.9,235.4,False
1073,24,0,polyp,0.3265,0.3290,37.0,2.7,349.7,235.4,True
1074,23,0,polyp,0.8176,0.8192,96.5,75.2,306.4,235.2,False
1075,23,0,polyp,0.7779,0.8053,97.9,76.1,307.0,235.4,False
1076,23,0,polyp,0.7673,0.7987,98.6,76.4,306.8,235.4,False
1077,23,0,polyp,0.7607,0.7845,98.7,76.4,305.9,235.2,False
1078,23,0,polyp,0.7470,0.7741,98.3,76.4,305.2,235.2,False
1079,23,0,polyp,0.7566,0.7619,99.3,75.9,305.7,235.0,False
1080,23,0,polyp,0.7801,0.7623,99.8,75.3,305.8,234.3,False
1081,23,0,polyp,0.7069,0.7502,100.2,75.2,305.9,234.0,False
1082,23,0,polyp,0.7354,0.7452,100.3,75.0,304.5,233.6,False
1083,23,0,polyp,0.7471,0.7452,99.9,74.9,303.4,233.2,False
1084,23,0,polyp,0.7397,0.7418,101.1,75.2,305.3,233.7,False
1085,23,0,polyp,0.7762,0.7411,100.5,76.2,302.4,234.3,False
1086,23,0,polyp,0.6540,0.7305,101.7,74.4,307.6,234.2,False
1087,23,0,polyp,0.6540,0.7142,103.2,74.5,309.1,234.1,False
1088,23,0,polyp,0.7317,0.7111,94.8,62.9,309.4,231.9,False
1089,23,0,polyp,0.8384,0.7309,89.4,55.6,310.2,231.0,False
1090,23,0,polyp,0.7709,0.7298,87.1,51.7,312.3,230.7,False
1091,23,0,polyp,0.7455,0.7481,84.3,50.8,314.3,232.6,False
1092,23,0,polyp,0.7842,0.7741,80.8,49.7,313.5,232.6,False
1093,23,0,polyp,0.5556,0.7389,79.8,49.5,315.5,233.9,False
1094,23,0,polyp,0.6538,0.7020,77.1,48.8,314.7,233.8,False
1095,23,0,polyp,0.6207,0.6720,75.3,48.3,314.8,234.5,False
1096,23,0,polyp,0.5361,0.6301,77.0,47.3,317.3,234.5,False
1097,23,0,polyp,0.7067,0.6146,76.6,45.5,316.2,233.3,False
1098,23,0,polyp,0.6544,0.6344,77.4,44.6,316.3,233.1,False
1099,23,0,polyp,0.6476,0.6331,77.2,44.4,316.0,232.7,False
1100,23,0,polyp,0.6279,0.6345,74.6,43.8,316.1,230.5,False
1101,23,0,polyp,0.6279,0.6529,74.3,42.9,316.4,230.0,False
1102,23,0,polyp,0.6279,0.6371,74.0,41.9,316.6,229.5,False
1103,23,0,polyp,0.6279,0.6318,73.8,41.0,316.9,229.0,False
1104,23,0,polyp,0.5023,0.5055,73.8,41.0,316.9,229.0,True
1105,25,0,polyp,0.5267,0.5267,55.8,30.0,299.0,234.4,False
1105,23,0,polyp,0.4019,0.4044,73.8,41.0,316.9,229.0,True
1106,25,0,polyp,0.5300,0.5283,50.0,23.3,306.4,236.7,False
1106,23,0,polyp,0.3215,0.3235,73.8,41.0,316.9,229.0,True
1107,25,0,polyp,0.7739,0.6102,43.7,19.3,309.4,234.6,False
1108,25,0,polyp,0.7739,0.6511,38.5,13.1,312.1,234.9,False
1109,25,0,polyp,0.6841,0.6577,41.1,14.1,318.5,238.2,False
1110,25,0,polyp,0.6841,0.6892,38.6,10.4,322.4,239.6,False
1111,25,0,polyp,0.6841,0.7201,36.3,6.7,326.3,241.0,False
1112,25,0,polyp,0.6841,0.7021,34.0,3.1,330.1,242.3,False
1113,25,0,polyp,0.5473,0.5617,34.0,3.1,330.1,242.3,True
1114,26,0,polyp,0.7250,0.7250,126.0,97.4,291.7,234.2,False
1114,25,0,polyp,0.4379,0.4493,34.0,3.1,330.1,242.3,True
1115,26,0,polyp,0.7939,0.7594,128.1,101.2,290.5,235.9,False
1115,25,0,polyp,0.3503,0.3595,34.0,3.1,330.1,242.3,True
1116,26,0,polyp,0.7753,0.7647,123.6,74.1,298.0,230.0,False
1117,26,0,polyp,0.7837,0.7695,124.4,70.2,302.1,232.3,False
1118,26,0,polyp,0.9001,0.7956,126.1,70.3,304.5,233.4,False
1119,26,0,polyp,0.8477,0.8202,124.4,69.2,303.1,233.9,False
1120,26,0,polyp,0.8181,0.8250,123.2,70.4,300.8,234.5,False
1121,26,0,polyp,0.8664,0.8432,122.7,73.2,299.4,235.1,False
1122,26,0,polyp,0.8381,0.8541,122.3,74.8,298.9,236.5,False
1123,26,0,polyp,0.8020,0.8345,121.3,74.9,298.4,235.9,False
1124,26,0,polyp,0.8514,0.8352,120.0,76.2,297.9,236.4,False
1125,26,0,polyp,0.8567,0.8429,117.7,76.2,297.4,236.6,False
1126,26,0,polyp,0.7784,0.8253,116.6,74.6,297.8,236.0,False
1127,26,0,polyp,0.8239,0.8225,115.6,73.9,298.1,236.0,False
1128,26,0,polyp,0.8172,0.8255,114.9,73.4,298.0,236.2,False
1129,26,0,polyp,0.7651,0.8083,114.2,72.5,296.4,235.1,False
1130,26,0,polyp,0.8268,0.8023,113.6,72.3,296.0,236.5,False
1131,26,0,polyp,0.8170,0.8100,113.6,71.5,295.9,236.7,False
1132,26,0,polyp,0.7084,0.7869,113.4,70.8,295.5,236.2,False
1133,26,0,polyp,0.8283,0.7891,114.2,71.3,297.0,237.4,False
1134,26,0,polyp,0.8726,0.8106,114.6,71.1,298.1,237.3,False
1135,26,0,polyp,0.7886,0.8030,114.6,71.1,298.7,237.5,False
1136,26,0,polyp,0.8202,0.8036,114.3,71.3,299.2,238.1,False
1137,26,0,polyp,0.7769,0.8173,113.7,71.2,299.6,238.4,False
1138,26,0,polyp,0.6785,0.7874,113.5,71.7,299.6,238.3,False
1139,26,0,polyp,0.7918,0.7712,113.5,72.6,299.3,238.0,False
1140,26,0,polyp,0.8139,0.7763,112.8,73.1,298.5,237.6,False
1141,26,0,polyp,0.6131,0.7348,112.5,72.8,298.0,237.0,False
1142,26,0,polyp,0.8220,0.7438,112.4,73.1,298.3,236.8,False
1143,26,0,polyp,0.8385,0.7758,111.8,72.7,298.0,236.4,False
1144,26,0,polyp,0.7081,0.7591,113.1,73.2,299.4,236.8,False
1145,26,0,polyp,0.8473,0.7658,114.1,71.9,301.5,236.0,False
1146,26,0,polyp,0.8421,0.8116,113.9,70.9,302.5,236.4,False
1147,26,0,polyp,0.6461,0.7764,111.1,66.9,301.3,234.2,False
1148,26,0,polyp,0.7918,0.7671,109.4,64.6,300.3,234.4,False
1149,26,0,polyp,0.8271,0.7909,110.2,64.8,301.2,236.0,False
1150,26,0,polyp,0.7633,0.7741,109.9,62.7,300.6,235.5,False
1151,26,0,polyp,0.7546,0.7566,109.8,62.9,300.7,235.5,False
1152,26,0,polyp,0.8915,0.8056,112.7,65.3,303.2,237.3,False
1153,26,0,polyp,0.8660,0.8205,115.9,68.5,306.0,238.9,False
1154,26,0,polyp,0.8278,0.8206,117.3,69.8,308.5,238.6,False
1155,26,0,polyp,0.7326,0.8145,118.1,71.0,310.7,239.2,False
1156,26,0,polyp,0.8052,0.8246,118.4,72.1,312.1,238.5,False
1157,26,0,polyp,0.8075,0.8078,119.8,75.3,313.8,239.1,False
1158,26,0,polyp,0.7646,0.7876,120.5,77.5,314.1,239.0,False
1159,26,0,polyp,0.8421,0.7904,120.8,76.5,315.4,237.5,False
1160,26,0,polyp,0.7578,0.7954,120.4,75.5,316.7,236.7,False
1161,26,0,polyp,0.8138,0.7972,120.4,74.5,318.0,236.3,False
1162,26,0,polyp,0.7536,0.7864,120.7,75.0,318.6,236.6,False
1163,26,0,polyp,0.7734,0.7882,120.4,76.5,318.3,237.5,False
1164,26,0,polyp,0.7758,0.7749,119.5,78.0,316.5,237.6,False
1165,26,0,polyp,0.6959,0.7625,119.3,78.2,315.2,237.1,False
1166,26,0,polyp,0.7883,0.7574,118.8,79.7,313.7,237.2,False
1167,26,0,polyp,0.7430,0.7553,119.3,81.8,313.1,237.8,False
1168,26,0,polyp,0.8249,0.7656,120.0,83.6,313.0,237.9,False
1169,26,0,polyp,0.8272,0.7759,120.7,85.5,312.8,237.8,False
1170,26,0,polyp,0.7592,0.7885,120.7,85.4,312.2,237.3,False
1171,26,0,polyp,0.7635,0.7836,121.1,84.8,312.3,236.5,False
1172,26,0,polyp,0.7772,0.7904,121.9,83.4,313.3,235.9,False
1173,26,0,polyp,0.7531,0.7760,121.9,81.8,313.8,235.2,False
1174,26,0,polyp,0.8853,0.7877,122.6,78.3,315.4,234.1,False
1175,26,0,polyp,0.7317,0.7822,122.0,75.1,317.5,233.6,False
1176,26,0,polyp,0.6752,0.7645,120.0,64.4,319.6,230.7,False
1177,26,0,polyp,0.7302,0.7551,117.2,47.9,322.7,226.5,False
1178,26,0,polyp,0.8150,0.7675,115.5,31.2,324.3,222.5,False
1179,26,0,polyp,0.8569,0.7618,116.0,20.1,326.2,220.7,False
1180,26,0,polyp,0.6181,0.7391,115.9,14.0,326.5,221.4,False
1181,26,0,polyp,0.6878,0.7416,116.9,11.1,327.8,223.7,False
1182,26,0,polyp,0.6491,0.7254,116.2,7.8,327.7,223.5,False
1183,26,0,polyp,0.6623,0.6948,114.8,5.9,327.0,222.2,False
1184,26,0,polyp,0.7606,0.6756,114.2,4.9,326.7,221.3,False
1185,26,0,polyp,0.8147,0.7149,114.4,4.1,327.4,221.8,False
1186,26,0,polyp,0.8046,0.7383,114.6,3.7,328.0,223.4,False
1187,26,0,polyp,0.9007,0.7886,114.7,3.5,328.2,224.7,False
1188,26,0,polyp,0.8585,0.8278,114.4,3.0,328.6,225.3,False
1189,26,0,polyp,0.8827,0.8522,113.0,3.7,326.9,226.6,False
1190,26,0,polyp,0.9196,0.8732,113.0,4.0,327.9,226.9,False
1191,26,0,polyp,0.9112,0.8945,112.1,4.4,327.3,227.1,False
1192,26,0,polyp,0.8833,0.8911,111.2,5.3,326.2,228.1,False
1193,26,0,polyp,0.9347,0.9063,111.4,4.7,327.0,228.2,False
1194,26,0,polyp,0.9288,0.9155,111.6,4.6,327.6,229.0,False
1195,26,0,polyp,0.8972,0.9110,111.0,5.9,326.8,230.8,False
1196,26,0,polyp,0.8865,0.9061,110.2,6.3,325.6,231.6,False
1197,26,0,polyp,0.8836,0.9061,110.2,6.1,325.0,231.8,False
1198,26,0,polyp,0.8891,0.8970,110.9,5.7,326.4,232.4,False
1199,26,0,polyp,0.9026,0.8918,109.7,6.2,323.9,233.8,False
1200,26,0,polyp,0.8993,0.8922,110.1,6.2,323.2,233.9,False
1201,26,0,polyp,0.7863,0.8722,110.6,6.4,320.9,234.1,False
1202,26,0,polyp,0.9126,0.8780,111.1,6.6,319.0,233.9,False
1203,26,0,polyp,0.8627,0.8727,111.9,7.3,318.3,233.9,False
1204,26,0,polyp,0.8422,0.8606,112.4,7.2,317.3,233.9,False
1205,26,0,polyp,0.9086,0.8625,113.1,8.0,317.6,235.2,False
1206,26,0,polyp,0.9142,0.8881,112.5,9.0,318.3,236.8,False
1207,26,0,polyp,0.8167,0.8689,111.1,8.3,318.1,237.0,False
1208,26,0,polyp,0.8919,0.8747,110.1,8.1,319.0,237.3,False
1209,26,0,polyp,0.9281,0.8919,109.1,6.9,316.8,235.8,False
1210,26,0,polyp,0.8991,0.8900,109.1,6.3,316.1,235.5,False
1211,26,0,polyp,0.8098,0.8691,110.7,4.8,318.7,234.7,False
1212,26,0,polyp,0.8426,0.8743,112.7,4.3,320.5,234.1,False
1213,26,0,polyp,0.8484,0.8656,114.7,4.5,323.4,234.0,False
1214,26,0,polyp,0.8593,0.8518,114.9,5.2,324.7,234.3,False
1215,26,0,polyp,0.8882,0.8497,113.2,4.1,323.4,232.9,False
1216,26,0,polyp,0.8958,0.8669,112.7,4.8,323.3,232.2,False
1217,26,0,polyp,0.9107,0.8805,112.5,5.2,322.5,233.7,False
1218,26,0,polyp,0.9061,0.8920,111.4,5.4,322.3,234.6,False
1219,26,0,polyp,0.8132,0.8828,109.4,5.4,322.5,235.1,False
1220,26,0,polyp,0.8758,0.8803,107.7,5.7,321.3,234.7,False
1221,26,0,polyp,0.8815,0.8775,106.5,7.2,320.5,235.4,False
1222,26,0,polyp,0.8576,0.8668,107.4,6.3,322.6,234.2,False
1223,26,0,polyp,0.9087,0.8674,106.7,5.6,321.5,234.5,False
1224,26,0,polyp,0.9083,0.8864,107.7,4.6,321.1,234.1,False
1225,26,0,polyp,0.8438,0.8800,109.0,5.5,322.1,234.7,False
1226,26,0,polyp,0.9342,0.8905,109.0,4.9,321.0,234.9,False
1227,26,0,polyp,0.8983,0.8987,109.8,4.5,321.8,234.5,False
1228,26,0,polyp,0.8515,0.8872,110.6,5.2,322.4,235.3,False
1229,26,0,polyp,0.8670,0.8790,109.6,5.8,320.4,237.3,False
1230,26,0,polyp,0.8246,0.8751,106.8,7.1,317.5,239.2,False
1231,26,0,polyp,0.8262,0.8535,106.9,6.3,319.4,237.0,False
1232,26,0,polyp,0.8956,0.8530,105.8,5.6,317.7,237.0,False
1233,26,0,polyp,0.9071,0.8641,107.1,4.3,318.2,235.6,False
1234,26,0,polyp,0.7721,0.8451,109.4,4.8,321.4,235.5,False
1235,26,0,polyp,0.9123,0.8626,109.3,4.6,320.5,235.8,False
1236,26,0,polyp,0.8835,0.8741,110.2,4.6,322.3,236.0,False
1237,26,0,polyp,0.8222,0.8594,112.2,4.8,325.9,235.4,False
1238,26,0,polyp,0.8630,0.8506,112.2,5.1,326.8,235.6,False
1239,26,0,polyp,0.8526,0.8667,109.9,5.4,323.5,236.9,False
1240,26,0,polyp,0.8511,0.8545,108.3,5.6,322.8,238.3,False
1241,26,0,polyp,0.8726,0.8523,106.5,4.7,321.4,238.4,False
1242,26,0,polyp,0.9021,0.8683,105.6,3.8,319.9,236.9,False
1243,26,0,polyp,0.8680,0.8693,105.8,3.6,320.0,236.0,False
1244,26,0,polyp,0.9157,0.8819,106.0,3.1,319.1,235.5,False
1245,26,0,polyp,0.8199,0.8757,106.8,3.4,318.7,235.7,False
1246,26,0,polyp,0.7916,0.8595,109.2,3.5,321.4,235.4,False
1247,26,0,polyp,0.9082,0.8607,110.0,2.8,322.2,234.1,False
1248,26,0,polyp,0.8986,0.8668,110.7,3.2,322.9,233.8,False
1249,26,0,polyp,0.8205,0.8478,111.6,3.4,324.9,233.5,False
1250,26,0,polyp,0.8600,0.8558,111.5,3.3,325.2,233.0,False
1251,26,0,polyp,0.8174,0.8609,110.6,4.0,324.3,233.2,False
1252,26,0,polyp,0.7240,0.8241,109.7,4.5,323.5,234.4,False
1253,26,0,polyp,0.8755,0.8195,107.5,4.4,320.7,234.2,False
1254,26,0,polyp,0.8431,0.8240,106.9,3.6,319.0,233.6,False
1255,26,0,polyp,0.8564,0.8233,107.5,4.2,319.5,234.0,False
1256,26,0,polyp,0.8329,0.8264,108.6,4.1,319.8,234.2,False
1257,26,0,polyp,0.8846,0.8585,110.3,4.0,321.5,234.2,False
1258,26,0,polyp,0.8035,0.8441,111.8,4.2,323.4,234.4,False
1259,26,0,polyp,0.8797,0.8514,113.2,4.1,324.2,234.5,False
1260,26,0,polyp,0.8877,0.8577,113.8,4.6,323.2,234.9,False
1261,26,0,polyp,0.8380,0.8587,115.3,5.0,324.6,235.5,False
1262,26,0,polyp,0.9034,0.8625,116.1,5.6,325.5,236.7,False
1263,26,0,polyp,0.8841,0.8786,116.8,5.5,326.6,237.2,False
1264,26,0,polyp,0.7586,0.8544,116.2,5.0,326.1,236.8,False
1265,26,0,polyp,0.8632,0.8495,115.6,5.1,326.0,237.2,False
1266,26,0,polyp,0.7992,0.8417,116.0,5.3,325.5,237.7,False
1267,26,0,polyp,0.7813,0.8173,117.4,5.1,325.8,237.8,False
1268,26,0,polyp,0.8669,0.8138,118.9,4.8,325.5,237.7,False
1269,26,0,polyp,0.8363,0.8294,120.3,5.1,325.4,238.8,False
1270,26,0,polyp,0.7632,0.8094,121.1,4.9,325.0,239.3,False
1271,26,0,polyp,0.8059,0.8107,122.1,4.0,325.0,238.3,False
1272,26,0,polyp,0.8903,0.8325,122.0,3.8,324.4,238.0,False
1273,26,0,polyp,0.8301,0.8252,122.5,4.5,324.7,239.0,False
1274,26,0,polyp,0.8683,0.8316,123.3,5.0,325.2,239.7,False
1275,26,0,polyp,0.8347,0.8459,123.8,4.9,325.0,239.5,False
1276,26,0,polyp,0.7407,0.8328,125.4,4.7,325.2,238.5,False
1277,26,0,polyp,0.8286,0.8205,126.6,4.7,325.3,238.3,False
1278,26,0,polyp,0.8501,0.8245,128.5,4.7,326.1,237.9,False
1279,26,0,polyp,0.7565,0.8021,131.2,4.4,326.9,236.4,False
1280,26,0,polyp,0.7142,0.7780,133.7,4.2,326.6,236.4,False
1281,26,0,polyp,0.7228,0.7744,136.5,4.9,326.6,237.3,False
1282,26,0,polyp,0.7644,0.7616,140.5,4.5,326.8,236.8,False
1283,26,0,polyp,0.8483,0.7612,143.3,4.7,326.7,237.1,False
1284,26,0,polyp,0.8108,0.7721,142.6,4.4,324.2,236.5,False
1285,26,0,polyp,0.7341,0.7761,141.5,4.3,321.7,235.3,False
1286,26,0,polyp,0.6978,0.7711,140.0,4.9,320.3,235.0,False
1287,26,0,polyp,0.8366,0.7855,137.9,4.7,318.6,234.6,False
1288,26,0,polyp,0.7664,0.7691,136.9,4.4,315.0,233.7,False
1289,26,0,polyp,0.7473,0.7564,138.3,4.8,314.4,234.0,False
1290,26,0,polyp,0.8699,0.7836,140.8,4.4,317.2,233.1,False
1291,26,0,polyp,0.7981,0.8037,142.2,4.3,319.1,232.5,False
1292,26,0,polyp,0.7570,0.7878,142.7,4.9,319.8,232.9,False
1293,26,0,polyp,0.8002,0.7945,143.4,5.1,320.8,233.1,False
1294,26,0,polyp,0.7483,0.7947,142.7,5.3,319.4,232.4,False
1295,26,0,polyp,0.8394,0.7886,143.1,5.4,320.2,232.4,False
1296,26,0,polyp,0.7945,0.7879,143.1,5.4,321.4,232.1,False
1297,26,0,polyp,0.7400,0.7845,140.7,6.3,321.3,234.5,False
1298,26,0,polyp,0.7736,0.7792,137.7,5.8,321.3,234.6,False
1299,26,0,polyp,0.7064,0.7708,131.0,7.3,319.6,236.6,False
1300,26,0,polyp,0.6836,0.7396,125.2,8.5,318.7,238.6,False
1301,26,0,polyp,0.8598,0.7527,120.3,7.2,317.0,238.0,False
1302,26,0,polyp,0.7919,0.7631,115.4,5.6,317.7,237.1,False
1303,26,0,polyp,0.7163,0.7516,111.4,4.2,318.7,235.4,False
1304,26,0,polyp,0.7992,0.7702,109.4,4.4,321.1,235.7,False
1305,26,0,polyp,0.6103,0.7555,106.4,5.1,322.0,236.5,False
1306,26,0,polyp,0.6675,0.7171,102.8,4.9,321.8,235.0,False
1307,26,0,polyp,0.8720,0.7331,99.1,3.8,323.2,232.8,False
1308,26,0,polyp,0.8326,0.7563,97.4,4.6,324.7,233.7,False
1309,26,0,polyp,0.8525,0.7670,97.8,5.6,328.8,234.3,False
1310,26,0,polyp,0.8356,0.8120,96.2,6.1,328.3,234.3,False
1311,26,0,polyp,0.8248,0.8435,95.5,6.3,325.0,235.1,False
1312,26,0,polyp,0.7845,0.8260,98.2,5.7,327.7,235.8,False
1313,26,0,polyp,0.8768,0.8348,100.2,5.7,326.9,236.8,False
1314,26,0,polyp,0.9035,0.8450,101.7,5.7,326.8,237.7,False
1315,26,0,polyp,0.8652,0.8510,104.4,5.6,327.6,238.3,False
1316,26,0,polyp,0.8523,0.8565,108.8,4.3,331.4,236.5,False
1317,26,0,polyp,0.8395,0.8675,111.6,4.7,329.6,237.0,False
1318,26,0,polyp,0.8430,0.8607,113.9,4.2,329.1,237.0,False
1319,26,0,polyp,0.8367,0.8473,115.4,3.8,328.6,236.8,False
1320,26,0,polyp,0.8149,0.8373,119.4,3.9,329.2,236.3,False
1321,26,0,polyp,0.8149,0.8298,119.8,3.7,329.8,236.4,False
1322,26,0,polyp,0.8149,0.8249,120.2,3.6,330.4,236.4,False
1323,26,0,polyp,0.8149,0.8193,120.7,3.4,331.0,236.5,False
1324,26,0,polyp,0.6519,0.6554,120.7,3.4,331.0,236.5,True
1325,26,0,polyp,0.5216,0.5243,120.7,3.4,331.0,236.5,True
1326,26,0,polyp,0.4172,0.4195,120.7,3.4,331.0,236.5,True
1327,,,,,,,,,,False
1328,,,,,,,,,,False
1329,,,,,,,,,,False
1330,,,,,,,,,,False
1331,27,0,polyp,0.6117,0.6117,29.9,1.6,335.9,240.0,False
1332,27,0,polyp,0.6179,0.6148,13.5,-1.4,335.5,226.5,False
1333,27,0,polyp,0.5911,0.6069,1.6,2.1,332.1,234.0,False
1334,27,0,polyp,0.5005,0.5803,95.2,15.3,348.3,222.7,False
1335,27,0,polyp,0.5005,0.5643,130.8,26.5,361.2,215.4,False
1336,27,0,polyp,0.5005,0.5421,167.6,38.7,373.0,207.1,False
1337,27,0,polyp,0.5469,0.5279,129.1,21.9,335.2,214.6,False
1338,27,0,polyp,0.5316,0.5160,131.3,18.6,329.3,217.5,False
1339,27,0,polyp,0.6256,0.5410,136.0,17.4,326.6,218.7,False
1340,27,0,polyp,0.7507,0.5911,138.5,16.5,324.2,219.7,False
1341,27,0,polyp,0.5931,0.6096,139.2,15.1,321.9,219.6,False
1342,27,0,polyp,0.6857,0.6373,138.0,14.1,320.3,220.1,False
1343,27,0,polyp,0.5964,0.6503,134.4,13.4,319.0,222.4,False
1344,27,0,polyp,0.6882,0.6628,131.9,13.7,319.3,225.8,False
1345,27,0,polyp,0.6988,0.6524,129.7,13.2,321.2,229.3,False
1346,27,0,polyp,0.7889,0.6916,125.9,11.5,323.6,230.9,False
1347,27,0,polyp,0.7968,0.7138,121.6,10.3,324.8,232.1,False
1348,27,0,polyp,0.6981,0.7342,116.8,8.3,324.9,232.0,False
1349,27,0,polyp,0.8097,0.7585,114.0,7.7,326.6,232.7,False
1350,27,0,polyp,0.7512,0.7690,110.9,7.5,327.7,234.3,False
1351,27,0,polyp,0.5707,0.7253,108.1,7.0,329.3,236.0,False
1352,27,0,polyp,0.5707,0.6801,109.9,8.1,329.5,235.5,False
1353,27,0,polyp,0.5707,0.6546,111.7,9.3,329.6,234.9,False
1354,27,0,polyp,0.5707,0.6068,113.5,10.4,329.8,234.4,False
1355,27,0,polyp,0.4565,0.4854,113.5,10.4,329.8,234.4,True
1356,27,0,polyp,0.3652,0.3883,113.5,10.4,329.8,234.4,True
1357,27,0,polyp,0.2922,0.3107,113.5,10.4,329.8,234.4,True
1358,,,,,,,,,,False
1359,,,,,,,,,,False
1360,,,,,,,,,,False
1361,,,,,,,,,,False
1362,,,,,,,,,,False
1363,,,,,,,,,,False
1364,,,,,,,,,,False
1365,,,,,,,,,,False
1366,,,,,,,,,,False
1367,,,,,,,,,,False
1368,28,0,polyp,0.7187,0.7187,88.6,6.8,311.6,185.7,False
1369,28,0,polyp,0.7187,0.7187,88.6,6.8,311.6,185.7,False
1370,28,0,polyp,0.6031,0.6801,90.2,5.8,325.0,187.6,False
1371,28,0,polyp,0.6031,0.6609,92.1,4.6,330.7,189.3,False
1372,28,0,polyp,0.6031,0.6493,93.9,3.4,336.3,191.0,False
1373,28,0,polyp,0.6031,0.6262,95.9,2.2,341.9,192.7,False
1374,28,0,polyp,0.4825,0.5010,95.9,2.2,341.9,192.7,True
1375,28,0,polyp,0.3860,0.4008,95.9,2.2,341.9,192.7,True
1376,29,0,polyp,0.5253,0.5253,94.7,4.8,338.4,165.8,False
1376,28,0,polyp,0.3088,0.3206,95.9,2.2,341.9,192.7,True
1377,29,0,polyp,0.5578,0.5416,95.1,6.4,340.8,174.5,False
1378,29,0,polyp,0.5578,0.5470,93.4,9.4,345.3,181.7,False
1379,29,0,polyp,0.5578,0.5497,91.8,12.4,349.7,188.9,False
1380,29,0,polyp,0.5789,0.5555,77.0,17.9,345.2,228.5,False
1381,29,0,polyp,0.5789,0.5663,69.6,24.3,348.5,243.3,False
1382,29,0,polyp,0.5789,0.5705,62.4,30.9,351.5,257.9,False
1383,29,0,polyp,0.6664,0.5922,93.8,14.9,339.3,233.0,False
1384,29,0,polyp,0.6890,0.6184,104.5,12.8,335.5,233.4,False
1385,29,0,polyp,0.8047,0.6636,110.2,11.7,332.6,235.0,False
1386,29,0,polyp,0.7998,0.7078,113.6,10.3,329.6,235.3,False
1387,29,0,polyp,0.7788,0.7478,117.9,8.6,329.5,234.4,False
1388,29,0,polyp,0.7932,0.7731,120.3,8.3,328.6,235.0,False
1389,29,0,polyp,0.8192,0.7992,122.5,7.9,327.4,235.4,False
1390,29,0,polyp,0.7942,0.7971,125.1,7.8,326.7,235.4,False
1391,29,0,polyp,0.8494,0.8070,128.1,7.7,326.4,235.4,False
1392,29,0,polyp,0.8326,0.8177,130.0,6.7,326.1,234.0,False
1393,29,0,polyp,0.7376,0.8066,130.3,6.9,325.2,234.9,False
1394,29,0,polyp,0.8068,0.8041,130.0,6.7,324.3,234.8,False
1395,29,0,polyp,0.8317,0.8116,131.2,6.4,324.6,234.3,False
1396,29,0,polyp,0.8128,0.8043,133.6,6.6,324.6,235.4,False
1397,29,0,polyp,0.8318,0.8041,136.7,6.6,325.1,236.0,False
1398,29,0,polyp,0.8845,0.8335,139.2,5.9,325.0,234.9,False
1399,29,0,polyp,0.8274,0.8377,142.1,6.2,325.4,235.3,False
1400,29,0,polyp,0.8786,0.8470,143.4,5.9,325.0,234.5,False
1401,29,0,polyp,0.8393,0.8523,144.1,5.7,324.3,233.8,False
1402,29,0,polyp,0.7865,0.8433,145.0,6.1,323.7,233.8,False
1403,29,0,polyp,0.7479,0.8159,147.4,6.4,324.2,234.0,False
1404,29,0,polyp,0.6526,0.7810,149.7,7.2,324.8,235.1,False
1405,29,0,polyp,0.6969,0.7446,151.9,7.4,325.1,235.8,False
1406,29,0,polyp,0.6495,0.7067,153.1,6.2,324.8,233.4,False
1407,29,0,polyp,0.6495,0.6793,154.2,6.7,325.4,233.3,False
1408,29,0,polyp,0.7770,0.6851,150.1,6.6,322.0,233.6,False
1409,29,0,polyp,0.8048,0.7155,147.8,6.9,319.9,234.1,False
1410,29,0,polyp,0.7758,0.7313,146.7,6.8,319.7,233.8,False
1411,29,0,polyp,0.7165,0.7447,146.1,6.8,319.3,233.5,False
1412,29,0,polyp,0.7893,0.7727,144.5,6.6,319.0,233.0,False
1413,29,0,polyp,0.7867,0.7746,143.5,6.4,318.9,232.8,False
1414,29,0,polyp,0.7534,0.7643,143.3,6.7,319.3,233.6,False
1415,29,0,polyp,0.7205,0.7533,144.9,6.9,320.4,234.4,False
1416,29,0,polyp,0.6904,0.7480,147.5,6.4,321.3,233.8,False
1417,29,0,polyp,0.6436,0.7189,148.9,6.2,321.4,233.1,False
1418,29,0,polyp,0.8193,0.7254,149.0,5.8,321.5,232.8,False
1419,29,0,polyp,0.7610,0.7269,147.7,5.8,320.5,233.2,False
1420,29,0,polyp,0.7678,0.7364,146.0,5.3,320.1,233.0,False
1421,29,0,polyp,0.7927,0.7569,145.3,5.3,320.0,233.0,False
1422,29,0,polyp,0.8229,0.7927,144.1,5.4,319.5,232.8,False
1423,29,0,polyp,0.7847,0.7858,143.0,5.4,319.4,233.0,False
1424,29,0,polyp,0.8455,0.8027,142.5,5.6,320.4,233.3,False
1425,29,0,polyp,0.7062,0.7904,140.2,5.9,320.2,234.0,False
1426,29,0,polyp,0.7845,0.7888,139.0,6.6,320.1,234.5,False
1427,29,0,polyp,0.7779,0.7798,137.9,7.1,321.0,234.8,False
1428,29,0,polyp,0.7560,0.7740,137.5,6.3,321.8,234.6,False
1429,29,0,polyp,0.7081,0.7466,137.3,6.0,322.4,234.6,False
1430,29,0,polyp,0.6659,0.7385,137.1,5.6,322.7,235.3,False
1431,29,0,polyp,0.7656,0.7347,137.1,5.1,323.3,235.2,False
1432,29,0,polyp,0.5203,0.6832,136.3,5.0,322.9,234.7,False
1433,29,0,polyp,0.7357,0.6791,136.4,4.8,322.7,234.2,False
1434,29,0,polyp,0.8003,0.6976,135.9,5.3,322.3,234.0,False
1435,29,0,polyp,0.8299,0.7304,136.7,5.6,322.9,233.9,False
1436,29,0,polyp,0.8428,0.7458,137.4,5.8,323.5,234.5,False
1437,29,0,polyp,0.8290,0.8075,138.1,5.6,324.0,234.7,False
1438,29,0,polyp,0.8324,0.8269,138.7,5.7,324.1,235.0,False
1439,29,0,polyp,0.8782,0.8425,139.7,5.7,324.4,234.8,False
1440,29,0,polyp,0.8560,0.8477,140.7,5.5,324.3,234.4,False
1441,29,0,polyp,0.7575,0.8306,140.5,6.2,323.9,234.9,False
1442,29,0,polyp,0.8589,0.8366,140.5,6.3,323.8,235.1,False
1443,29,0,polyp,0.8247,0.8350,140.0,6.7,323.2,235.4,False
1444,29,0,polyp,0.7614,0.8117,139.5,6.4,322.2,234.0,False
1445,29,0,polyp,0.8114,0.8028,138.9,6.7,321.0,233.7,False
1446,29,0,polyp,0.8496,0.8212,137.4,6.1,320.2,232.7,False
1447,29,0,polyp,0.7724,0.8039,135.4,6.4,319.8,233.2,False
1448,29,0,polyp,0.8356,0.8061,134.0,5.7,320.5,233.4,False
1449,29,0,polyp,0.8621,0.8262,133.1,5.4,321.7,234.2,False
1450,29,0,polyp,0.8121,0.8264,132.2,5.4,322.4,234.9,False
1451,29,0,polyp,0.8614,0.8287,131.5,5.4,322.8,235.1,False
1452,29,0,polyp,0.8164,0.8375,131.4,5.0,323.3,234.5,False
1453,29,0,polyp,0.6940,0.8092,131.0,4.9,323.6,234.2,False
1454,29,0,polyp,0.8853,0.8138,130.1,4.9,323.4,235.3,False
1455,29,0,polyp,0.8506,0.8215,129.5,4.7,323.3,235.2,False
1456,29,0,polyp,0.8021,0.8097,129.2,5.2,323.6,235.4,False
1457,29,0,polyp,0.8794,0.8223,128.6,5.1,323.6,234.6,False
1458,29,0,polyp,0.8445,0.8524,128.3,5.4,323.6,234.4,False
1459,29,0,polyp,0.7335,0.8220,129.0,5.7,324.3,234.2,False
1460,29,0,polyp,0.7819,0.8083,129.0,6.0,324.3,234.3,False
1461,29,0,polyp,0.7365,0.7952,130.6,6.0,324.8,234.2,False
1462,29,0,polyp,0.7573,0.7707,131.3,5.4,325.0,234.0,False
1463,29,0,polyp,0.7507,0.7520,134.3,5.2,325.8,234.3,False
1464,29,0,polyp,0.7797,0.7612,134.3,5.5,325.1,235.1,False
1465,29,0,polyp,0.7813,0.7611,133.6,6.0,324.7,236.7,False
1466,29,0,polyp,0.8441,0.7826,132.5,5.6,324.1,236.2,False
1467,29,0,polyp,0.8225,0.7957,132.2,4.6,324.1,234.9,False
1468,29,0,polyp,0.7073,0.7870,133.2,5.0,324.6,234.8,False
1469,29,0,polyp,0.7198,0.7750,135.5,4.0,325.2,233.4,False
1470,29,0,polyp,0.6863,0.7560,137.5,4.2,325.6,233.0,False
1471,29,0,polyp,0.6789,0.7230,135.8,4.5,324.5,232.9,False
1472,29,0,polyp,0.7478,0.7080,135.8,4.4,324.4,232.5,False
1473,29,0,polyp,0.7354,0.7137,135.5,4.7,324.3,233.0,False
1474,29,0,polyp,0.6483,0.6993,136.0,4.7,324.5,233.1,False
1475,29,0,polyp,0.8021,0.7225,136.8,4.6,324.7,233.2,False
1476,29,0,polyp,0.7405,0.7348,137.8,4.6,324.8,233.0,False
1477,29,0,polyp,0.6551,0.7163,138.4,4.6,324.9,233.0,False
1478,29,0,polyp,0.8216,0.7335,138.8,4.4,324.6,232.7,False
1479,29,0,polyp,0.7870,0.7612,138.7,4.2,324.1,232.9,False
1480,29,0,polyp,0.7340,0.7476,139.6,4.1,324.2,233.1,False
1481,29,0,polyp,0.7380,0.7471,139.2,4.1,323.8,233.7,False
1482,29,0,polyp,0.7380,0.7637,139.3,4.1,323.9,233.7,False
1483,29,0,polyp,0.7380,0.7470,139.4,4.1,324.0,233.6,False
1484,29,0,polyp,0.5266,0.6949,144.1,4.1,325.5,232.7,False
1485,29,0,polyp,0.5266,0.6535,144.5,4.1,325.8,232.6,False
1486,29,0,polyp,0.5266,0.6112,144.9,4.1,326.2,232.5,False
1487,29,0,polyp,0.5266,0.5689,145.3,4.1,326.5,232.4,False
1488,29,0,polyp,0.4213,0.4551,145.3,4.1,326.5,232.4,True
1489,29,0,polyp,0.3370,0.3641,145.3,4.1,326.5,232.4,True
1490,29,0,polyp,0.2696,0.2913,145.3,4.1,326.5,232.4,True
1491,,,,,,,,,,False
1492,,,,,,,,,,False
1493,30,0,polyp,0.5283,0.5283,150.3,5.0,322.7,222.1,False
1494,30,0,polyp,0.5283,0.5283,150.3,5.0,322.7,222.1,False
1495,30,0,polyp,0.5283,0.5283,150.3,5.0,322.7,222.1,False
1496,30,0,polyp,0.5283,0.5283,150.3,5.0,322.7,222.1,False
1497,30,0,polyp,0.4227,0.4227,150.3,5.0,322.7,222.1,True
1498,30,0,polyp,0.3381,0.3381,150.3,5.0,322.7,222.1,True
1499,30,0,polyp,0.2705,0.2705,150.3,5.0,322.7,222.1,True
1500,,,,,,,,,,False
1501,,,,,,,,,,False
1502,,,,,,,,,,False
1503,31,0,polyp,0.5216,0.5216,159.3,7.7,323.2,233.7,False
1504,31,0,polyp,0.5216,0.5216,159.3,7.7,323.2,233.7,False
1505,31,0,polyp,0.6982,0.5804,161.6,11.0,323.7,231.8,False
1506,31,0,polyp,0.6994,0.6102,162.8,14.9,324.0,234.2,False
1507,31,0,polyp,0.6994,0.6280,164.1,17.9,324.1,235.4,False
1508,31,0,polyp,0.5755,0.6388,162.8,19.7,323.0,236.2,False
1509,31,0,polyp,0.5755,0.6496,163.4,22.2,322.6,237.4,False
1510,31,0,polyp,0.5755,0.6251,164.0,24.7,322.2,238.5,False
1511,31,0,polyp,0.5755,0.6003,164.6,27.2,321.8,239.7,False
1512,31,0,polyp,0.6431,0.5890,160.0,24.9,321.6,235.8,False
1513,31,0,polyp,0.6431,0.6025,160.1,26.4,321.0,236.5,False
1514,31,0,polyp,0.6576,0.6189,160.5,33.3,321.9,236.2,False
1515,31,0,polyp,0.5730,0.6184,160.1,36.7,322.1,236.1,False
1516,31,0,polyp,0.5696,0.6173,159.7,38.4,322.1,235.7,False
1517,31,0,polyp,0.6301,0.6147,159.2,39.5,322.2,235.4,False
1518,31,0,polyp,0.6366,0.6134,158.9,40.7,322.1,235.2,False
1519,31,0,polyp,0.5502,0.5919,157.5,38.6,318.2,224.7,False
1520,31,0,polyp,0.5120,0.5797,156.9,40.4,315.5,219.8,False
1521,31,0,polyp,0.5643,0.5786,157.4,42.7,316.4,217.9,False
1522,31,0,polyp,0.6235,0.5773,156.3,45.4,316.1,217.0,False
1523,31,0,polyp,0.7494,0.5999,155.0,50.2,317.8,222.8,False
1524,31,0,polyp,0.6323,0.6163,153.9,51.7,318.8,223.1,False
1525,31,0,polyp,0.5536,0.6246,154.3,52.0,320.0,220.5,False
1526,31,0,polyp,0.6540,0.6426,152.3,53.8,319.9,222.8,False
1527,31,0,polyp,0.5237,0.6226,151.3,54.9,320.4,225.9,False
1528,31,0,polyp,0.5098,0.5747,150.7,55.5,320.7,228.4,False
1529,31,0,polyp,0.6461,0.5774,150.3,54.6,321.0,226.9,False
1530,31,0,polyp,0.6884,0.6044,150.4,54.2,321.4,225.4,False
1531,31,0,polyp,0.6085,0.5953,150.6,53.9,321.8,225.4,False
1532,31,0,polyp,0.6627,0.6231,151.3,50.3,322.2,219.0,False
1533,31,0,polyp,0.6952,0.6602,151.5,49.6,322.3,216.4,False
1534,31,0,polyp,0.6116,0.6533,150.5,49.7,321.9,215.1,False
1535,31,0,polyp,0.7244,0.6605,149.9,49.5,321.8,213.9,False
1536,31,0,polyp,0.6869,0.6761,148.0,51.2,321.4,217.1,False
1537,31,0,polyp,0.5620,0.6560,148.6,50.2,322.1,215.1,False
1538,31,0,polyp,0.6604,0.6491,148.0,51.7,322.0,219.0,False
1539,31,0,polyp,0.6217,0.6511,147.2,50.2,321.7,217.5,False
1540,31,0,polyp,0.5859,0.6234,146.8,49.1,321.9,216.7,False
1541,31,0,polyp,0.6509,0.6162,147.0,48.7,322.5,216.3,False
1542,31,0,polyp,0.6435,0.6325,146.5,47.9,322.3,215.9,False
1543,31,0,polyp,0.5944,0.6193,146.4,47.0,322.1,216.5,False
1544,31,0,polyp,0.6410,0.6231,142.6,49.9,320.9,225.2,False
1545,31,0,polyp,0.6530,0.6365,142.5,51.0,320.3,227.7,False
1546,31,0,polyp,0.6530,0.6370,142.3,51.6,319.8,228.0,False
1547,31,0,polyp,0.6530,0.6389,142.1,52.3,319.2,228.4,False
1548,31,0,polyp,0.5580,0.6316,142.8,49.7,321.3,216.4,False
1549,31,0,polyp,0.5580,0.6150,142.8,49.7,320.8,216.0,False
1550,31,0,polyp,0.5427,0.5929,140.8,57.8,321.2,227.5,False
1551,31,0,polyp,0.5427,0.5709,140.7,58.6,320.7,228.0,False
1552,31,0,polyp,0.5427,0.5488,140.6,59.5,320.3,228.5,False
1553,31,0,polyp,0.6347,0.5642,139.9,57.9,321.3,229.1,False
1554,31,0,polyp,0.6347,0.5795,139.8,58.6,321.0,229.6,False
1555,31,0,polyp,0.6347,0.5979,139.7,59.3,320.6,230.0,False
1556,31,0,polyp,0.6347,0.6163,139.6,60.1,320.2,230.5,False
1557,31,0,polyp,0.5149,0.6108,142.6,53.3,322.9,228.5,False
1558,31,0,polyp,0.5149,0.5868,142.7,53.6,322.8,228.6,False
1559,31,0,polyp,0.5149,0.5628,142.8,53.9,322.7,228.7,False
1560,31,0,polyp,0.5201,0.5399,143.3,44.9,323.5,230.8,False
1561,31,0,polyp,0.5201,0.5170,143.4,44.8,323.5,230.7,False
1562,31,0,polyp,0.8282,0.5796,147.7,36.8,325.3,230.3,False
1563,31,0,polyp,0.5811,0.5929,148.4,33.2,325.0,230.7,False
1564,31,0,polyp,0.5811,0.6061,148.7,32.7,325.3,230.1,False
1565,31,0,polyp,0.5609,0.6143,148.9,26.8,324.6,229.8,False
1566,31,0,polyp,0.8069,0.6717,149.5,24.9,324.5,232.1,False
1567,31,0,polyp,0.5299,0.6120,149.1,23.7,324.0,234.0,False
1568,31,0,polyp,0.8075,0.6573,148.2,21.4,323.7,233.9,False
1569,31,0,polyp,0.6705,0.6751,148.2,19.4,323.8,234.4,False
1570,31,0,polyp,0.5175,0.6664,148.4,18.0,323.9,234.9,False
1571,31,0,polyp,0.7283,0.6507,148.3,18.9,323.8,235.6,False
1572,31,0,polyp,0.6630,0.6773,147.9,21.3,323.5,237.7,False
1573,31,0,polyp,0.7041,0.6567,148.2,23.8,323.5,237.5,False
1574,31,0,polyp,0.8708,0.6967,149.6,27.5,324.0,237.3,False
1575,31,0,polyp,0.8090,0.7550,152.6,32.9,325.1,238.6,False
1576,31,0,polyp,0.7233,0.7540,154.6,37.3,325.3,238.8,False
1577,31,0,polyp,0.7890,0.7793,156.2,39.2,325.3,237.8,False
1578,31,0,polyp,0.7853,0.7955,157.2,41.0,325.1,237.7,False
1579,31,0,polyp,0.7474,0.7708,157.3,43.2,324.2,237.8,False
1580,31,0,polyp,0.7216,0.7533,157.7,45.3,323.9,238.3,False
1581,31,0,polyp,0.8055,0.7697,158.4,47.4,324.0,238.8,False
1582,31,0,polyp,0.7146,0.7549,158.9,49.5,323.9,238.7,False
1583,31,0,polyp,0.7547,0.7488,159.1,49.8,323.7,237.7,False
1584,31,0,polyp,0.7738,0.7540,160.9,48.0,324.4,236.2,False
1585,31,0,polyp,0.8220,0.7741,162.5,44.6,324.8,234.6,False
1586,31,0,polyp,0.7826,0.7695,163.6,41.2,324.9,232.8,False
1587,31,0,polyp,0.7993,0.7865,162.5,35.1,324.2,232.1,False
1588,31,0,polyp,0.7993,0.7954,162.9,34.8,324.4,231.6,False
1589,31,0,polyp,0.7170,0.7840,162.8,26.7,324.4,229.4,False
1590,31,0,polyp,0.8803,0.7957,163.6,22.2,325.0,230.8,False
1591,31,0,polyp,0.8614,0.8115,164.2,17.2,324.9,230.2,False
1592,31,0,polyp,0.8600,0.8236,165.6,13.6,325.1,229.3,False
1593,31,0,polyp,0.8745,0.8386,169.2,11.5,325.9,228.6,False
1594,31,0,polyp,0.8156,0.8584,171.7,10.5,325.9,226.9,False
1595,31,0,polyp,0.8771,0.8577,173.8,10.1,325.9,225.7,False
1596,31,0,polyp,0.8269,0.8508,174.9,10.0,325.3,226.2,False
1597,31,0,polyp,0.8556,0.8499,175.2,8.1,325.1,224.3,False
1598,31,0,polyp,0.8532,0.8457,171.7,6.4,323.1,222.1,False
1599,31,0,polyp,0.8738,0.8573,169.1,5.7,322.1,221.2,False
1600,31,0,polyp,0.8616,0.8542,168.0,3.6,322.0,216.1,False
1601,31,0,polyp,0.8829,0.8654,168.7,2.5,322.8,211.9,False
1602,31,0,polyp,0.8989,0.8741,169.0,3.1,323.2,209.4,False
1603,31,0,polyp,0.8125,0.8659,169.1,4.1,323.6,208.7,False
1604,31,0,polyp,0.8581,0.8628,168.0,5.6,323.0,208.0,False
1605,31,0,polyp,0.8546,0.8614,167.1,7.4,322.5,211.2,False
1606,31,0,polyp,0.8197,0.8488,166.8,6.6,322.8,207.7,False
1607,31,0,polyp,0.9062,0.8502,166.8,6.3,323.0,205.5,False
1608,31,0,polyp,0.8840,0.8645,167.5,7.4,323.0,206.2,False
1609,31,0,polyp,0.8120,0.8553,169.5,8.5,324.1,207.5,False
1610,31,0,polyp,0.8997,0.8643,170.7,10.0,324.5,209.1,False
1611,31,0,polyp,0.8702,0.8744,170.8,14.7,324.6,219.7,False
1612,31,0,polyp,0.8651,0.8662,170.1,11.9,324.1,215.9,False
1613,31,0,polyp,0.9221,0.8738,168.2,10.9,323.0,214.0,False
1614,31,0,polyp,0.8913,0.8897,166.7,10.6,322.4,213.1,False
1615,31,0,polyp,0.8181,0.8734,165.8,10.0,322.1,211.4,False
1616,31,0,polyp,0.8397,0.8673,164.9,12.1,321.6,216.3,False
1617,31,0,polyp,0.8126,0.8568,164.6,11.7,321.4,218.6,False
1618,31,0,polyp,0.6496,0.8023,164.7,7.7,321.8,212.5,False
1619,31,0,polyp,0.8318,0.7904,164.7,4.1,321.9,203.7,False
1620,31,0,polyp,0.8165,0.7900,164.7,2.7,321.9,197.2,False
1621,31,0,polyp,0.7951,0.7811,164.9,2.5,322.2,192.2,False
1622,31,0,polyp,0.8430,0.7872,164.9,1.7,322.4,187.0,False
1623,31,0,polyp,0.8313,0.8236,165.7,2.4,322.5,183.9,False
1624,31,0,polyp,0.8466,0.8265,167.0,3.0,322.7,181.9,False
1625,31,0,polyp,0.9058,0.8444,167.6,3.6,322.7,180.8,False
1626,31,0,polyp,0.6231,0.8100,104.9,9.2,303.7,211.2,False
1627,31,0,polyp,0.5091,0.7432,115.6,5.4,311.8,206.0,False
1628,31,0,polyp,0.5091,0.6787,113.1,5.3,309.4,206.1,False
1629,31,0,polyp,0.5091,0.6112,110.6,5.3,307.0,206.3,False
1630,31,0,polyp,0.5091,0.5319,108.0,5.3,304.6,206.4,False
1631,31,0,polyp,0.7523,0.5577,59.4,1.2,252.9,198.2,False
1632,31,0,polyp,0.9041,0.6367,49.0,3.1,240.7,197.2,False
1633,31,0,polyp,0.8321,0.7013,46.9,3.2,235.8,195.1,False
1634,31,0,polyp,0.8500,0.7695,42.8,3.2,230.6,193.0,False
1635,31,0,polyp,0.7708,0.8219,35.9,1.9,223.9,189.6,False
1636,31,0,polyp,0.7947,0.8304,34.5,1.7,221.0,186.2,False
1637,31,0,polyp,0.6538,0.7803,31.5,-0.5,214.4,179.3,False
1638,31,0,polyp,0.5336,0.7206,31.7,-1.1,211.1,175.4,False
1639,31,0,polyp,0.7466,0.6999,34.5,1.5,212.2,176.3,False
1640,31,0,polyp,0.8486,0.7155,38.5,4.7,214.9,179.1,False
1641,31,0,polyp,0.7379,0.7041,42.9,5.6,219.1,181.8,False
1642,31,0,polyp,0.5085,0.6751,46.7,6.2,224.3,185.0,False
1643,31,0,polyp,0.6991,0.7081,49.7,5.7,231.8,188.1,False
1644,31,0,polyp,0.8195,0.7227,56.6,6.5,240.4,191.1,False
1645,31,0,polyp,0.9164,0.7363,58.1,7.9,243.3,195.0,False
1646,31,0,polyp,0.9297,0.7746,60.4,9.5,246.8,199.5,False
1647,31,0,polyp,0.8741,0.8477,59.1,12.7,246.8,204.8,False
1648,31,0,polyp,0.9063,0.8892,58.6,15.3,247.0,208.9,False
1649,31,0,polyp,0.8554,0.8964,57.3,16.6,247.1,212.5,False
1650,31,0,polyp,0.9343,0.8999,57.2,19.4,247.5,215.8,False
1651,31,0,polyp,0.9052,0.8951,56.4,15.9,247.2,217.1,False
1652,31,0,polyp,0.8733,0.8949,54.8,17.2,246.5,221.4,False
1653,31,0,polyp,0.8750,0.8886,51.6,18.2,244.3,223.7,False
1654,31,0,polyp,0.8380,0.8851,51.0,18.7,245.1,227.5,False
1655,31,0,polyp,0.8173,0.8617,49.6,26.4,245.3,232.3,False
1656,31,0,polyp,0.7985,0.8404,48.6,29.6,245.6,233.2,False
1657,31,0,polyp,0.7347,0.8127,48.2,32.7,245.7,233.6,False
1658,31,0,polyp,0.8444,0.8066,47.3,31.2,245.1,232.4,False
1659,31,0,polyp,0.7775,0.7945,46.6,28.8,243.8,231.7,False
1660,31,0,polyp,0.7846,0.7879,47.7,30.1,243.7,232.7,False
1661,31,0,polyp,0.8185,0.7919,48.4,32.5,243.3,234.6,False
1662,31,0,polyp,0.8146,0.8079,48.3,34.4,242.5,235.0,False
1663,31,0,polyp,0.7200,0.7830,46.4,37.0,241.3,236.1,False
1664,31,0,polyp,0.7759,0.7827,45.0,38.5,240.5,236.5,False
1665,31,0,polyp,0.7759,0.7810,44.8,39.0,241.1,236.5,False
1666,31,0,polyp,0.7370,0.7647,45.6,41.0,243.8,237.0,False
1667,31,0,polyp,0.6074,0.7232,45.8,42.2,246.5,237.0,False
1668,31,0,polyp,0.6951,0.7183,48.4,46.9,253.7,238.5,False
1669,31,0,polyp,0.6951,0.7021,48.7,48.3,254.0,240.0,False
1670,31,0,polyp,0.6951,0.6859,48.9,49.6,254.4,241.4,False
1671,31,0,polyp,0.6951,0.6776,49.2,50.9,254.8,242.8,False
1671,32,0,polyp,0.5324,0.5324,230.8,114.4,297.8,232.0,False
1672,31,0,polyp,0.5438,0.6648,64.4,57.8,287.7,240.0,False
1672,32,0,polyp,0.6159,0.5741,237.9,119.4,301.3,223.3,False
1673,31,0,polyp,0.6275,0.6513,65.9,60.9,298.2,238.3,False
1673,32,0,polyp,0.6159,0.5881,246.5,123.0,303.2,216.0,False
1674,31,0,polyp,0.5284,0.6180,63.8,64.6,304.1,238.3,False
1674,32,0,polyp,0.6159,0.5950,255.6,127.4,304.7,208.0,False
1675,31,0,polyp,0.5284,0.5846,66.2,65.9,306.7,239.8,False
1675,32,0,polyp,0.6656,0.6091,243.1,126.6,304.9,228.7,False
1676,31,0,polyp,0.5284,0.5513,68.6,67.2,309.2,241.3,False
1676,32,0,polyp,0.6656,0.6357,245.5,129.7,305.9,229.4,False
1677,31,0,polyp,0.5284,0.5482,71.0,68.6,311.8,242.8,False
1677,32,0,polyp,0.5479,0.6221,244.8,127.0,306.6,229.0,False
1678,32,0,polyp,0.6029,0.6195,247.4,127.5,307.9,226.2,False
1678,31,0,polyp,0.4227,0.4386,71.0,68.6,311.8,242.8,True
1679,32,0,polyp,0.6029,0.6169,249.4,129.1,308.8,226.1,False
1679,33,0,polyp,0.5992,0.5992,54.1,70.8,315.2,235.1,False
1679,31,0,polyp,0.3382,0.3508,71.0,68.6,311.8,242.8,True
1680,32,0,polyp,0.6029,0.6044,251.4,130.7,309.7,226.0,False
1680,33,0,polyp,0.6116,0.6054,48.7,72.5,310.3,235.9,False
1680,31,0,polyp,0.2705,0.2807,71.0,68.6,311.8,242.8,True
1681,32,0,polyp,0.6029,0.5919,253.4,132.3,310.7,225.8,False
1681,33,0,polyp,0.5293,0.5801,51.5,72.6,309.2,234.4,False
1682,33,0,polyp,0.5885,0.5822,50.5,71.8,309.5,234.8,False
1682,32,0,polyp,0.4823,0.4735,253.4,132.3,310.7,225.8,True
1683,33,0,polyp,0.6038,0.5865,50.8,71.8,309.3,235.0,False
1683,32,0,polyp,0.3858,0.3788,253.4,132.3,310.7,225.8,True
1684,33,0,polyp,0.6038,0.5874,50.8,71.8,308.9,234.7,False
1684,34,0,polyp,0.6876,0.6876,255.6,132.2,311.6,226.6,False
1684,32,0,polyp,0.3087,0.3030,253.4,132.3,310.7,225.8,True
1685,33,0,polyp,0.5730,0.5797,48.7,70.0,310.0,235.1,False
1685,34,0,polyp,0.6876,0.6876,255.6,132.2,311.6,226.6,False
1686,33,0,polyp,0.5514,0.5841,50.0,70.8,312.7,235.2,False
1686,34,0,polyp,0.6876,0.6876,255.6,132.2,311.6,226.6,False
1687,33,0,polyp,0.5514,0.5767,50.0,70.5,313.1,235.2,False
1687,34,0,polyp,0.6535,0.6791,243.8,129.3,306.7,231.0,False
1688,33,0,polyp,0.5514,0.5662,50.0,70.3,313.4,235.2,False
1688,34,0,polyp,0.6535,0.6740,240.0,128.1,304.8,232.8,False
1689,33,0,polyp,0.5514,0.5557,50.0,70.1,313.8,235.2,False
1689,34,0,polyp,0.6535,0.6672,236.4,126.9,302.9,234.5,False
1690,34,0,polyp,0.6535,0.6603,232.7,125.8,301.0,236.1,False
1690,33,0,polyp,0.4411,0.4446,50.0,70.1,313.8,235.2,True
1691,35,0,polyp,0.6215,0.6215,39.4,62.1,296.8,234.9,False
1691,33,0,polyp,0.3529,0.3557,50.0,70.1,313.8,235.2,True
1691,34,0,polyp,0.5228,0.5283,232.7,125.8,301.0,236.1,True
1692,35,0,polyp,0.6524,0.6370,37.3,60.9,298.7,235.5,False
1692,33,0,polyp,0.2823,0.2845,50.0,70.1,313.8,235.2,True
1692,34,0,polyp,0.4182,0.4226,232.7,125.8,301.0,236.1,True
1693,35,0,polyp,0.6524,0.6421,35.5,59.5,300.2,236.2,False
1693,34,0,polyp,0.3346,0.3381,232.7,125.8,301.0,236.1,True
1694,35,0,polyp,0.5833,0.6274,33.5,58.7,295.4,235.1,False
1695,35,0,polyp,0.5833,0.6186,31.2,57.6,294.5,234.9,False
1696,35,0,polyp,0.5833,0.6109,28.9,56.6,293.6,234.8,False
1697,35,0,polyp,0.5833,0.5971,26.6,55.5,292.6,234.6,False
1698,35,0,polyp,0.4666,0.4777,26.6,55.5,292.6,234.6,True
