frame,class_id,class_name,conf,x1,y1,x2,y2
0,0,polyp,0.8945226669311523,92.27532196044922,4.167112827301025,285.17095947265625,151.39512634277344
1,0,polyp,0.7767330408096313,89.14417266845703,4.0809736251831055,286.3540344238281,166.28721618652344
2,0,polyp,0.8814453482627869,87.38702392578125,3.803623914718628,286.88818359375,154.0146484375
3,0,polyp,0.5289570689201355,85.26872253417969,3.3759841918945312,286.68359375,137.1514434814453
7,0,polyp,0.578995406627655,84.9358901977539,3.501718044281006,285.642333984375,148.8406982421875
13,0,polyp,0.6523295044898987,95.05352020263672,2.487034559249878,284.89422607421875,116.03175354003906
14,0,polyp,0.6114535331726074,94.68989562988281,2.8665106296539307,284.531494140625,116.92008209228516
16,0,polyp,0.6770945191383362,100.9718246459961,2.8874831199645996,282.8898620605469,124.29846954345703
17,0,polyp,0.7772310376167297,100.35928344726562,3.24336838722229,283.31207275390625,125.32595825195312
19,0,polyp,0.5269583463668823,101.69353485107422,3.4093940258026123,281.6261291503906,121.32017517089844
20,0,polyp,0.6249958276748657,102.17800903320312,3.289736032485962,281.60528564453125,117.45664978027344
23,0,polyp,0.6452288627624512,94.45175170898438,3.698350429534912,281.2900390625,116.509765625
27,0,polyp,0.6963494420051575,87.06371307373047,4.173675537109375,278.1434326171875,134.09303283691406
28,0,polyp,0.7020027041435242,87.61512756347656,4.138570308685303,278.1919250488281,134.95346069335938
31,0,polyp,0.6248652338981628,87.7684326171875,4.003512382507324,275.9173278808594,133.66729736328125
32,0,polyp,0.6303752064704895,85.41425323486328,4.000826835632324,275.65167236328125,135.2559814453125
33,0,polyp,0.5514741539955139,82.85757446289062,4.161607265472412,275.99896240234375,148.49119567871094
36,0,polyp,0.6556182503700256,93.16695404052734,4.11852502822876,284.2593688964844,133.98374938964844
37,0,polyp,0.7460912466049194,92.25249481201172,3.996760845184326,283.2914733886719,134.30775451660156
38,0,polyp,0.6841661930084229,87.79293823242188,4.25778341293335,288.1015625,143.99835205078125
43,0,polyp,0.7567014694213867,101.17898559570312,3.5626296997070312,308.00457763671875,166.15296936035156
44,0,polyp,0.8597800135612488,104.41805267333984,4.260082721710205,306.60009765625,169.3499755859375
45,0,polyp,0.8913613557815552,100.15708923339844,6.231324672698975,307.92327880859375,169.50070190429688
46,0,polyp,0.7754584550857544,97.32301330566406,6.865583419799805,307.0388488769531,181.6338653564453
47,0,polyp,0.7681562304496765,96.58370971679688,5.450719833374023,304.12725830078125,202.6973114013672
48,0,polyp,0.8750039935112,93.57633209228516,6.319913864135742,301.6202697753906,229.7122039794922
49,0,polyp,0.9047378301620483,94.12842559814453,9.35949993133545,300.4480285644531,218.59852600097656
50,0,polyp,0.8752959370613098,94.89726257324219,5.3131866455078125,296.383544921875,226.2037811279297
51,0,polyp,0.8019905686378479,91.61701965332031,6.821355819702148,293.7786865234375,227.6647186279297
52,0,polyp,0.8910101056098938,90.7238540649414,5.266071796417236,292.71014404296875,229.04713439941406
53,0,polyp,0.9471855759620667,90.52562713623047,6.2042341232299805,293.7588195800781,217.37295532226562
54,0,polyp,0.903870701789856,89.02027130126953,8.377798080444336,293.5448303222656,226.1416015625
55,0,polyp,0.938571035861969,88.87323760986328,8.592944145202637,293.92779541015625,223.50607299804688
56,0,polyp,0.9448884129524231,89.8912582397461,7.986228942871094,294.660888671875,223.7545166015625
57,0,polyp,0.864152729511261,90.79963684082031,8.229942321777344,296.35980224609375,226.93032836914062
58,0,polyp,0.916551947593689,94.51636505126953,5.669407367706299,303.2821350097656,227.50372314453125
59,0,polyp,0.9090584516525269,98.80294799804688,5.194552421569824,309.52789306640625,227.4059295654297
60,0,polyp,0.8511731028556824,98.60035705566406,6.217611312866211,313.74102783203125,229.98448181152344
61,0,polyp,0.9171910285949707,98.60677337646484,5.868272304534912,312.3751525878906,230.18064880371094
62,0,polyp,0.9082963466644287,97.66541290283203,6.132412433624268,314.94537353515625,231.0673065185547
63,0,polyp,0.8847543597221375,97.14848327636719,6.416979789733887,314.8887634277344,229.9244384765625
64,0,polyp,0.9196759462356567,94.813232421875,5.381969928741455,310.2841491699219,228.6073455810547
65,0,polyp,0.8559409379959106,86.04303741455078,7.428272724151611,303.6139831542969,225.77749633789062
66,0,polyp,0.9062244296073914,86.04425048828125,8.376925468444824,295.9531555175781,228.74034118652344
67,0,polyp,0.9389627575874329,86.21504211425781,9.093966484069824,294.6881408691406,228.4954833984375
68,0,polyp,0.9309579730033875,86.75562286376953,9.603649139404297,293.6126708984375,229.4046173095703
69,0,polyp,0.9087958931922913,85.25137329101562,9.392884254455566,293.2168884277344,229.22352600097656
70,0,polyp,0.9448328614234924,85.74178314208984,9.635540008544922,292.7979736328125,227.73776245117188
71,0,polyp,0.9498045444488525,85.18248748779297,9.593025207519531,293.4059143066406,228.73025512695312
72,0,polyp,0.8912016153335571,84.75749969482422,9.279806137084961,292.2286682128906,226.07138061523438
73,0,polyp,0.9431082010269165,85.95518493652344,12.261770248413086,292.7806091308594,231.12977600097656
74,0,polyp,0.9012612700462341,83.73118591308594,12.569618225097656,292.659423828125,228.89683532714844
75,0,polyp,0.9279466271400452,83.98406219482422,10.461647987365723,294.9872131347656,231.52195739746094
76,0,polyp,0.9290553331375122,86.29352569580078,11.274663925170898,297.0903625488281,233.33676147460938
77,0,polyp,0.9383289217948914,85.52668762207031,13.771953582763672,298.0605773925781,232.34515380859375
78,0,polyp,0.8938056230545044,82.65629577636719,13.774874687194824,301.972900390625,234.31785583496094
79,0,polyp,0.8999085426330566,83.9036636352539,12.095904350280762,302.2594909667969,234.1531219482422
80,0,polyp,0.837308406829834,85.45553588867188,9.098732948303223,304.8394775390625,234.37277221679688
81,0,polyp,0.8683395981788635,94.587646484375,8.972378730773926,305.9026794433594,231.92361450195312
82,0,polyp,0.9106083512306213,98.61592864990234,7.448045253753662,305.1919250488281,232.39801025390625
83,0,polyp,0.9061800241470337,101.38086700439453,9.79037857055664,304.9129943847656,229.57203674316406
84,0,polyp,0.8299259543418884,109.3530502319336,9.01363468170166,305.1968078613281,230.85232543945312
85,0,polyp,0.8939199447631836,112.61253356933594,7.485491752624512,307.08087158203125,227.59523010253906
86,0,polyp,0.8795549273490906,117.49421691894531,7.578596115112305,307.8900146484375,221.5491943359375
87,0,polyp,0.8289841413497925,120.06459045410156,6.943044662475586,310.3416748046875,224.61578369140625
88,0,polyp,0.8696632981300354,130.77720642089844,6.994573593139648,313.2987060546875,231.2272186279297
89,0,polyp,0.8731324672698975,133.0814666748047,6.339669704437256,313.8507995605469,214.79551696777344
90,0,polyp,0.6985656023025513,133.7609405517578,6.654382228851318,313.5888671875,221.31678771972656
91,0,polyp,0.8139117360115051,137.07135009765625,6.373675346374512,315.86236572265625,225.38253784179688
92,0,polyp,0.8179427981376648,138.60292053222656,6.050603866577148,316.74774169921875,223.38656616210938
93,0,polyp,0.7057722210884094,141.601806640625,7.1373610496521,315.85430908203125,220.3701629638672
94,0,polyp,0.8470771312713623,144.558349609375,6.41355562210083,315.38458251953125,222.9956817626953
95,0,polyp,0.8521466851234436,148.84475708007812,6.283961296081543,315.3021240234375,198.6696014404297
96,0,polyp,0.6934439539909363,153.7112579345703,5.5092315673828125,316.2658386230469,215.101318359375
97,0,polyp,0.8477755784988403,156.66831970214844,6.401403427124023,314.8401184082031,197.74465942382812
98,0,polyp,0.8264075517654419,159.52093505859375,6.398449420928955,314.5404052734375,188.3193359375
99,0,polyp,0.7432452440261841,161.6048583984375,6.580193996429443,316.56561279296875,208.78541564941406
100,0,polyp,0.7283552289009094,161.4935760498047,6.414025783538818,318.1603088378906,201.56468200683594
101,0,polyp,0.800473153591156,161.00360107421875,5.753532409667969,316.47412109375,196.1852264404297
102,0,polyp,0.8146067261695862,159.01434326171875,6.839768886566162,314.70654296875,191.74563598632812
103,0,polyp,0.8536748886108398,153.25257873535156,6.951252460479736,312.3878173828125,200.48768615722656
104,0,polyp,0.788432776927948,148.4359130859375,7.641304016113281,311.3601379394531,196.75201416015625
105,0,polyp,0.688867449760437,147.5542755126953,8.281739234924316,311.14752197265625,209.94737243652344
106,0,polyp,0.7891363501548767,149.23721313476562,8.485085487365723,310.534912109375,221.1123809814453
107,0,polyp,0.824192464351654,152.0391387939453,7.346246242523193,310.123779296875,186.04843139648438
108,0,polyp,0.7736566066741943,158.7173614501953,7.608540058135986,312.4651794433594,184.65057373046875
109,0,polyp,0.8294788002967834,164.21493530273438,6.258146286010742,312.2570495605469,177.74208068847656
110,0,polyp,0.7677253484725952,166.50164794921875,5.721523761749268,312.4296875,178.89820861816406
111,0,polyp,0.7561551332473755,170.0856475830078,4.888735771179199,315.51129150390625,181.23251342773438
112,0,polyp,0.8642321228981018,173.81060791015625,4.825373649597168,314.6506042480469,172.3458251953125
113,0,polyp,0.8157130479812622,175.6551055908203,5.048525810241699,315.4675598144531,178.30604553222656
114,0,polyp,0.7750547528266907,176.14175415039062,5.723286151885986,316.36895751953125,180.0509796142578
115,0,polyp,0.7577601075172424,176.35838317871094,5.639799118041992,316.184326171875,189.98345947265625
116,0,polyp,0.7922066450119019,176.5452880859375,4.7552642822265625,316.4962463378906,179.31492614746094
117,0,polyp,0.8137853145599365,176.4873504638672,5.199906826019287,315.33966064453125,171.164794921875
118,0,polyp,0.5892135500907898,176.93234252929688,5.192622184753418,319.22943115234375,190.65359497070312
119,0,polyp,0.6735066771507263,177.92405700683594,6.627291679382324,318.9913024902344,174.50051879882812
129,0,polyp,0.5348299145698547,0.583300769329071,4.702291965484619,336.74761962890625,210.69207763671875
130,0,polyp,0.5258308053016663,16.510406494140625,4.3532209396362305,330.13494873046875,209.8487548828125
131,0,polyp,0.6787408590316772,176.87124633789062,6.610137939453125,321.7584533691406,174.57762145996094
132,0,polyp,0.568616509437561,177.86204528808594,7.132879257202148,322.0354309082031,161.87586975097656
133,0,polyp,0.8268409371376038,183.68133544921875,4.586343288421631,322.53057861328125,156.52011108398438
134,0,polyp,0.8050084114074707,187.03134155273438,4.381100177764893,322.15362548828125,152.5305633544922
136,0,polyp,0.8096992373466492,177.21258544921875,6.266286849975586,320.5063171386719,163.20603942871094
137,0,polyp,0.7374492883682251,177.98709106445312,5.975677490234375,320.720947265625,167.47305297851562
138,0,polyp,0.7845268845558167,177.39895629882812,6.326141357421875,320.4458312988281,161.82496643066406
139,0,polyp,0.7633139491081238,175.25045776367188,5.0345778465271,320.65576171875,172.63223266601562
141,0,polyp,0.5052187442779541,151.8885498046875,6.261838912963867,310.9941711425781,180.82247924804688
142,0,polyp,0.6713945269584656,143.3268280029297,6.165360927581787,308.8191223144531,184.13946533203125
143,0,polyp,0.5725087523460388,143.68826293945312,5.157928466796875,311.99517822265625,226.7594757080078
145,0,polyp,0.6537365913391113,157.33523559570312,7.249935626983643,320.71478271484375,225.98040771484375
146,0,polyp,0.5264891386032104,157.9502716064453,7.3958282470703125,320.7130126953125,200.10714721679688
147,0,polyp,0.5728863477706909,157.3314208984375,6.895561218261719,321.27349853515625,197.49856567382812
148,0,polyp,0.7740529179573059,153.9786376953125,5.438937187194824,319.9323425292969,209.14178466796875
149,0,polyp,0.729047954082489,152.1953125,5.790777206420898,319.5309753417969,208.74127197265625
149,0,polyp,0.5049365162849426,30.63863182067871,3.1146132946014404,326.93243408203125,215.7169189453125
151,0,polyp,0.7244759202003479,146.79006958007812,5.498119831085205,314.638427734375,190.49375915527344
152,0,polyp,0.700859785079956,143.9344940185547,5.117645263671875,314.7017822265625,223.23684692382812
153,0,polyp,0.619673490524292,143.3744659423828,6.36790132522583,315.6861267089844,222.83311462402344
154,0,polyp,0.8144305944442749,143.46359252929688,6.348565578460693,314.28955078125,190.78036499023438
155,0,polyp,0.7626006007194519,143.44210815429688,5.4964752197265625,313.650634765625,210.4380340576172
157,0,polyp,0.7376477122306824,140.8214874267578,6.433563232421875,316.759765625,226.99697875976562
158,0,polyp,0.6843748092651367,133.22500610351562,6.477891445159912,315.541259765625,232.19827270507812
159,0,polyp,0.6874576210975647,129.58700561523438,6.708478927612305,316.4172668457031,233.00411987304688
160,0,polyp,0.8293460607528687,122.78568267822266,6.796867370605469,317.1761779785156,232.34048461914062
161,0,polyp,0.74537593126297,119.72151184082031,6.696964740753174,318.30462646484375,228.942138671875
162,0,polyp,0.7133735418319702,114.21029663085938,7.446551322937012,316.0007019042969,231.32167053222656
163,0,polyp,0.8019207715988159,101.63861083984375,8.4758882522583,316.98822021484375,235.31797790527344
164,0,polyp,0.863839328289032,102.79019927978516,7.577253341674805,330.1452331542969,232.21739196777344
165,0,polyp,0.8286207318305969,106.66877746582031,8.744006156921387,321.8851623535156,230.26324462890625
166,0,polyp,0.9027311205863953,106.36209106445312,8.505730628967285,315.6126403808594,232.97454833984375
167,0,polyp,0.8135938048362732,109.18264770507812,8.820158004760742,317.2971496582031,230.2475128173828
168,0,polyp,0.6416181921958923,116.7331314086914,7.6863203048706055,319.7586669921875,234.18475341796875
169,0,polyp,0.8765601515769958,119.938232421875,6.147115707397461,320.1237487792969,232.2230224609375
170,0,polyp,0.88653963804245,120.81486511230469,8.050664901733398,314.5422058105469,233.07870483398438
171,0,polyp,0.8184220790863037,126.52686309814453,9.19165325164795,308.5045471191406,230.34408569335938
172,0,polyp,0.9114441871643066,133.82357788085938,11.00869369506836,305.8709716796875,199.37120056152344
173,0,polyp,0.9001739621162415,140.0709991455078,11.530261039733887,305.2953186035156,189.88876342773438
175,0,polyp,0.7702993750572205,154.2930908203125,8.792496681213379,314.92913818359375,194.41600036621094
176,0,polyp,0.8037725687026978,157.15020751953125,8.2449312210083,318.73968505859375,212.32974243164062
177,0,polyp,0.6234409213066101,159.3068389892578,7.554560661315918,321.4100036621094,225.88131713867188
178,0,polyp,0.8240286111831665,165.12765502929688,7.0587921142578125,323.1639709472656,198.25152587890625
179,0,polyp,0.7523691654205322,165.49688720703125,7.054629325866699,323.0710754394531,207.30894470214844
180,0,polyp,0.5814319849014282,165.1396484375,7.569935321807861,323.46240234375,218.1654510498047
181,0,polyp,0.7433744072914124,164.46275329589844,7.875751972198486,323.45989990234375,216.61651611328125
182,0,polyp,0.7950114011764526,164.89804077148438,7.719335556030273,321.82000732421875,202.72732543945312
183,0,polyp,0.8077148199081421,166.2702178955078,7.541703701019287,321.2148132324219,182.60537719726562
184,0,polyp,0.8123045563697815,167.2989501953125,7.678314208984375,320.4338684082031,183.5478973388672
185,0,polyp,0.7936499118804932,174.14927673339844,7.659213066101074,322.0099792480469,198.71102905273438
186,0,polyp,0.639658510684967,176.35494995117188,7.683030605316162,323.12286376953125,218.8431396484375
187,0,polyp,0.5279051065444946,177.6314239501953,7.465450763702393,323.79876708984375,222.09249877929688
188,0,polyp,0.5655978322029114,179.26390075683594,6.348934650421143,323.47088623046875,225.08444213867188
190,0,polyp,0.8103998899459839,180.75039672851562,7.5913190841674805,323.58245849609375,202.81082153320312
191,0,polyp,0.820038378238678,178.29391479492188,8.109696388244629,323.10888671875,192.06716918945312
192,0,polyp,0.5565599799156189,177.07196044921875,7.278133869171143,322.3462829589844,225.33013916015625
193,0,polyp,0.8180661201477051,176.9420166015625,9.577583312988281,323.4501647949219,208.98191833496094
194,0,polyp,0.7788927555084229,175.8564453125,8.928067207336426,322.88690185546875,209.3519744873047
195,0,polyp,0.5909525156021118,175.50888061523438,7.883825302124023,322.5947265625,198.89605712890625
196,0,polyp,0.8216911554336548,175.85202026367188,11.627511024475098,322.8245544433594,215.38925170898438
197,0,polyp,0.8340364098548889,176.54925537109375,11.135417938232422,322.92108154296875,212.63693237304688
198,0,polyp,0.707023024559021,176.8192901611328,9.511921882629395,322.83642578125,221.94473266601562
199,0,polyp,0.8114705085754395,176.4768829345703,11.32830810546875,322.8039245605469,223.41775512695312
200,0,polyp,0.8173462748527527,176.3738250732422,12.434551239013672,322.5676574707031,210.8077392578125
201,0,polyp,0.7531186938285828,176.330322265625,10.919734954833984,323.4678955078125,226.0484161376953
202,0,polyp,0.8245282173156738,176.5944366455078,13.63205337524414,321.9325256347656,218.02066040039062
203,0,polyp,0.81107497215271,176.1046905517578,12.96241283416748,321.51971435546875,208.70159912109375
204,0,polyp,0.5585252642631531,174.645263671875,8.911768913269043,321.2684631347656,215.09967041015625
205,0,polyp,0.8322187662124634,175.0037841796875,15.641765594482422,321.05316162109375,222.5165557861328
206,0,polyp,0.8408353328704834,175.11453247070312,15.977425575256348,320.7315673828125,226.5438995361328
207,0,polyp,0.7965917587280273,174.23971557617188,15.04241943359375,321.0436096191406,216.60385131835938
208,0,polyp,0.8839982151985168,173.65728759765625,18.274206161499023,320.9830017089844,217.7725067138672
209,0,polyp,0.892010509967804,172.17120361328125,19.53251838684082,321.6026306152344,222.9841766357422
210,0,polyp,0.7498899698257446,171.37843322753906,13.204648971557617,322.3620300292969,231.62136840820312
211,0,polyp,0.5896433591842651,164.78179931640625,21.862817764282227,320.66387939453125,229.78466796875
212,0,polyp,0.7306879758834839,19.2083740234375,4.184283256530762,329.2650146484375,237.5522918701172
214,0,polyp,0.8587446212768555,109.50293731689453,16.434253692626953,288.6729736328125,230.24392700195312
215,0,polyp,0.8755375742912292,105.06513977050781,11.755359649658203,283.4912414550781,229.6195068359375
216,0,polyp,0.7183112502098083,96.49726867675781,7.198121547698975,278.3765869140625,185.791748046875
217,0,polyp,0.7283279895782471,84.98551940917969,8.060400009155273,264.7609558105469,183.00665283203125
218,0,polyp,0.7267761826515198,86.00460052490234,5.817934989929199,260.33233642578125,171.4720001220703
219,0,polyp,0.5271150469779968,84.09254455566406,7.140096664428711,259.4415588378906,176.795654296875
220,0,polyp,0.8017284274101257,80.32244110107422,10.565545082092285,259.204345703125,169.0533905029297
221,0,polyp,0.8244004845619202,80.97142028808594,8.693031311035156,258.31854248046875,173.0063018798828
222,0,polyp,0.8329282402992249,79.96893310546875,5.513696193695068,256.58056640625,174.8651885986328
223,0,polyp,0.8886308073997498,78.33761596679688,6.647852897644043,254.46051025390625,174.94390869140625
224,0,polyp,0.868473470211029,78.32642364501953,6.438346862792969,255.8424835205078,170.2406768798828
225,0,polyp,0.7464978098869324,78.71619415283203,7.480003356933594,258.2314147949219,174.83531188964844
226,0,polyp,0.7342692017555237,83.15508270263672,6.196043014526367,259.3080139160156,171.24594116210938
227,0,polyp,0.7574940323829651,85.7529296875,6.999458312988281,262.0858154296875,168.91090393066406
228,0,polyp,0.8095090389251709,86.05638122558594,9.846271514892578,264.7175598144531,170.30270385742188
229,0,polyp,0.8444687724113464,88.20490264892578,6.770917892456055,267.0758972167969,165.7738037109375
230,0,polyp,0.8155092000961304,88.28083038330078,4.73508882522583,268.1373596191406,163.0381622314453
231,0,polyp,0.8756041526794434,89.79340362548828,6.560186386108398,265.9186706542969,165.2986297607422
232,0,polyp,0.8209569454193115,87.554931640625,7.156377792358398,267.7444152832031,169.7735137939453
233,0,polyp,0.7993143796920776,87.84234619140625,3.5407087802886963,269.2093505859375,175.68406677246094
234,0,polyp,0.8489153385162354,91.37632751464844,7.7946319580078125,272.0315246582031,172.9984893798828
235,0,polyp,0.8899478912353516,92.66114807128906,6.186559677124023,272.07659912109375,171.26055908203125
236,0,polyp,0.8840703964233398,92.41114044189453,3.642407178878784,273.3492736816406,175.72076416015625
237,0,polyp,0.8907111287117004,92.04159545898438,4.610126972198486,272.9977722167969,173.1951446533203
238,0,polyp,0.85090172290802,92.9132080078125,3.1875762939453125,273.5848388671875,176.03953552246094
239,0,polyp,0.8250600099563599,94.56188201904297,3.6535353660583496,276.2500305175781,179.8260498046875
240,0,polyp,0.8467190861701965,96.05878448486328,5.330474853515625,276.1994323730469,185.47019958496094
241,0,polyp,0.8620138764381409,97.25650787353516,3.3919126987457275,276.8106689453125,183.33216857910156
242,0,polyp,0.8744041919708252,97.13136291503906,3.353358268737793,276.90301513671875,186.6634979248047
243,0,polyp,0.8433438539505005,96.51639556884766,5.373208522796631,276.83349609375,186.4550323486328
244,0,polyp,0.8666648864746094,97.55490112304688,2.9941999912261963,277.7473449707031,187.29779052734375
245,0,polyp,0.8574944734573364,97.71697998046875,3.107177734375,277.50946044921875,185.46546936035156
246,0,polyp,0.7719314098358154,96.74111938476562,5.352025985717773,278.10845947265625,189.67623901367188
247,0,polyp,0.7951354384422302,101.66154479980469,3.473066568374634,277.80670166015625,190.66517639160156
248,0,polyp,0.7445186972618103,102.63055419921875,3.606672525405884,277.4305419921875,185.5044403076172
249,0,polyp,0.6721562147140503,103.64676666259766,7.1142988204956055,278.634521484375,181.3245391845703
250,0,polyp,0.8478043675422668,103.5499267578125,3.1059019565582275,279.23907470703125,176.965576171875
251,0,polyp,0.8541949391365051,103.02494812011719,3.606689453125,278.53033447265625,175.861083984375
252,0,polyp,0.7776013612747192,104.80054473876953,6.561160087585449,278.2489929199219,177.30487060546875
253,0,polyp,0.8645430207252502,104.42594146728516,4.54105806350708,279.3025207519531,174.02598571777344
254,0,polyp,0.8412346243858337,104.5112075805664,4.5426025390625,279.4322509765625,173.27479553222656
255,0,polyp,0.7919794917106628,104.26521301269531,4.9566802978515625,280.1042785644531,177.225341796875
256,0,polyp,0.9035924673080444,104.63865661621094,6.817327499389648,280.8468017578125,173.28067016601562
257,0,polyp,0.8929116129875183,104.51329040527344,6.848228454589844,280.6150817871094,173.021484375
258,0,polyp,0.8460466265678406,104.57794189453125,9.197158813476562,280.877685546875,174.56442260742188
259,0,polyp,0.8935912847518921,104.10763549804688,8.785078048706055,280.3963317871094,173.7028045654297
260,0,polyp,0.8978617191314697,103.89530181884766,7.523576259613037,280.52783203125,174.3516082763672
261,0,polyp,0.8370448350906372,104.07650756835938,6.474567890167236,280.65216064453125,174.44039916992188
262,0,polyp,0.9120292663574219,104.30194091796875,7.99989128112793,281.08154296875,174.18992614746094
263,0,polyp,0.8763102889060974,104.43433380126953,6.665779113769531,281.16815185546875,174.52687072753906
264,0,polyp,0.7487479448318481,104.5986557006836,6.9480299949646,280.0925598144531,175.25099182128906
265,0,polyp,0.8740286827087402,104.29887390136719,7.809804916381836,280.648681640625,173.7532196044922
266,0,polyp,0.8574895858764648,103.30937957763672,4.295397758483887,280.08892822265625,175.7908935546875
267,0,polyp,0.711775541305542,103.0882568359375,4.847781181335449,279.0423278808594,180.7195587158203
268,0,polyp,0.8259321451187134,101.75177764892578,4.5059614181518555,279.6415100097656,189.47373962402344
269,0,polyp,0.8176715970039368,100.06623840332031,5.60386323928833,279.21563720703125,183.80831909179688
270,0,polyp,0.7985329627990723,98.28540802001953,6.278203964233398,279.5790710449219,186.16217041015625
271,0,polyp,0.8630328178405762,99.60633850097656,2.9887282848358154,278.9239807128906,182.21485900878906
272,0,polyp,0.882266104221344,102.13624572753906,4.285243034362793,278.9346008300781,177.5442352294922
273,0,polyp,0.8663725256919861,103.75286102294922,6.6589813232421875,280.02069091796875,172.25265502929688
274,0,polyp,0.867050051689148,103.948486328125,4.246638298034668,279.1601867675781,171.29055786132812
275,0,polyp,0.869178056716919,104.4019775390625,5.354493618011475,279.0296936035156,170.803466796875
276,0,polyp,0.8757436275482178,104.86865234375,6.2037811279296875,280.6405944824219,171.72413635253906
277,0,polyp,0.8773731589317322,106.3667221069336,3.5994887351989746,282.53887939453125,173.21197509765625
278,0,polyp,0.843185305595398,107.64289093017578,4.742809772491455,285.1758117675781,174.4776611328125
279,0,polyp,0.8559536933898926,108.43647003173828,5.382406234741211,286.0671691894531,175.14340209960938
280,0,polyp,0.9220603108406067,109.38691711425781,2.1909866333007812,287.2726135253906,173.1333770751953
281,0,polyp,0.9067460894584656,107.02165985107422,2.6757612228393555,286.5391540527344,172.65892028808594
282,0,polyp,0.8296303153038025,108.09161376953125,4.874972343444824,284.92547607421875,173.7201385498047
283,0,polyp,0.8783416152000427,106.93596649169922,5.851437091827393,283.8917236328125,173.8502197265625
284,0,polyp,0.8753156065940857,106.34368896484375,4.506381034851074,283.56689453125,175.9598846435547
285,0,polyp,0.8156003952026367,104.38246154785156,5.537513732910156,283.337646484375,174.80458068847656
286,0,polyp,0.7912261486053467,104.6973876953125,4.503393650054932,283.5267639160156,181.45437622070312
287,0,polyp,0.8615270853042603,104.34992980957031,2.6201536655426025,283.687255859375,182.73977661132812
288,0,polyp,0.7235745787620544,103.84021759033203,4.5754499435424805,282.8095703125,187.25506591796875
289,0,polyp,0.8636036515235901,103.10057830810547,2.3411757946014404,280.6318664550781,190.8002471923828
290,0,polyp,0.8383099436759949,103.1868667602539,3.6039702892303467,280.101318359375,184.8249969482422
291,0,polyp,0.8088533878326416,102.46260833740234,4.780206203460693,279.3724365234375,185.1549835205078
292,0,polyp,0.9105093479156494,102.0420913696289,2.786808729171753,280.21923828125,186.44740295410156
293,0,polyp,0.910330057144165,102.2170639038086,3.1488540172576904,280.1720886230469,188.56935119628906
294,0,polyp,0.840607225894928,103.82513427734375,6.447896957397461,280.8652038574219,188.57244873046875
295,0,polyp,0.9284590482711792,102.97708892822266,5.647603988647461,280.8367004394531,190.12693786621094
296,0,polyp,0.9272533655166626,103.23844146728516,5.0045166015625,279.8520202636719,192.27870178222656
297,0,polyp,0.9061850905418396,103.61007690429688,5.677296161651611,282.5460510253906,195.54310607910156
298,0,polyp,0.8856053352355957,104.17383575439453,6.300561428070068,282.31036376953125,198.0331573486328
299,0,polyp,0.8869853615760803,104.742431640625,6.284666061401367,283.81298828125,201.31851196289062
300,0,polyp,0.8495833277702332,105.59078979492188,7.509661674499512,284.5169677734375,192.97454833984375
301,0,polyp,0.8911155462265015,106.29696655273438,6.006678581237793,282.991455078125,194.51419067382812
302,0,polyp,0.8687851428985596,105.32231140136719,6.184596061706543,288.26849365234375,204.5128173828125
303,0,polyp,0.8574625849723816,105.10270690917969,7.106493949890137,287.84490966796875,202.01058959960938
304,0,polyp,0.9102819561958313,108.38890838623047,4.043728351593018,285.5891418457031,193.83047485351562
305,0,polyp,0.9104479551315308,107.48491668701172,3.4732513427734375,290.14141845703125,196.0717315673828
306,0,polyp,0.907178521156311,108.02591705322266,4.870473861694336,290.2701416015625,192.2639617919922
307,0,polyp,0.9153134822845459,109.0271224975586,3.710217237472534,291.1827392578125,193.18434143066406
308,0,polyp,0.9014570713043213,109.78401184082031,3.576040506362915,291.6205749511719,196.16163635253906
309,0,polyp,0.8904018998146057,110.49554443359375,4.565194606781006,292.92059326171875,196.29074096679688
310,0,polyp,0.924354612827301,108.87898254394531,3.4646406173706055,291.4391784667969,190.8782958984375
311,0,polyp,0.9089699387550354,103.61876678466797,3.4023361206054688,290.20831298828125,195.21107482910156
312,0,polyp,0.8922746777534485,103.91313934326172,5.693543910980225,288.25091552734375,191.01271057128906
313,0,polyp,0.86959308385849,106.83108520507812,4.940080165863037,286.28912353515625,197.41722106933594
314,0,polyp,0.870483934879303,106.03935241699219,8.96037769317627,290.42626953125,213.06460571289062
315,0,polyp,0.8894334435462952,101.93933868408203,10.761238098144531,292.1643981933594,210.05157470703125
316,0,polyp,0.9047791361808777,102.11322021484375,10.89553165435791,290.18359375,224.29217529296875
317,0,polyp,0.5994304418563843,67.29224395751953,2.782209634780884,330.5840759277344,228.68746948242188
319,0,polyp,0.5564046502113342,106.62808990478516,61.21764373779297,286.8096618652344,204.58837890625
325,0,polyp,0.6330339908599854,104.556396484375,3.317422389984131,268.2687072753906,203.0353240966797
326,0,polyp,0.8492894172668457,106.10942077636719,4.6683030128479,270.9435119628906,190.57785034179688
327,0,polyp,0.8173924088478088,102.61103057861328,6.833290100097656,261.6748962402344,196.39682006835938
329,0,polyp,0.7827574610710144,106.51841735839844,10.453474044799805,283.2140197753906,191.87318420410156
330,0,polyp,0.5925574898719788,106.49126434326172,6.556309223175049,282.0047302246094,200.50572204589844
331,0,polyp,0.8145906329154968,105.77526092529297,3.9027204513549805,280.3364562988281,181.30850219726562
332,0,polyp,0.8706899285316467,104.7203140258789,5.043725490570068,280.7301025390625,182.5294647216797
333,0,polyp,0.869105875492096,104.95135498046875,11.685317993164062,278.5977478027344,180.1752471923828
334,0,polyp,0.8951497673988342,105.9209213256836,12.389618873596191,278.2200927734375,178.69796752929688
335,0,polyp,0.8806284666061401,108.22647094726562,6.8756208419799805,277.5438232421875,171.85519409179688
336,0,polyp,0.8703694939613342,110.83499908447266,6.773318290710449,277.2777099609375,169.8441162109375
337,0,polyp,0.8950735926628113,111.78823852539062,7.56095552444458,281.2936706542969,170.9201202392578
338,0,polyp,0.8829605579376221,111.69812774658203,5.778138637542725,279.6059875488281,169.86007690429688
339,0,polyp,0.5094523429870605,102.98897552490234,4.068704128265381,335.49407958984375,178.96946716308594
340,0,polyp,0.5590771436691284,104.35742950439453,6.077493190765381,267.34893798828125,177.713623046875
341,0,polyp,0.8519530892372131,107.6287612915039,4.0709028244018555,264.072509765625,184.69900512695312
342,0,polyp,0.5822799801826477,108.90477752685547,5.100558280944824,265.1451721191406,211.68580627441406
343,0,polyp,0.8123803734779358,112.08097076416016,12.191627502441406,267.5677490234375,200.54925537109375
344,0,polyp,0.8021312355995178,111.3447036743164,12.783252716064453,269.6550598144531,219.76950073242188
345,0,polyp,0.899906575679779,118.27188110351562,20.260469436645508,269.6558532714844,217.94517517089844
346,0,polyp,0.9088425040245056,118.94635772705078,23.51189422607422,269.9954833984375,220.82012939453125
347,0,polyp,0.9207454323768616,120.89344787597656,29.585376739501953,269.4016418457031,222.1875762939453
348,0,polyp,0.9099822044372559,120.47786712646484,32.54300308227539,268.73590087890625,229.0751495361328
349,0,polyp,0.9478847980499268,121.28929901123047,38.03582000732422,271.4901123046875,228.0550537109375
350,0,polyp,0.8969824910163879,121.10468292236328,38.80630111694336,270.37469482421875,231.1793975830078
351,0,polyp,0.9121260643005371,121.61964416503906,37.96307373046875,271.3382873535156,231.19207763671875
352,0,polyp,0.9190957546234131,121.42267608642578,31.70073127746582,271.81195068359375,229.1206512451172
353,0,polyp,0.913632869720459,121.61244201660156,30.95428466796875,273.16455078125,230.9629364013672
354,0,polyp,0.9145081639289856,122.43083953857422,30.996379852294922,274.6925354003906,232.3141632080078
355,0,polyp,0.9213053584098816,122.5741958618164,32.681461334228516,276.7558898925781,230.66018676757812
356,0,polyp,0.9273563623428345,117.28279876708984,33.061214447021484,277.89508056640625,231.9490966796875
359,0,polyp,0.7741149067878723,130.8125,33.181758880615234,301.6947937011719,222.46885681152344
361,0,polyp,0.6880112290382385,131.59642028808594,20.147106170654297,259.1826477050781,224.90560913085938
365,0,polyp,0.7613121867179871,126.81269836425781,10.726527214050293,308.4149169921875,225.5451202392578
367,0,polyp,0.7155991196632385,124.39872741699219,3.86181640625,328.0949401855469,223.52366638183594
368,0,polyp,0.869968593120575,129.21405029296875,22.095823287963867,305.3876037597656,218.92530822753906
369,0,polyp,0.8866420388221741,129.3917236328125,18.95081329345703,301.5460205078125,220.70957946777344
370,0,polyp,0.8793639540672302,130.85940551757812,19.398509979248047,299.1430358886719,216.76513671875
371,0,polyp,0.8842377662658691,130.23321533203125,15.829267501831055,320.0309753417969,213.926513671875
372,0,polyp,0.8986318707466125,131.7803497314453,18.414072036743164,296.24639892578125,214.31951904296875
373,0,polyp,0.9068014621734619,131.99855041503906,16.070009231567383,301.03289794921875,212.74024963378906
374,0,polyp,0.9240866303443909,131.20849609375,16.136510848999023,302.6648254394531,209.1783905029297
375,0,polyp,0.9179422855377197,131.92080688476562,16.15141487121582,301.4308776855469,208.73712158203125
376,0,polyp,0.9252534508705139,130.24395751953125,13.236103057861328,295.8712463378906,206.64271545410156
377,0,polyp,0.9066764712333679,128.923095703125,15.865354537963867,293.6655578613281,208.19602966308594
378,0,polyp,0.9273772835731506,129.3526153564453,19.928367614746094,292.8177185058594,208.80130004882812
379,0,polyp,0.9229333996772766,129.52345275878906,19.413801193237305,293.8642272949219,211.0880889892578
380,0,polyp,0.9338988065719604,128.9786834716797,20.628843307495117,293.87841796875,211.81761169433594
381,0,polyp,0.9032532572746277,130.27313232421875,19.815826416015625,294.52264404296875,212.55584716796875
382,0,polyp,0.9378530383110046,129.84494018554688,19.62788963317871,294.4747009277344,211.5362548828125
383,0,polyp,0.9059650897979736,129.2022705078125,19.608184814453125,293.3094482421875,211.35548400878906
384,0,polyp,0.8918566107749939,129.94435119628906,19.65007781982422,290.6598815917969,207.45254516601562
385,0,polyp,0.8960043787956238,128.65484619140625,18.31497573852539,289.04266357421875,205.6578369140625
386,0,polyp,0.9098553657531738,129.54104614257812,19.451129913330078,289.2742919921875,204.51048278808594
387,0,polyp,0.8612594604492188,129.66456604003906,16.230403900146484,289.54962158203125,205.8776397705078
388,0,polyp,0.8962814211845398,128.010009765625,13.601253509521484,290.296630859375,203.9093017578125
389,0,polyp,0.9051094651222229,129.72262573242188,13.523356437683105,292.8656005859375,203.63372802734375
390,0,polyp,0.799536406993866,128.5346221923828,13.32130241394043,292.8733825683594,204.97760009765625
391,0,polyp,0.9104809761047363,128.5728759765625,13.266366004943848,291.38525390625,202.9649200439453
392,0,polyp,0.9077171087265015,128.87953186035156,13.638751029968262,289.0085754394531,204.85458374023438
394,0,polyp,0.515911877155304,11.244820594787598,2.2243881225585938,332.64166259765625,236.3896942138672
398,0,polyp,0.8160920143127441,131.78955078125,9.285748481750488,303.0140686035156,206.91114807128906
399,0,polyp,0.5675805807113647,126.99336242675781,5.800982475280762,323.16998291015625,207.87730407714844
400,0,polyp,0.6822395920753479,130.66786193847656,10.494579315185547,272.458251953125,206.2904815673828
401,0,polyp,0.6224637627601624,126.40386199951172,9.345803260803223,323.0315856933594,232.7235107421875
405,0,polyp,0.5053793787956238,125.24319458007812,4.983619689941406,324.2548522949219,231.9300537109375
415,0,polyp,0.6967858076095581,139.26141357421875,11.457130432128906,320.4151916503906,221.08200073242188
416,0,polyp,0.8486911654472351,133.761474609375,9.429794311523438,319.0487365722656,209.75355529785156
417,0,polyp,0.8573958277702332,134.8013458251953,8.450274467468262,310.7006530761719,209.4019012451172
418,0,polyp,0.9345378279685974,135.98301696777344,14.458463668823242,306.4023132324219,209.21664428710938
419,0,polyp,0.9311317801475525,133.71116638183594,15.00745677947998,304.303466796875,209.03135681152344
420,0,polyp,0.9073303937911987,137.5770721435547,15.178072929382324,305.0185241699219,215.10134887695312
421,0,polyp,0.9221482872962952,138.21755981445312,14.901965141296387,305.6839904785156,207.0851287841797
422,0,polyp,0.9014361500740051,139.11709594726562,13.483559608459473,306.32501220703125,210.1278839111328
423,0,polyp,0.8627897500991821,139.16305541992188,12.870583534240723,307.2726745605469,209.125
424,0,polyp,0.8994044065475464,140.71893310546875,9.050728797912598,309.42254638671875,208.92617797851562
425,0,polyp,0.8711223602294922,140.29898071289062,9.599034309387207,311.0396728515625,210.5628662109375
426,0,polyp,0.8024495840072632,138.53433227539062,11.040484428405762,305.5823669433594,207.93222045898438
427,0,polyp,0.8918600082397461,138.23744201660156,10.240090370178223,305.7035217285156,209.59402465820312
428,0,polyp,0.8841546177864075,138.3354034423828,9.454903602600098,304.3064270019531,210.95285034179688
429,0,polyp,0.8252172470092773,139.63037109375,9.734016418457031,310.2723693847656,212.3876190185547
430,0,polyp,0.8362192511558533,141.77452087402344,7.82769775390625,308.0898742675781,203.33694458007812
431,0,polyp,0.86143958568573,142.7404022216797,7.177879333496094,310.10296630859375,198.46527099609375
432,0,polyp,0.8492761254310608,145.807373046875,5.591207504272461,311.4765319824219,199.89773559570312
433,0,polyp,0.8807666897773743,145.22019958496094,7.975956439971924,312.11175537109375,200.92189025878906
434,0,polyp,0.903482973575592,144.6201171875,11.870888710021973,311.8377685546875,201.57908630371094
435,0,polyp,0.8346193432807922,144.03578186035156,15.783714294433594,310.0066223144531,203.36961364746094
436,0,polyp,0.8912402391433716,142.3335418701172,18.098033905029297,307.7728271484375,204.1767120361328
437,0,polyp,0.8975575566291809,143.57020568847656,16.898500442504883,308.7608642578125,207.30181884765625
438,0,polyp,0.6897414326667786,144.31239318847656,17.4955997467041,310.5954284667969,213.99859619140625
439,0,polyp,0.8775643706321716,146.06849670410156,14.00467300415039,313.25909423828125,209.9949188232422
440,0,polyp,0.8987342715263367,145.95172119140625,13.5415678024292,313.810302734375,203.9699249267578
441,0,polyp,0.804036557674408,145.83644104003906,11.281344413757324,314.0614013671875,203.05197143554688
442,0,polyp,0.8690330386161804,146.39366149902344,13.15377426147461,312.28857421875,202.88328552246094
443,0,polyp,0.8159641623497009,143.66671752929688,14.333669662475586,311.0458984375,205.34536743164062
444,0,polyp,0.750746488571167,144.2869415283203,19.67262077331543,307.8430480957031,210.53848266601562
445,0,polyp,0.8432947397232056,143.01217651367188,23.66292381286621,307.36859130859375,210.02151489257812
446,0,polyp,0.8222614526748657,143.6685028076172,20.483285903930664,307.95843505859375,210.064208984375
447,0,polyp,0.8136534094810486,146.003173828125,17.785051345825195,310.0693359375,208.35031127929688
448,0,polyp,0.8747686743736267,144.79794311523438,11.292522430419922,312.2794189453125,234.45994567871094
449,0,polyp,0.8170540928840637,144.79454040527344,10.253484725952148,311.06610107421875,204.6076202392578
450,0,polyp,0.7812482714653015,144.2974853515625,12.170998573303223,310.7178039550781,202.31385803222656
451,0,polyp,0.8369585871696472,142.90676879882812,13.978137016296387,308.881591796875,198.2754364013672
452,0,polyp,0.7873364090919495,141.69834899902344,17.49778175354004,306.0534973144531,210.50318908691406
453,0,polyp,0.8623121380805969,141.555908203125,21.93328094482422,305.27899169921875,210.2559356689453
454,0,polyp,0.9018950462341309,141.55221557617188,22.50948143005371,305.8040466308594,211.33621215820312
455,0,polyp,0.8718655109405518,141.78408813476562,19.570167541503906,307.0074462890625,215.42889404296875
456,0,polyp,0.8130298852920532,141.48585510253906,15.06897258758545,306.2772216796875,217.47201538085938
457,0,polyp,0.8331303596496582,141.60972595214844,14.351394653320312,306.5454406738281,202.12637329101562
458,0,polyp,0.8761648535728455,141.03192138671875,15.623050689697266,306.0614929199219,203.31729125976562
459,0,polyp,0.828801691532135,140.94430541992188,14.67553997039795,303.5457458496094,205.16151428222656
460,0,polyp,0.8343661427497864,138.6712646484375,15.15480899810791,303.89556884765625,205.89637756347656
461,0,polyp,0.8418498635292053,138.8883514404297,17.50598907470703,303.53057861328125,204.7981414794922
462,0,polyp,0.7100736498832703,140.6712646484375,18.767305374145508,301.8233642578125,210.57998657226562
463,0,polyp,0.7889567613601685,139.45494079589844,18.585041046142578,301.6692199707031,206.74215698242188
464,0,polyp,0.9012177586555481,138.47552490234375,18.200286865234375,303.3104553222656,204.96096801757812
465,0,polyp,0.8155605792999268,140.49240112304688,14.426338195800781,302.8919372558594,205.7072296142578
466,0,polyp,0.8229705691337585,139.0601348876953,11.86103630065918,303.280517578125,199.1406707763672
467,0,polyp,0.9083513021469116,139.31666564941406,11.733892440795898,303.3417053222656,197.89431762695312
469,0,polyp,0.7370270490646362,139.1061248779297,10.524086952209473,304.14599609375,197.66845703125
470,0,polyp,0.8204292058944702,138.30091857910156,12.06142807006836,300.0086364746094,195.5733642578125
471,0,polyp,0.8595488667488098,138.19161987304688,15.269750595092773,298.73193359375,203.56051635742188
472,0,polyp,0.8079312443733215,138.4352264404297,16.298280715942383,304.2197570800781,208.34841918945312
473,0,polyp,0.8301005959510803,138.597412109375,14.047054290771484,302.7860412597656,205.96170043945312
474,0,polyp,0.7206224799156189,138.97344970703125,11.21820068359375,303.479736328125,201.64398193359375
475,0,polyp,0.8434106707572937,140.45164489746094,7.797115802764893,303.74334716796875,193.6961669921875
476,0,polyp,0.8330082297325134,141.0092010498047,7.858480453491211,304.1325378417969,193.08319091796875
477,0,polyp,0.7815312743186951,141.33409118652344,10.791584014892578,304.00152587890625,196.5596466064453
478,0,polyp,0.8823631405830383,140.1394805908203,12.247520446777344,304.004638671875,200.427978515625
479,0,polyp,0.8828001618385315,139.41217041015625,12.765948295593262,304.6723327636719,201.69308471679688
480,0,polyp,0.8539709448814392,140.2524871826172,12.516108512878418,303.8915710449219,202.96934509277344
481,0,polyp,0.8388757109642029,140.1840057373047,9.799022674560547,305.7664794921875,197.271240234375
482,0,polyp,0.8386352062225342,138.21029663085938,11.617340087890625,302.8855285644531,202.0006866455078
483,0,polyp,0.8240150213241577,138.2125701904297,13.440020561218262,300.5834655761719,198.8136749267578
484,0,polyp,0.8867311477661133,138.97377014160156,13.736404418945312,302.7325744628906,202.09112548828125
485,0,polyp,0.8907703757286072,139.33070373535156,16.09649658203125,302.6658020019531,201.67373657226562
486,0,polyp,0.8459250330924988,141.04576110839844,15.958794593811035,302.222412109375,203.62030029296875
487,0,polyp,0.9144408702850342,139.70945739746094,14.424256324768066,305.13922119140625,204.96676635742188
488,0,polyp,0.9260533452033997,137.98854064941406,17.18478012084961,304.0993957519531,208.80650329589844
489,0,polyp,0.67998206615448,130.49783325195312,19.906312942504883,301.82135009765625,215.36709594726562
490,0,polyp,0.858123779296875,123.49463653564453,21.947715759277344,295.7622985839844,212.84942626953125
491,0,polyp,0.8405625224113464,114.5341796875,21.551143646240234,289.0230712890625,220.61558532714844
492,0,polyp,0.846988320350647,110.00614166259766,20.272823333740234,288.64276123046875,222.12393188476562
493,0,polyp,0.6943691372871399,102.095458984375,18.10065269470215,288.3271179199219,217.17416381835938
494,0,polyp,0.7963870167732239,102.46542358398438,16.218286514282227,289.0954895019531,216.24188232421875
495,0,polyp,0.5228831171989441,99.25590515136719,15.381351470947266,288.2178039550781,219.70606994628906
496,0,polyp,0.70859295129776,94.49954986572266,18.51140785217285,285.7122497558594,216.2948760986328
497,0,polyp,0.7333378791809082,90.4807357788086,19.587203979492188,280.2070007324219,224.419189453125
498,0,polyp,0.7614514231681824,83.95635223388672,13.545461654663086,275.7423400878906,225.1927947998047
499,0,polyp,0.8218259811401367,78.0995864868164,14.800501823425293,269.29327392578125,224.53907775878906
503,0,polyp,0.7475616931915283,43.06828308105469,15.60235595703125,226.3075714111328,217.06224060058594
504,0,polyp,0.5543169975280762,38.940731048583984,36.4481086730957,222.4279327392578,221.38720703125
505,0,polyp,0.6884922385215759,38.669891357421875,28.106412887573242,219.58746337890625,216.25840759277344
507,0,polyp,0.5112868547439575,34.84048843383789,14.210033416748047,216.65628051757812,211.46478271484375
508,0,polyp,0.7884076833724976,31.96582794189453,10.283210754394531,214.10330200195312,210.0784454345703
509,0,polyp,0.7114251852035522,32.05984115600586,9.216796875,211.54771423339844,210.7693634033203
510,0,polyp,0.5534734725952148,31.3115291595459,8.157180786132812,209.9708251953125,210.29812622070312
511,0,polyp,0.8089966177940369,33.856117248535156,8.967494010925293,207.46231079101562,207.79910278320312
512,0,polyp,0.8429791927337646,32.213253021240234,8.872879028320312,207.09719848632812,208.71388244628906
513,0,polyp,0.7853713035583496,32.20286178588867,9.87641716003418,207.93824768066406,209.12413024902344
514,0,polyp,0.8377367854118347,33.37882995605469,7.844146728515625,207.8708953857422,209.274658203125
515,0,polyp,0.8359382748603821,34.883575439453125,12.399455070495605,207.5890350341797,214.5052947998047
516,0,polyp,0.7922562956809998,34.809940338134766,10.013766288757324,205.20570373535156,208.68380737304688
517,0,polyp,0.7906519174575806,34.22571563720703,7.27546501159668,205.486083984375,208.356689453125
518,0,polyp,0.8720828890800476,35.386207580566406,10.773674964904785,204.8392791748047,211.27821350097656
519,0,polyp,0.8604265451431274,33.62015914916992,8.573037147521973,205.30267333984375,193.61050415039062
520,0,polyp,0.893739640712738,34.1070671081543,7.350912094116211,205.6607666015625,193.61068725585938
521,0,polyp,0.8317927122116089,36.26582717895508,6.485696315765381,205.1080322265625,194.38055419921875
522,0,polyp,0.8228384852409363,35.84446334838867,6.636623859405518,203.10964965820312,192.79734802246094
523,0,polyp,0.8741378784179688,35.981475830078125,6.6395111083984375,203.76588439941406,192.5469970703125
524,0,polyp,0.8720738291740417,36.48798751831055,5.143946647644043,200.1540985107422,189.21356201171875
525,0,polyp,0.7842620611190796,36.29061508178711,5.874398708343506,201.93663024902344,185.7634735107422
526,0,polyp,0.8541069626808167,36.971317291259766,5.088338851928711,201.13768005371094,182.41033935546875
527,0,polyp,0.8041067719459534,36.988101959228516,5.434186935424805,201.12228393554688,183.88717651367188
528,0,polyp,0.7901929616928101,36.41269302368164,5.568447589874268,202.77996826171875,187.89797973632812
529,0,polyp,0.869733452796936,31.84313201904297,6.360918998718262,207.40582275390625,189.06446838378906
530,0,polyp,0.889288067817688,33.28483581542969,8.672268867492676,208.76487731933594,193.65155029296875
531,0,polyp,0.730224072933197,29.676198959350586,14.251995086669922,207.1340789794922,203.27175903320312
532,0,polyp,0.8792080283164978,34.49868392944336,15.704071044921875,207.08807373046875,209.0515594482422
533,0,polyp,0.5547271370887756,32.56218719482422,8.722387313842773,220.857421875,224.53353881835938
535,0,polyp,0.5014587640762329,0.0,0.8674987554550171,344.51287841796875,232.66761779785156
536,0,polyp,0.6255598664283752,29.18402099609375,5.534542560577393,233.17955017089844,236.86087036132812
536,0,polyp,0.5375164151191711,0.8035827279090881,2.841291666030884,335.4313659667969,234.40380859375
537,0,polyp,0.6835243701934814,31.488136291503906,38.211822509765625,235.97329711914062,232.7388153076172
538,0,polyp,0.7539604902267456,33.51646423339844,25.04796028137207,241.21185302734375,233.68292236328125
539,0,polyp,0.8626642823219299,34.90740966796875,11.111751556396484,236.12864685058594,233.8333282470703
540,0,polyp,0.6492860913276672,35.053199768066406,29.502426147460938,233.41168212890625,235.41802978515625
541,0,polyp,0.8985226154327393,34.420753479003906,17.068227767944336,229.70297241210938,237.88418579101562
542,0,polyp,0.8821859359741211,35.11000061035156,20.069679260253906,228.43116760253906,238.58680725097656
543,0,polyp,0.8882078528404236,34.208797454833984,19.859752655029297,225.07302856445312,235.52880859375
544,0,polyp,0.8935316205024719,31.244155883789062,20.684953689575195,227.26930236816406,232.93896484375
545,0,polyp,0.8779089450836182,35.210289001464844,20.511232376098633,221.80487060546875,232.01785278320312
546,0,polyp,0.8816664218902588,30.389781951904297,24.068592071533203,222.7982940673828,231.92869567871094
548,0,polyp,0.7249671816825867,32.367401123046875,27.140857696533203,235.70297241210938,232.1853485107422
552,0,polyp,0.563820481300354,79.62028503417969,57.37492752075195,257.8388366699219,235.7532501220703
553,0,polyp,0.643831729888916,87.40558624267578,65.02338409423828,260.38116455078125,237.14857482910156
554,0,polyp,0.7918623685836792,92.77630615234375,66.22469329833984,265.88677978515625,235.22021484375
555,0,polyp,0.5764095187187195,93.12892150878906,71.21439361572266,266.5721435546875,235.3385009765625
556,0,polyp,0.9113969802856445,91.18859100341797,71.69541931152344,270.1306457519531,234.2996368408203
557,0,polyp,0.8489799499511719,90.66051483154297,72.85389709472656,270.08441162109375,235.89328002929688
558,0,polyp,0.8501936197280884,91.22451782226562,74.1965560913086,268.8537292480469,235.7888641357422
559,0,polyp,0.8807111382484436,91.10353088378906,76.40800476074219,269.0019836425781,235.11203002929688
559,0,polyp,0.5589688420295715,76.28732299804688,5.5058913230896,327.2416076660156,239.0240020751953
560,0,polyp,0.8154148459434509,92.1987075805664,78.01626586914062,270.18157958984375,236.734375
561,0,polyp,0.7597183585166931,92.77693176269531,78.3702621459961,269.67303466796875,236.05328369140625
562,0,polyp,0.8898167014122009,93.95974731445312,77.62330627441406,270.6944580078125,235.38038635253906
563,0,polyp,0.8646414875984192,92.93821716308594,77.25224304199219,270.35296630859375,235.82391357421875
564,0,polyp,0.7394719123840332,92.30146026611328,76.97089385986328,269.3370666503906,235.7415313720703
565,0,polyp,0.8142235279083252,92.33016967773438,78.06183624267578,270.1516418457031,236.34071350097656
566,0,polyp,0.8337568640708923,92.10552215576172,78.6983871459961,269.06292724609375,237.4171600341797
567,0,polyp,0.8094549179077148,92.30967712402344,80.88134002685547,268.5884094238281,237.1903076171875
568,0,polyp,0.5296504497528076,93.36158752441406,83.85783386230469,269.7239685058594,236.4312744140625
568,0,polyp,0.5130230784416199,84.76528930664062,5.524740219116211,327.562255859375,239.86924743652344
569,0,polyp,0.7580251693725586,93.34442901611328,88.83999633789062,270.3166809082031,236.5848846435547
569,0,polyp,0.5170302987098694,71.5708236694336,6.367146015167236,323.92938232421875,239.9573516845703
570,0,polyp,0.6704452037811279,94.0647201538086,90.41278839111328,271.5619812011719,235.38961791992188
571,0,polyp,0.6330165863037109,79.037353515625,4.232874870300293,325.95086669921875,239.93081665039062
571,0,polyp,0.5783250331878662,93.09585571289062,93.53407287597656,280.0388488769531,234.71389770507812
572,0,polyp,0.5668931007385254,62.360687255859375,5.151063442230225,325.3222961425781,239.73110961914062
578,0,polyp,0.6961323618888855,79.08561706542969,114.79720306396484,289.3462219238281,234.22665405273438
579,0,polyp,0.5799338221549988,79.20513153076172,115.6545639038086,285.39410400390625,234.2478790283203
580,0,polyp,0.7139970064163208,77.27919006347656,114.96244812011719,290.28759765625,234.90733337402344
581,0,polyp,0.7083627581596375,76.9815444946289,114.73424530029297,288.92987060546875,235.07333374023438
582,0,polyp,0.6470870971679688,76.84541320800781,116.75985717773438,284.26995849609375,235.6304473876953
583,0,polyp,0.6140637993812561,74.67472076416016,95.81910705566406,291.18524169921875,235.88580322265625
584,0,polyp,0.5627046823501587,70.61263275146484,101.95536804199219,292.1387634277344,235.54562377929688
585,0,polyp,0.6128907203674316,68.22584533691406,97.77180480957031,283.899169921875,237.80714416503906
586,0,polyp,0.7259147763252258,38.70517349243164,2.418989419937134,330.25494384765625,239.0106658935547
586,0,polyp,0.5066221356391907,54.501461029052734,92.41473388671875,324.27178955078125,236.993896484375
587,0,polyp,0.6411846876144409,57.102142333984375,88.1306381225586,300.8539733886719,235.70721435546875
588,0,polyp,0.5159666538238525,51.4984130859375,81.82958221435547,305.67340087890625,236.3695831298828
589,0,polyp,0.6652317047119141,51.41546630859375,84.452392578125,304.50518798828125,236.94546508789062
590,0,polyp,0.6829719543457031,52.5994873046875,84.35869598388672,295.56939697265625,237.79754638671875
591,0,polyp,0.5307784080505371,38.93577194213867,4.206791400909424,319.1011962890625,239.37327575683594
591,0,polyp,0.5151142477989197,54.452423095703125,87.60293579101562,309.9664001464844,237.21649169921875
592,0,polyp,0.8047218918800354,42.699790954589844,1.0424286127090454,325.44818115234375,240.0
592,0,polyp,0.6045809388160706,53.937217712402344,72.22257995605469,316.3191223144531,237.67518615722656
593,0,polyp,0.7066792845726013,54.65016555786133,86.12712860107422,316.21026611328125,236.15570068359375
593,0,polyp,0.6406420469284058,41.773311614990234,1.2006744146347046,319.417724609375,239.72210693359375
594,0,polyp,0.6990932822227478,53.04539108276367,83.02751159667969,317.66314697265625,236.59861755371094
595,0,polyp,0.7221556901931763,48.64213562011719,80.99343872070312,316.3672180175781,236.62026977539062
595,0,polyp,0.5666922926902771,37.7442512512207,3.460360527038574,320.179443359375,237.7580108642578
596,0,polyp,0.7087053656578064,45.13346862792969,82.336181640625,317.6688232421875,236.7496795654297
596,0,polyp,0.5761335492134094,38.59901809692383,1.0188796520233154,320.1209411621094,240.0
597,0,polyp,0.6149107813835144,42.38044738769531,76.16051483154297,319.3224182128906,237.9318389892578
597,0,polyp,0.580348014831543,37.20237731933594,3.2202727794647217,329.52752685546875,240.0
598,0,polyp,0.6493539810180664,42.52405548095703,74.7292709350586,316.7711181640625,237.84703063964844
598,0,polyp,0.508465051651001,38.333133697509766,2.461740016937256,319.7449951171875,239.50790405273438
599,0,polyp,0.6038492918014526,40.17964172363281,71.40264892578125,312.3314514160156,237.14341735839844
600,0,polyp,0.6319904327392578,41.5108642578125,69.83119201660156,312.5689392089844,237.36788940429688
601,0,polyp,0.629998505115509,40.25981140136719,65.2520751953125,303.99365234375,236.57730102539062
602,0,polyp,0.508036196231842,41.09196090698242,51.55190658569336,311.5656433105469,236.7047119140625
603,0,polyp,0.7367258667945862,31.339927673339844,3.0637388229370117,322.2224426269531,240.0
605,0,polyp,0.7359262108802795,22.4498291015625,10.034008026123047,334.2684631347656,240.0
606,0,polyp,0.7281071543693542,38.597015380859375,13.221097946166992,334.26519775390625,239.8606719970703
607,0,polyp,0.8031824231147766,42.74960708618164,19.199562072753906,320.41741943359375,240.0
608,0,polyp,0.7980698347091675,48.25790023803711,20.249610900878906,316.67144775390625,240.0
609,0,polyp,0.5839283466339111,51.29307174682617,27.286514282226562,301.9696044921875,238.46363830566406
610,0,polyp,0.8360959887504578,56.087276458740234,28.903919219970703,288.3703308105469,236.8878173828125
611,0,polyp,0.844419002532959,57.136417388916016,26.367469787597656,287.4291076660156,237.1416778564453
612,0,polyp,0.8413654565811157,57.500064849853516,26.02828598022461,287.7639465332031,239.2700653076172
613,0,polyp,0.900317370891571,58.86292266845703,21.67232894897461,283.50396728515625,240.0
614,0,polyp,0.8313083648681641,60.49274826049805,20.997920989990234,283.4367370605469,235.81561279296875
615,0,polyp,0.7992171049118042,61.323150634765625,22.612001419067383,283.191650390625,235.77359008789062
616,0,polyp,0.8664909601211548,62.22499084472656,21.913776397705078,281.4797058105469,236.7791290283203
617,0,polyp,0.8852164149284363,60.732398986816406,21.24222183227539,277.9783630371094,235.47384643554688
618,0,polyp,0.8993498086929321,61.59117126464844,16.699737548828125,275.3575134277344,234.9580841064453
619,0,polyp,0.9051666259765625,67.09184265136719,10.020899772644043,278.2259826660156,230.9146728515625
620,0,polyp,0.9162082076072693,67.48587799072266,11.334903717041016,274.0577087402344,224.57870483398438
621,0,polyp,0.9121221899986267,65.95967102050781,12.745638847351074,271.0460205078125,220.65231323242188
622,0,polyp,0.9021210670471191,64.28337097167969,14.087959289550781,270.5806884765625,215.57293701171875
623,0,polyp,0.9257112145423889,68.2284164428711,15.904664039611816,268.8680114746094,218.0830841064453
624,0,polyp,0.8816781044006348,67.65945434570312,18.331525802612305,267.7757263183594,221.91110229492188
625,0,polyp,0.902613639831543,67.98936462402344,18.72264289855957,266.04364013671875,220.08570861816406
626,0,polyp,0.8985163569450378,75.11934661865234,17.339065551757812,264.0928649902344,215.673583984375
627,0,polyp,0.8937704563140869,77.59346008300781,24.21147918701172,262.2520751953125,211.50360107421875
628,0,polyp,0.9095781445503235,80.49115753173828,15.399311065673828,261.2663269042969,205.3769073486328
629,0,polyp,0.7325947284698486,81.00018310546875,5.508157253265381,257.6921081542969,195.66017150878906
630,0,polyp,0.7568414211273193,84.31814575195312,11.381699562072754,256.74664306640625,179.6317596435547
631,0,polyp,0.8963404297828674,82.87664794921875,6.017320156097412,257.6739501953125,172.1541748046875
632,0,polyp,0.9327684044837952,82.90093231201172,6.125967025756836,256.0284118652344,170.80224609375
633,0,polyp,0.6732994318008423,82.290771484375,4.218893527984619,254.6466064453125,167.84117126464844
636,0,polyp,0.7630335092544556,71.56448364257812,6.76453971862793,232.39358520507812,156.6461944580078
639,0,polyp,0.5667274594306946,59.82569122314453,5.307882308959961,223.2646484375,151.10523986816406
640,0,polyp,0.662872314453125,57.01251220703125,4.3846588134765625,213.8832550048828,145.07427978515625
641,0,polyp,0.5614088177680969,53.689064025878906,4.277790546417236,214.21815490722656,141.4306182861328
642,0,polyp,0.7442832589149475,51.40089416503906,4.10790491104126,205.60472106933594,137.4096221923828
643,0,polyp,0.8219406008720398,51.53916931152344,4.299069404602051,204.15740966796875,135.3145751953125
644,0,polyp,0.8154042363166809,51.653221130371094,4.855296611785889,199.66851806640625,132.5779266357422
645,0,polyp,0.8267942070960999,53.13817596435547,5.101049423217773,201.64059448242188,131.3545379638672
646,0,polyp,0.769534707069397,52.38713073730469,4.977384090423584,191.9042510986328,125.00762176513672
647,0,polyp,0.5099700689315796,53.39716339111328,4.664635181427002,187.52407836914062,120.18580627441406
649,0,polyp,0.6491791009902954,52.336036682128906,4.846052169799805,187.76060485839844,121.09889221191406
650,0,polyp,0.7880686521530151,51.99539566040039,4.909674644470215,188.7198028564453,127.64550018310547
651,0,polyp,0.8250762224197388,51.7137451171875,4.503397464752197,187.25558471679688,136.06936645507812
652,0,polyp,0.5932469367980957,50.59959411621094,4.834286212921143,203.66986083984375,146.9366912841797
653,0,polyp,0.8039502501487732,50.15007019042969,5.1367292404174805,200.52532958984375,157.91680908203125
654,0,polyp,0.7707724571228027,45.71938705444336,10.087467193603516,203.3413848876953,165.4650115966797
655,0,polyp,0.6252120137214661,40.20840835571289,10.565125465393066,204.31935119628906,173.9882354736328
656,0,polyp,0.7844998240470886,37.73366165161133,9.84078311920166,202.58181762695312,177.930908203125
658,0,polyp,0.7584483027458191,35.120338439941406,12.382284164428711,205.01980590820312,237.04959106445312
659,0,polyp,0.764630913734436,34.891395568847656,13.305776596069336,207.84228515625,237.01490783691406
660,0,polyp,0.8756597638130188,30.425113677978516,8.320394515991211,209.46820068359375,212.1551971435547
661,0,polyp,0.8855435848236084,32.979488372802734,7.253124713897705,210.25759887695312,212.14170837402344
662,0,polyp,0.8866168260574341,33.39299392700195,6.982958793640137,210.1297149658203,212.93919372558594
663,0,polyp,0.838626503944397,32.21088409423828,9.695075988769531,209.33023071289062,213.30096435546875
664,0,polyp,0.8758665919303894,32.82565689086914,8.97169017791748,208.57679748535156,210.5437774658203
665,0,polyp,0.8269137740135193,32.087684631347656,7.313985824584961,207.43223571777344,208.6844482421875
666,0,polyp,0.7279956340789795,35.764163970947266,6.667020797729492,204.4801788330078,206.9489288330078
667,0,polyp,0.8445634841918945,32.985984802246094,6.983395099639893,205.1172332763672,203.95489501953125
668,0,polyp,0.8984670639038086,33.83522033691406,6.631068229675293,207.3465118408203,205.74331665039062
669,0,polyp,0.840187132358551,33.57447052001953,7.797552108764648,205.98049926757812,206.98452758789062
670,0,polyp,0.8630853891372681,33.5552864074707,7.486817836761475,204.20013427734375,205.4702606201172
671,0,polyp,0.8451772928237915,35.258140563964844,14.652209281921387,204.269775390625,201.12583923339844
672,0,polyp,0.7917812466621399,35.650062561035156,9.20910930633545,204.9296417236328,195.43067932128906
673,0,polyp,0.8176648020744324,35.52689743041992,11.931498527526855,204.6056671142578,204.9281005859375
676,0,polyp,0.5795530676841736,0.04357299581170082,3.714228630065918,343.61572265625,225.78988647460938
677,0,polyp,0.5771735906600952,34.78726577758789,15.63758659362793,249.66958618164062,224.55526733398438
679,0,polyp,0.8352512717247009,57.55351638793945,33.39106369018555,262.9765930175781,234.95169067382812
680,0,polyp,0.7336332201957703,53.92955780029297,37.57929229736328,266.4465637207031,236.36343383789062
681,0,polyp,0.7071006894111633,53.48988342285156,46.73979187011719,268.47998046875,234.7113494873047
682,0,polyp,0.7398146986961365,58.57264709472656,44.9990119934082,240.48648071289062,235.945556640625
682,0,polyp,0.6418898701667786,31.117027282714844,3.8159103393554688,341.8825988769531,236.03997802734375
683,0,polyp,0.6333370208740234,35.3593864440918,2.174487352371216,335.3590393066406,238.14039611816406
683,0,polyp,0.5689094662666321,45.40269470214844,46.45378112792969,287.83660888671875,237.2146453857422
685,0,polyp,0.555196225643158,9.403475761413574,0.4517425298690796,343.3902893066406,240.0
686,0,polyp,0.5864976048469543,33.0710334777832,3.7977828979492188,346.3173522949219,240.0
691,0,polyp,0.8168896436691284,49.86298370361328,54.09688186645508,266.18719482421875,236.875732421875
692,0,polyp,0.783870279788971,45.03676986694336,52.82426834106445,269.2425537109375,236.73367309570312
693,0,polyp,0.5100702047348022,45.496089935302734,53.70726776123047,264.6338806152344,236.48431396484375
694,0,polyp,0.7680991888046265,46.65681076049805,50.83159255981445,259.4666442871094,238.010009765625
695,0,polyp,0.8362117409706116,45.87232971191406,50.14872741699219,259.1492004394531,239.245361328125
696,0,polyp,0.689426839351654,47.25907897949219,49.464447021484375,262.95404052734375,238.9576416015625
697,0,polyp,0.8200560808181763,44.90613555908203,46.73469161987305,265.6208190917969,237.18370056152344
698,0,polyp,0.8833325505256653,44.35371780395508,44.527565002441406,266.7096862792969,239.50994873046875
699,0,polyp,0.8673933744430542,43.3503303527832,42.557498931884766,267.91448974609375,239.06431579589844
700,0,polyp,0.8801479935646057,40.63074493408203,40.60163879394531,267.97601318359375,238.56729125976562
701,0,polyp,0.8582466840744019,40.762603759765625,38.844966888427734,268.32354736328125,238.1650390625
702,0,polyp,0.7918269038200378,40.481388092041016,40.06808853149414,264.84051513671875,237.99974060058594
703,0,polyp,0.8541219234466553,40.21843719482422,41.68475341796875,266.3154296875,237.12139892578125
704,0,polyp,0.8264424204826355,41.85673141479492,44.913429260253906,265.55780029296875,239.0675048828125
705,0,polyp,0.8386087417602539,41.327659606933594,40.15966796875,264.78228759765625,237.98150634765625
706,0,polyp,0.8897518515586853,43.4744873046875,37.4351806640625,267.440673828125,235.6826629638672
707,0,polyp,0.8837583065032959,43.47544479370117,34.554527282714844,266.4936828613281,235.97157287597656
708,0,polyp,0.742289662361145,42.341732025146484,36.39810562133789,265.39990234375,234.5806121826172
709,0,polyp,0.8965898156166077,44.0472297668457,34.78254699707031,265.53143310546875,233.84933471679688
710,0,polyp,0.8795300126075745,44.12397003173828,35.42519760131836,265.5714416503906,233.89968872070312
711,0,polyp,0.8008278608322144,40.9627799987793,35.307220458984375,264.1320495605469,234.34010314941406
712,0,polyp,0.8922615051269531,42.44355773925781,35.362022399902344,264.59368896484375,233.67922973632812
713,0,polyp,0.8822557926177979,43.59397888183594,35.19855499267578,264.01458740234375,233.0338897705078
714,0,polyp,0.8287874460220337,42.74359893798828,37.487918853759766,260.3930358886719,233.5435028076172
715,0,polyp,0.8865233063697815,43.405494689941406,38.306705474853516,261.0126037597656,233.8617401123047
716,0,polyp,0.8940296769142151,44.512332916259766,38.12377166748047,262.0482482910156,232.6343231201172
717,0,polyp,0.8524787425994873,44.684024810791016,37.68825912475586,261.2612609863281,235.18106079101562
718,0,polyp,0.9154085516929626,44.32781982421875,38.38089370727539,264.96368408203125,232.3078155517578
719,0,polyp,0.9017601013183594,43.738426208496094,38.421783447265625,266.3973388671875,233.0927734375
720,0,polyp,0.8302505016326904,44.52153015136719,38.7263069152832,266.1852111816406,233.55467224121094
721,0,polyp,0.8889924883842468,45.61288833618164,38.68122100830078,266.07818603515625,233.35301208496094
722,0,polyp,0.8745594620704651,44.96818161010742,37.65629959106445,267.33197021484375,233.7867889404297
723,0,polyp,0.8533589243888855,43.80167007446289,36.856327056884766,267.376953125,232.96417236328125
724,0,polyp,0.9080203771591187,47.09148406982422,37.070884704589844,266.7931823730469,233.10597229003906
725,0,polyp,0.9062650799751282,47.185123443603516,38.55345916748047,268.3710632324219,232.3760528564453
726,0,polyp,0.8316300511360168,51.456756591796875,39.18461227416992,269.0526123046875,233.9327392578125
727,0,polyp,0.881300151348114,47.85063552856445,39.47347640991211,268.58489990234375,234.7540740966797
728,0,polyp,0.8528477549552917,48.39373016357422,40.2503547668457,268.58929443359375,234.5802459716797
729,0,polyp,0.8503860831260681,50.52161407470703,40.33660888671875,267.6004638671875,234.02113342285156
730,0,polyp,0.8604962825775146,48.02496337890625,41.91334533691406,271.6474304199219,234.35023498535156
731,0,polyp,0.8482122421264648,52.34483337402344,42.20991516113281,273.65240478515625,234.13487243652344
732,0,polyp,0.7679644227027893,53.693817138671875,42.49626922607422,273.55523681640625,235.25027465820312
733,0,polyp,0.86227947473526,53.527748107910156,41.97256851196289,273.9962463378906,234.71641540527344
734,0,polyp,0.8305919170379639,53.548377990722656,41.079341888427734,275.1764831542969,234.31442260742188
735,0,polyp,0.8111709952354431,53.06315612792969,40.61261749267578,274.46319580078125,233.5216827392578
736,0,polyp,0.8874471187591553,55.087059020996094,41.66934585571289,274.3067321777344,233.86643981933594
737,0,polyp,0.8459934592247009,56.287147521972656,43.46982955932617,277.3981628417969,235.48184204101562
738,0,polyp,0.7899340987205505,57.992637634277344,43.658565521240234,273.79180908203125,235.4940948486328
739,0,polyp,0.8364539742469788,56.6169319152832,43.22745132446289,274.9776611328125,235.91358947753906
740,0,polyp,0.7776281833648682,56.91115951538086,44.20183563232422,275.7428894042969,237.3171844482422
741,0,polyp,0.7947993278503418,58.27287292480469,44.21710968017578,275.5771484375,236.123291015625
742,0,polyp,0.8496144413948059,58.25304412841797,43.88223648071289,277.7762756347656,235.6138916015625
743,0,polyp,0.8423334956169128,59.62222671508789,45.18388748168945,278.9882507324219,235.14825439453125
744,0,polyp,0.825371265411377,63.50146484375,43.7028923034668,281.6622314453125,237.14601135253906
745,0,polyp,0.8484054207801819,63.65642166137695,44.33689880371094,283.5950927734375,237.2847137451172
746,0,polyp,0.8520768284797668,64.7381591796875,44.87690353393555,284.9347229003906,237.71163940429688
747,0,polyp,0.7356453537940979,66.33878326416016,46.02891159057617,284.5869140625,237.82237243652344
748,0,polyp,0.8716521859169006,67.75765228271484,45.464168548583984,286.8492736816406,236.01498413085938
749,0,polyp,0.8642293810844421,68.15703582763672,46.360862731933594,288.1817321777344,235.46380615234375
750,0,polyp,0.7384795546531677,69.31248474121094,45.796897888183594,291.5801696777344,236.38632202148438
751,0,polyp,0.8177453279495239,71.99078369140625,46.361793518066406,292.61505126953125,236.2623291015625
752,0,polyp,0.8287389278411865,71.4289321899414,45.95977783203125,290.8698425292969,236.4817657470703
753,0,polyp,0.8028165698051453,73.9851303100586,45.63606643676758,290.29888916015625,236.0547332763672
754,0,polyp,0.8352928757667542,74.96134185791016,45.047664642333984,290.8424987792969,236.20693969726562
755,0,polyp,0.8360361456871033,74.83890533447266,44.451507568359375,292.0600891113281,234.95530700683594
756,0,polyp,0.6832530498504639,76.08171081542969,44.97114181518555,294.10546875,234.9615936279297
757,0,polyp,0.7852078080177307,77.56748962402344,45.584808349609375,291.02752685546875,235.1403350830078
758,0,polyp,0.7971464991569519,77.04863739013672,46.13088607788086,288.8628845214844,234.8130340576172
759,0,polyp,0.6843900680541992,76.23290252685547,45.74797058105469,287.0122985839844,235.46311950683594
760,0,polyp,0.8565564751625061,78.05915069580078,45.31627655029297,288.43743896484375,234.28176879882812
761,0,polyp,0.8328293561935425,77.57627868652344,44.83268737792969,290.39691162109375,234.54202270507812
762,0,polyp,0.7844495177268982,77.39964294433594,44.2902717590332,287.4822082519531,234.648681640625
763,0,polyp,0.8760947585105896,76.46661376953125,44.69889450073242,286.657958984375,234.572998046875
764,0,polyp,0.8542497754096985,77.09510040283203,44.35645294189453,286.4930725097656,235.3581085205078
765,0,polyp,0.8127108812332153,77.15724182128906,44.72620391845703,284.59271240234375,234.24929809570312
766,0,polyp,0.8960041999816895,77.6103515625,44.21725845336914,285.0110168457031,234.29962158203125
767,0,polyp,0.8939233422279358,78.36190795898438,44.867286682128906,284.95263671875,233.92543029785156
768,0,polyp,0.7316195368766785,76.67232513427734,45.03125,283.9116516113281,234.25689697265625
769,0,polyp,0.8691987991333008,77.91744995117188,44.34858322143555,284.3044738769531,234.14332580566406
770,0,polyp,0.864780604839325,78.1347427368164,43.93144989013672,284.3699645996094,233.37203979492188
771,0,polyp,0.8011376857757568,78.02490234375,44.10308837890625,284.7585754394531,234.0899200439453
772,0,polyp,0.8627917766571045,79.54381561279297,45.5982666015625,284.5668640136719,233.4296417236328
773,0,polyp,0.8237720727920532,79.40933227539062,46.03868865966797,284.3716735839844,233.3473358154297
774,0,polyp,0.7157421112060547,78.64076232910156,45.65180969238281,282.4052429199219,234.11988830566406
775,0,polyp,0.8546690940856934,79.32722473144531,46.24263000488281,282.9065246582031,233.42933654785156
776,0,polyp,0.8433974981307983,76.51062774658203,46.34709930419922,282.8934326171875,232.65673828125
777,0,polyp,0.736106276512146,75.58112335205078,46.57127380371094,281.04632568359375,232.6078338623047
778,0,polyp,0.9115229249000549,78.97981262207031,45.568843841552734,280.5276184082031,233.3236846923828
779,0,polyp,0.9149062633514404,79.56002807617188,44.50777816772461,280.5594787597656,232.30926513671875
780,0,polyp,0.8276846408843994,79.17455291748047,43.30024719238281,279.6602783203125,235.79742431640625
781,0,polyp,0.9268341064453125,79.03349304199219,43.16543197631836,279.031005859375,233.25726318359375
782,0,polyp,0.901921808719635,79.93263244628906,43.15455627441406,279.1430969238281,233.29925537109375
783,0,polyp,0.7749770879745483,80.363037109375,42.71709442138672,276.3097229003906,235.29490661621094
784,0,polyp,0.8984746932983398,83.09696960449219,42.25389099121094,277.0109558105469,234.5872802734375
785,0,polyp,0.8937570452690125,83.18051147460938,42.40430450439453,277.85888671875,235.2235565185547
786,0,polyp,0.7710254192352295,84.21592712402344,44.167259216308594,276.98919677734375,229.2458038330078
787,0,polyp,0.9379701018333435,89.59342193603516,42.16927719116211,278.37353515625,229.75816345214844
788,0,polyp,0.9535058736801147,91.04341125488281,40.96727752685547,277.2383117675781,225.3522491455078
789,0,polyp,0.8133872151374817,93.0051498413086,39.26393508911133,274.66424560546875,224.52615356445312
790,0,polyp,0.9572057127952576,95.39518737792969,38.33646774291992,275.30377197265625,221.8981475830078
791,0,polyp,0.9579333662986755,96.09645080566406,38.54961395263672,274.740478515625,221.62246704101562
792,0,polyp,0.9308469295501709,96.61825561523438,37.7992057800293,274.05517578125,222.09925842285156
793,0,polyp,0.9510802626609802,93.71631622314453,36.31351089477539,271.8805236816406,219.52549743652344
794,0,polyp,0.9517408013343811,90.61820983886719,35.03807830810547,268.4731140136719,218.8389129638672
795,0,polyp,0.8816059231758118,85.95196533203125,36.04664993286133,263.305419921875,217.91824340820312
796,0,polyp,0.8295629024505615,85.86527252197266,35.11949920654297,259.7428894042969,223.49835205078125
797,0,polyp,0.5911318063735962,82.31983184814453,33.280303955078125,258.01434326171875,214.93582153320312
801,0,polyp,0.694200873374939,55.4837646484375,26.74480628967285,223.91574096679688,206.6232147216797
802,0,polyp,0.8276554942131042,53.044334411621094,24.861013412475586,235.90724182128906,205.9752655029297
803,0,polyp,0.8825256824493408,54.477928161621094,27.1947021484375,221.12815856933594,206.2056884765625
804,0,polyp,0.694206953048706,55.685115814208984,27.926464080810547,219.4566192626953,208.9080810546875
805,0,polyp,0.8383857011795044,53.568634033203125,22.870418548583984,219.66319274902344,204.94239807128906
806,0,polyp,0.7840031385421753,53.360389709472656,21.39752960205078,218.78976440429688,203.6219482421875
808,0,polyp,0.8393594026565552,53.22184753417969,20.956680297851562,219.7326202392578,202.50718688964844
809,0,polyp,0.7930096387863159,52.84615707397461,19.679115295410156,218.39141845703125,204.16207885742188
810,0,polyp,0.6360443830490112,51.44607925415039,25.91942024230957,219.48757934570312,207.49839782714844
811,0,polyp,0.745893120765686,52.35087585449219,21.280071258544922,221.49607849121094,211.9306182861328
812,0,polyp,0.8603851199150085,43.63795471191406,25.74309730529785,223.03994750976562,217.99098205566406
813,0,polyp,0.8421047329902649,51.49116516113281,28.5755615234375,222.41351318359375,214.08447265625
814,0,polyp,0.916778564453125,51.82056427001953,25.67347526550293,221.12245178222656,214.54100036621094
815,0,polyp,0.8960253596305847,52.156742095947266,30.259784698486328,220.21926879882812,213.1879119873047
816,0,polyp,0.787087082862854,52.35350799560547,31.103683471679688,220.32675170898438,222.08108520507812
817,0,polyp,0.889348030090332,52.99644470214844,31.726715087890625,223.2866973876953,221.9410400390625
818,0,polyp,0.8832951188087463,53.80217742919922,34.87702941894531,223.28274536132812,222.17555236816406
819,0,polyp,0.7852360010147095,54.20307922363281,33.09965133666992,224.07725524902344,223.38584899902344
820,0,polyp,0.9279226064682007,54.54226303100586,35.842247009277344,223.9390411376953,224.5982208251953
821,0,polyp,0.9191862940788269,47.766963958740234,33.53888702392578,225.6333465576172,224.2592315673828
822,0,polyp,0.8320555090904236,48.2629508972168,35.14687728881836,226.17515563964844,224.9732208251953
823,0,polyp,0.9229592680931091,54.34048843383789,33.784244537353516,227.74786376953125,225.9215545654297
824,0,polyp,0.9033786654472351,53.37631607055664,30.649810791015625,225.3403778076172,224.61386108398438
825,0,polyp,0.7844457626342773,53.093177795410156,33.262428283691406,226.4368438720703,221.73092651367188
826,0,polyp,0.9075003862380981,52.144020080566406,32.268287658691406,227.54904174804688,224.0012969970703
827,0,polyp,0.8879393339157104,48.650054931640625,31.668136596679688,227.66404724121094,225.59727478027344
828,0,polyp,0.698176383972168,48.36334228515625,35.07921600341797,228.92869567871094,223.25698852539062
829,0,polyp,0.8913637399673462,46.38405990600586,32.097721099853516,229.58995056152344,223.8765106201172
830,0,polyp,0.8591277003288269,48.64690017700195,30.17208480834961,227.320068359375,218.26995849609375
831,0,polyp,0.7225142121315002,53.93379592895508,33.44244384765625,229.3460693359375,223.24288940429688
832,0,polyp,0.9407836198806763,55.08149719238281,34.175262451171875,232.11349487304688,225.6111297607422
833,0,polyp,0.9195375442504883,50.07994079589844,33.32496643066406,231.64019775390625,222.41455078125
834,0,polyp,0.862308144569397,50.28884506225586,35.8989143371582,229.2827606201172,224.5943603515625
835,0,polyp,0.9308816194534302,58.236148834228516,39.49982833862305,231.39976501464844,227.10423278808594
836,0,polyp,0.7166743874549866,50.845523834228516,38.47166442871094,233.10781860351562,229.4611053466797
837,0,polyp,0.8496382832527161,54.691226959228516,41.83452606201172,232.2960662841797,227.79942321777344
838,0,polyp,0.9326806664466858,55.04071044921875,41.6664924621582,234.14077758789062,230.0760955810547
839,0,polyp,0.9120579957962036,54.38495635986328,41.75627517700195,234.6376495361328,231.0696563720703
840,0,polyp,0.7627805471420288,52.84629821777344,45.68202209472656,236.0138702392578,230.23870849609375
841,0,polyp,0.8914417028427124,49.99728775024414,41.51428985595703,235.20758056640625,229.0262908935547
842,0,polyp,0.8824467062950134,53.267578125,44.81072998046875,235.373779296875,229.94134521484375
843,0,polyp,0.8526476621627808,48.64346694946289,41.35654830932617,235.18357849121094,230.41612243652344
844,0,polyp,0.9277514219284058,51.62110900878906,41.256072998046875,236.80145263671875,227.9497528076172
845,0,polyp,0.9270167350769043,52.80580520629883,40.57451629638672,237.87416076660156,230.99932861328125
846,0,polyp,0.8668988347053528,54.31068420410156,38.647098541259766,238.734130859375,230.05360412597656
847,0,polyp,0.9164888858795166,50.33177185058594,38.14728546142578,236.50347900390625,229.98892211914062
848,0,polyp,0.9206455945968628,53.756935119628906,36.442298889160156,237.66665649414062,229.94436645507812
849,0,polyp,0.8738883137702942,48.922035217285156,35.62997055053711,236.69529724121094,229.52810668945312
850,0,polyp,0.9482967257499695,53.653892517089844,34.18408966064453,236.20468139648438,225.47146606445312
851,0,polyp,0.9427133798599243,51.94767379760742,34.44012451171875,236.5378875732422,226.93576049804688
852,0,polyp,0.8463783264160156,53.122684478759766,35.39809036254883,235.4588165283203,226.7689208984375
853,0,polyp,0.9438926577568054,55.719295501708984,31.74479103088379,236.0746307373047,225.05853271484375
854,0,polyp,0.9353621006011963,55.33414077758789,32.34328079223633,237.32298278808594,224.30284118652344
855,0,polyp,0.9275722503662109,57.707313537597656,34.408939361572266,239.27645874023438,226.22552490234375
856,0,polyp,0.9415079355239868,57.72819519042969,35.43622589111328,239.34547424316406,227.40216064453125
857,0,polyp,0.9301499724388123,57.398292541503906,36.06016159057617,239.3107147216797,229.9683380126953
858,0,polyp,0.7990950345993042,52.26114273071289,38.64897918701172,238.08584594726562,229.13723754882812
859,0,polyp,0.9327060580253601,57.73719024658203,38.746986389160156,236.70294189453125,229.42555236816406
860,0,polyp,0.9269189238548279,56.973724365234375,39.331661224365234,235.3876953125,227.98606872558594
861,0,polyp,0.8804140686988831,56.7194709777832,40.16438293457031,235.8764190673828,225.77117919921875
862,0,polyp,0.9395326375961304,57.97511291503906,40.162689208984375,239.614013671875,229.7567596435547
863,0,polyp,0.9074472784996033,59.62864685058594,37.265419006347656,240.34654235839844,230.93826293945312
864,0,polyp,0.8645181655883789,60.303367614746094,38.310333251953125,240.15890502929688,229.57565307617188
865,0,polyp,0.9132870435714722,62.44231033325195,38.534828186035156,241.06112670898438,229.5493927001953
866,0,polyp,0.9235512018203735,63.517948150634766,39.47058868408203,241.01597595214844,229.43394470214844
867,0,polyp,0.8874637484550476,66.60427856445312,39.565338134765625,239.04209899902344,226.8923797607422
868,0,polyp,0.9173033833503723,67.30304718017578,41.10113525390625,240.38070678710938,223.7395477294922
869,0,polyp,0.9397569894790649,67.6271743774414,40.16740417480469,241.0396728515625,223.67562866210938
870,0,polyp,0.8114927411079407,67.1504898071289,41.65888977050781,241.72146606445312,224.92730712890625
871,0,polyp,0.9279718995094299,65.53328704833984,42.21432876586914,243.78366088867188,223.4093017578125
872,0,polyp,0.9332956671714783,64.62538146972656,40.4042854309082,243.71812438964844,225.2056884765625
873,0,polyp,0.9000979065895081,65.6989517211914,36.7739143371582,241.34938049316406,224.8698272705078
874,0,polyp,0.9270923733711243,64.75978088378906,34.100955963134766,242.3020477294922,222.11105346679688
875,0,polyp,0.9415739178657532,64.23896026611328,35.078914642333984,242.41571044921875,223.77708435058594
876,0,polyp,0.9004674553871155,65.88062286376953,37.959415435791016,241.7449951171875,224.83302307128906
877,0,polyp,0.9393462538719177,64.02843475341797,43.13367462158203,243.01170349121094,228.12054443359375
878,0,polyp,0.9208760261535645,64.46666717529297,39.89419937133789,241.05929565429688,224.57888793945312
879,0,polyp,0.8854396939277649,67.3420639038086,40.710792541503906,243.3172149658203,228.0858154296875
880,0,polyp,0.9299449324607849,68.7584228515625,42.98847198486328,246.91078186035156,227.70713806152344
881,0,polyp,0.906044065952301,66.66007995605469,44.04155731201172,248.47528076171875,225.9739990234375
882,0,polyp,0.8616337776184082,65.8080825805664,43.9719352722168,252.38412475585938,229.1705322265625
883,0,polyp,0.8949215412139893,65.22901153564453,44.5709114074707,252.8612518310547,226.37330627441406
884,0,polyp,0.9161286354064941,66.44950866699219,44.112884521484375,252.0188446044922,230.91107177734375
885,0,polyp,0.8857560157775879,66.36685180664062,43.44516372680664,252.01339721679688,230.84335327148438
886,0,polyp,0.9113944172859192,66.37959289550781,43.68827438354492,252.4668426513672,228.6449737548828
887,0,polyp,0.876287043094635,71.35608673095703,42.72151184082031,250.05435180664062,230.9165496826172
892,0,polyp,0.7427332401275635,71.35980987548828,43.13716506958008,244.95433044433594,224.86085510253906
893,0,polyp,0.7646297812461853,72.21649169921875,44.05928039550781,242.34957885742188,225.7479705810547
894,0,polyp,0.6363920569419861,71.48565673828125,44.1839599609375,239.57000732421875,222.28501892089844
895,0,polyp,0.7717960476875305,71.67503356933594,43.474220275878906,245.95506286621094,221.86871337890625
896,0,polyp,0.6809697151184082,71.29267120361328,43.4536247253418,248.237548828125,225.76760864257812
897,0,polyp,0.824189305305481,71.72948455810547,44.06378173828125,238.878173828125,224.15406799316406
898,0,polyp,0.8089683055877686,72.25909423828125,47.95228576660156,242.62623596191406,224.33316040039062
899,0,polyp,0.7893301844596863,74.19410705566406,51.11286163330078,249.10809326171875,227.205322265625
902,0,polyp,0.6846973299980164,79.60670471191406,53.04082489013672,246.1892547607422,229.60035705566406
903,0,polyp,0.5707401633262634,80.58486938476562,55.936431884765625,244.92633056640625,230.0741729736328
904,0,polyp,0.9084494709968567,82.42725372314453,58.8690071105957,244.4800567626953,229.87498474121094
905,0,polyp,0.8451384902000427,84.27973937988281,59.56650161743164,245.3614959716797,229.7738037109375
906,0,polyp,0.7411909103393555,87.00244903564453,62.0860481262207,243.2154998779297,228.82151794433594
907,0,polyp,0.8086847066879272,87.13111877441406,63.101654052734375,245.15711975097656,227.9401092529297
908,0,polyp,0.7919607758522034,86.65361022949219,63.48072052001953,246.78402709960938,228.858642578125
909,0,polyp,0.7585817575454712,86.52330017089844,62.37736511230469,246.2778778076172,230.99781799316406
910,0,polyp,0.7754306793212891,86.849609375,63.961124420166016,251.0836944580078,229.40249633789062
911,0,polyp,0.8796276450157166,86.97303009033203,63.71088790893555,251.39137268066406,230.29153442382812
912,0,polyp,0.6550694108009338,86.85179138183594,65.57676696777344,251.7452392578125,231.62911987304688
913,0,polyp,0.8031038641929626,86.56073760986328,65.90866088867188,251.47064208984375,230.6775665283203
914,0,polyp,0.7814334034919739,85.86932373046875,63.95489501953125,253.6166229248047,232.0400390625
915,0,polyp,0.7872817516326904,84.5788803100586,60.9542236328125,251.60858154296875,230.6423797607422
916,0,polyp,0.8462456464767456,82.40977478027344,57.00312423706055,252.37197875976562,230.97357177734375
917,0,polyp,0.8873550891876221,80.4646224975586,54.15861511230469,251.22665405273438,229.02621459960938
918,0,polyp,0.797376275062561,79.60969543457031,52.42668914794922,248.21926879882812,230.89486694335938
919,0,polyp,0.8992794156074524,79.15997314453125,49.895687103271484,248.64920043945312,226.69784545898438
920,0,polyp,0.8934963345527649,77.88362121582031,47.325008392333984,247.2286834716797,225.31402587890625
921,0,polyp,0.8386759757995605,76.43402099609375,44.24481964111328,246.6620635986328,225.35232543945312
922,0,polyp,0.8271353244781494,76.45755767822266,43.32792282104492,248.4414520263672,224.61135864257812
923,0,polyp,0.8398640751838684,75.97944641113281,39.2432746887207,245.92616271972656,224.2814483642578
924,0,polyp,0.7126734256744385,76.29511260986328,43.368927001953125,246.04354858398438,225.8563995361328
925,0,polyp,0.5527970194816589,78.59819793701172,42.07096862792969,250.96380615234375,228.8331298828125
931,0,polyp,0.6507801413536072,138.06846618652344,49.05681610107422,315.8862609863281,233.22799682617188
932,0,polyp,0.9151181578636169,140.43023681640625,50.824729919433594,304.88018798828125,227.44619750976562
933,0,polyp,0.7107375860214233,140.98866271972656,52.775760650634766,307.49395751953125,230.7608184814453
934,0,polyp,0.9010916352272034,142.29379272460938,55.449859619140625,310.91790771484375,229.8908233642578
935,0,polyp,0.8693740963935852,143.57070922851562,58.84008026123047,311.9898376464844,228.32977294921875
936,0,polyp,0.7162166833877563,138.9355010986328,60.50541305541992,310.83740234375,230.7336883544922
937,0,polyp,0.88001549243927,133.2027587890625,61.8241081237793,309.95025634765625,233.3691864013672
938,0,polyp,0.8325904607772827,126.69178009033203,65.33893585205078,304.9927062988281,232.97921752929688
940,0,polyp,0.873180627822876,115.86378479003906,72.0870361328125,299.7049560546875,232.8334503173828
941,0,polyp,0.9071215391159058,113.41521453857422,73.50128936767578,296.3855285644531,233.31939697265625
942,0,polyp,0.718991219997406,110.88807678222656,74.9139633178711,294.2187805175781,234.49778747558594
943,0,polyp,0.8230170607566833,105.64511108398438,76.09754180908203,293.0735168457031,235.0171356201172
943,0,polyp,0.5042227506637573,94.66448211669922,4.968630790710449,325.037841796875,234.88031005859375
944,0,polyp,0.6790130138397217,99.38140106201172,77.43138122558594,289.3084411621094,234.75440979003906
946,0,polyp,0.7306354641914368,92.02082824707031,81.21249389648438,286.4339904785156,235.0905303955078
947,0,polyp,0.7394841909408569,87.5321044921875,82.75325775146484,286.94000244140625,234.4814910888672
949,0,polyp,0.7042801976203918,84.25486755371094,81.0234603881836,286.9649658203125,235.0885009765625
950,0,polyp,0.6556634306907654,84.99063873291016,82.89810180664062,286.60888671875,235.146240234375
952,0,polyp,0.5451688170433044,78.70854187011719,83.55023193359375,286.95947265625,235.38272094726562
953,0,polyp,0.7097799181938171,81.67230987548828,88.8062973022461,283.7010498046875,234.74549865722656
956,0,polyp,0.5767233371734619,46.11570739746094,5.583654403686523,325.9169921875,237.89634704589844
958,0,polyp,0.5843978524208069,44.53120040893555,4.816125392913818,334.1403503417969,240.0
959,0,polyp,0.6623115539550781,42.164093017578125,4.412420749664307,331.426025390625,240.0
961,0,polyp,0.6507548689842224,39.43832778930664,4.267266750335693,336.7069091796875,239.63258361816406
962,0,polyp,0.5851579308509827,43.89163589477539,5.214408874511719,328.7386169433594,239.45562744140625
963,0,polyp,0.5279736518859863,42.18107604980469,4.907266139984131,339.5395202636719,239.924072265625
964,0,polyp,0.5176169872283936,41.80003356933594,2.9323318004608154,330.7378234863281,239.86367797851562
971,0,polyp,0.5177428126335144,107.60012817382812,113.74576568603516,312.8981018066406,234.777587890625
973,0,polyp,0.5130367279052734,115.91434478759766,102.06118774414062,316.3391418457031,235.104248046875
974,0,polyp,0.639394223690033,117.19890594482422,108.47435760498047,315.35595703125,235.07022094726562
976,0,polyp,0.804674506187439,116.57703399658203,95.07060241699219,317.0555114746094,234.92160034179688
977,0,polyp,0.7399346232414246,116.72721862792969,90.93926239013672,309.7466125488281,234.5648193359375
978,0,polyp,0.6431559920310974,118.43389129638672,89.03960418701172,319.0172119140625,234.05120849609375
979,0,polyp,0.7746850848197937,117.784423828125,84.97452545166016,292.1684265136719,233.0440673828125
980,0,polyp,0.7581642866134644,117.01585388183594,82.07606506347656,315.5119934082031,232.81805419921875
981,0,polyp,0.6329199075698853,117.41590118408203,80.56769561767578,319.5472106933594,231.882080078125
982,0,polyp,0.6982192397117615,118.53170776367188,81.97376251220703,320.55975341796875,234.10659790039062
983,0,polyp,0.6540699005126953,120.03172302246094,84.52049255371094,319.64642333984375,234.8067169189453
984,0,polyp,0.6600928902626038,121.12581634521484,84.34609985351562,320.63446044921875,233.8959503173828
985,0,polyp,0.5377966165542603,110.76077270507812,75.33868408203125,321.08367919921875,234.8875274658203
986,0,polyp,0.7248552441596985,103.20814514160156,69.52665710449219,322.3177795410156,236.29556274414062
987,0,polyp,0.6899922490119934,103.991455078125,68.66352081298828,300.3331298828125,235.03822326660156
988,0,polyp,0.6667845845222473,96.6983413696289,70.30873107910156,306.6449279785156,234.94837951660156
989,0,polyp,0.5289763808250427,83.72759246826172,71.95659637451172,319.05157470703125,235.5865020751953
991,0,polyp,0.5736826062202454,62.990203857421875,67.5287094116211,299.5838317871094,237.38796997070312
992,0,polyp,0.5319016575813293,59.395263671875,63.48686218261719,304.7612609863281,235.19656372070312
993,0,polyp,0.5331386923789978,60.489322662353516,62.67951965332031,260.21826171875,237.06979370117188
994,0,polyp,0.5441573262214661,52.77418518066406,63.825260162353516,278.34033203125,237.28952026367188
995,0,polyp,0.5199548602104187,45.52197265625,66.48324584960938,255.0377197265625,237.60000610351562
997,0,polyp,0.6274022459983826,34.85248947143555,3.209933280944824,332.0699157714844,237.62916564941406
998,0,polyp,0.6322891116142273,35.3568000793457,2.9817123413085938,330.87786865234375,237.07229614257812
999,0,polyp,0.7251170873641968,31.77001953125,1.569248914718628,331.9192199707031,237.8744659423828
1000,0,polyp,0.7699309587478638,33.22894287109375,1.5056350231170654,339.3045349121094,239.03956604003906
1001,0,polyp,0.6014777421951294,30.429494857788086,1.3673629760742188,321.72088623046875,238.596923828125
1002,0,polyp,0.6580854654312134,21.775285720825195,1.183201551437378,331.55291748046875,238.4493865966797
1003,0,polyp,0.6455846428871155,33.912750244140625,4.114593505859375,343.3362121582031,237.92755126953125
1003,0,polyp,0.6259912848472595,28.818267822265625,62.8481330871582,259.4100341796875,236.04953002929688
1004,0,polyp,0.6502725481987,32.25690841674805,4.238800048828125,343.5118408203125,234.63211059570312
1005,0,polyp,0.5902665257453918,29.783586502075195,4.2906646728515625,342.12261962890625,234.77484130859375
1005,0,polyp,0.5020894408226013,27.52259063720703,61.64390563964844,259.4779052734375,235.7436065673828
1006,0,polyp,0.7260826230049133,32.898956298828125,5.224496364593506,331.8397216796875,238.67771911621094
1006,0,polyp,0.505878210067749,29.905838012695312,60.867584228515625,251.708984375,236.3686065673828
1007,0,polyp,0.5585280656814575,34.194461822509766,4.697138786315918,342.4190368652344,235.0218505859375
1007,0,polyp,0.5242064595222473,33.66549301147461,59.66145324707031,250.78460693359375,236.06398010253906
1008,0,polyp,0.5623273849487305,33.87569046020508,4.697357177734375,342.6620178222656,235.0644073486328
1008,0,polyp,0.5079809427261353,33.48655319213867,59.671173095703125,250.79693603515625,236.10841369628906
1009,0,polyp,0.6843648552894592,33.91493225097656,4.2394208908081055,340.86865234375,238.9046173095703
1010,0,polyp,0.5378116965293884,13.710052490234375,4.200732231140137,343.2304382324219,239.6568145751953
1010,0,polyp,0.5323778390884399,29.395465850830078,56.944461822509766,253.029541015625,238.43130493164062
1011,0,polyp,0.5370681881904602,11.85601806640625,4.210131645202637,343.39971923828125,239.60264587402344
1011,0,polyp,0.5272594690322876,29.213546752929688,56.94017028808594,253.1731414794922,238.43798828125
1012,0,polyp,0.7053717374801636,30.660249710083008,59.75558853149414,250.26002502441406,238.685791015625
1013,0,polyp,0.7053033113479614,29.93770408630371,59.345985412597656,249.97157287597656,238.78089904785156
1014,0,polyp,0.6528968811035156,18.966371536254883,1.7308684587478638,351.0331115722656,240.0
1015,0,polyp,0.6841049790382385,33.4376106262207,3.6225340366363525,349.6107177734375,239.64376831054688
1015,0,polyp,0.5506427884101868,29.512548446655273,69.37934875488281,246.69593811035156,236.54685974121094
1016,0,polyp,0.644629716873169,33.753360748291016,2.953094482421875,347.5022277832031,239.09046936035156
1016,0,polyp,0.6274815797805786,30.400390625,69.37213897705078,245.712890625,236.5713348388672
1017,0,polyp,0.7105408906936646,31.267301559448242,72.0655746459961,245.56808471679688,236.7537841796875
1018,0,polyp,0.7359381914138794,31.523418426513672,73.10726165771484,247.9237060546875,237.24130249023438
1018,0,polyp,0.6465647220611572,35.62163162231445,3.070587158203125,347.67938232421875,239.29074096679688
1019,0,polyp,0.7453482151031494,30.367324829101562,72.84069061279297,247.88650512695312,236.82839965820312
1019,0,polyp,0.5887275338172913,35.052528381347656,3.0886809825897217,345.09564208984375,238.37413024902344
1020,0,polyp,0.5864688158035278,0.0,2.9237043857574463,345.56597900390625,238.7301483154297
1021,0,polyp,0.7350271940231323,7.2335205078125,4.055746555328369,339.923095703125,240.0
1023,0,polyp,0.5036068558692932,5.452566146850586,3.8508894443511963,340.96142578125,240.0
1024,0,polyp,0.7639250159263611,38.091426849365234,106.80916595458984,190.96302795410156,237.0528106689453
1025,0,polyp,0.6808002591133118,36.95612716674805,104.98670959472656,193.92552185058594,237.33644104003906
1026,0,polyp,0.643089771270752,35.759883880615234,105.14556884765625,192.6571807861328,237.88046264648438
1027,0,polyp,0.6187451481819153,36.95832824707031,104.58843994140625,198.14625549316406,237.0396270751953
1027,0,polyp,0.5689493417739868,33.45697784423828,4.598629474639893,331.3573303222656,239.9227294921875
1028,0,polyp,0.5560358762741089,36.78123092651367,103.45185089111328,195.5633087158203,237.46353149414062
1028,0,polyp,0.5266545414924622,34.2986946105957,4.1612548828125,334.5233154296875,240.0
1029,0,polyp,0.6125271320343018,36.652462005615234,102.60348510742188,190.063232421875,237.32838439941406
1029,0,polyp,0.5029938817024231,21.565176010131836,1.4134200811386108,331.4399108886719,240.0
1030,0,polyp,0.7301408052444458,33.320350646972656,3.8154571056365967,324.46221923828125,239.8685302734375
1031,0,polyp,0.6937380433082581,29.41878890991211,4.520312309265137,319.5390319824219,240.0
1031,0,polyp,0.5448983907699585,37.099369049072266,102.3867416381836,188.8494873046875,237.52806091308594
1032,0,polyp,0.6853264570236206,36.28509521484375,100.76699829101562,186.93264770507812,237.81507873535156
1032,0,polyp,0.5148921012878418,21.41176414489746,4.221394062042236,340.448974609375,240.0
1033,0,polyp,0.7939740419387817,33.89334487915039,4.223274230957031,335.71044921875,240.0
1034,0,polyp,0.797947883605957,25.140342712402344,4.001162528991699,335.4548034667969,239.1453857421875
1035,0,polyp,0.7997922301292419,29.277462005615234,2.655116081237793,336.8102722167969,234.9207000732422
1036,0,polyp,0.8107620477676392,35.84849166870117,4.480515956878662,341.267333984375,237.71865844726562
1037,0,polyp,0.7468482255935669,35.15196228027344,2.508955240249634,339.139892578125,234.64500427246094
1038,0,polyp,0.760880172252655,31.548797607421875,2.8932571411132812,343.6689453125,234.96795654296875
1038,0,polyp,0.589898407459259,31.98274803161621,71.25175476074219,231.58798217773438,236.751220703125
1039,0,polyp,0.8537210822105408,35.02644729614258,4.136480808258057,341.029052734375,236.00460815429688
1040,0,polyp,0.6852270364761353,34.98529052734375,3.468702554702759,342.5199279785156,237.03933715820312
1040,0,polyp,0.5300213694572449,32.693241119384766,67.35240936279297,235.90467834472656,237.59767150878906
1041,0,polyp,0.6261528134346008,34.94426727294922,3.673626661300659,344.0228271484375,236.04861450195312
1041,0,polyp,0.5291772484779358,31.69500732421875,66.64717864990234,239.86781311035156,237.380859375
1042,0,polyp,0.600135087966919,29.4444522857666,66.34229278564453,239.25100708007812,235.23460388183594
1043,0,polyp,0.6068140864372253,34.367313385009766,68.67987060546875,238.81517028808594,238.8014678955078
1044,0,polyp,0.6327294111251831,34.57158279418945,69.17894744873047,236.43348693847656,238.64508056640625
1044,0,polyp,0.6082314848899841,32.04186248779297,4.1111860275268555,349.069091796875,236.2742919921875
1045,0,polyp,0.6011491417884827,35.69699478149414,2.7248733043670654,349.0195617675781,239.34950256347656
1046,0,polyp,0.7295259833335876,34.26808166503906,2.8222243785858154,343.1067810058594,237.79771423339844
1047,0,polyp,0.671463668346405,20.3773250579834,3.320343017578125,341.7996520996094,235.49093627929688
1048,0,polyp,0.7157875895500183,35.360694885253906,2.2291717529296875,340.92352294921875,234.13482666015625
1048,0,polyp,0.515023946762085,31.456077575683594,80.25279998779297,232.7656707763672,234.71629333496094
1049,0,polyp,0.6557117700576782,33.95262908935547,2.650970458984375,341.2616882324219,234.12408447265625
1049,0,polyp,0.5661893486976624,34.480892181396484,78.01854705810547,217.25750732421875,235.12721252441406
1050,0,polyp,0.5942273736000061,34.80221939086914,77.95942687988281,215.79376220703125,235.3456268310547
1051,0,polyp,0.6387454271316528,35.06600570678711,76.78083801269531,218.51361083984375,235.02476501464844
1052,0,polyp,0.7185243368148804,34.91093444824219,74.47834014892578,216.95240783691406,235.68614196777344
1053,0,polyp,0.693648636341095,34.66826248168945,71.9224853515625,219.57557678222656,235.5760498046875
1054,0,polyp,0.7352354526519775,31.850954055786133,70.10807800292969,220.15652465820312,234.41624450683594
1055,0,polyp,0.680869460105896,31.363327026367188,66.17610931396484,236.40780639648438,234.55491638183594
1056,0,polyp,0.6558103561401367,32.33717346191406,63.15038299560547,222.2659912109375,234.35110473632812
1057,0,polyp,0.6803964376449585,33.00486755371094,65.02223205566406,234.44776916503906,234.97315979003906
1058,0,polyp,0.606166660785675,35.30487060546875,4.485719203948975,341.518310546875,234.47386169433594
1058,0,polyp,0.5691917538642883,33.02840042114258,64.93192291259766,233.5095977783203,235.45787048339844
1059,0,polyp,0.6116082668304443,33.17853927612305,64.72865295410156,222.9927978515625,233.8713836669922
1060,0,polyp,0.72346031665802,31.811561584472656,65.60938262939453,227.6426239013672,232.7415313720703
1061,0,polyp,0.6793089509010315,32.27070617675781,65.31756591796875,224.82022094726562,233.49583435058594
1062,0,polyp,0.6329183578491211,31.45355987548828,63.14326477050781,226.98768615722656,233.45980834960938
1062,0,polyp,0.5028057098388672,28.30562973022461,4.397549152374268,343.90185546875,234.29563903808594
1063,0,polyp,0.6805331110954285,32.712158203125,64.06536102294922,234.69284057617188,233.4932861328125
1064,0,polyp,0.673085629940033,29.335403442382812,63.69662857055664,245.57049560546875,236.7472381591797
1064,0,polyp,0.6620889902114868,33.5383186340332,4.0796308517456055,340.8742980957031,236.7296905517578
1065,0,polyp,0.6614447236061096,34.480892181396484,69.56026458740234,245.50741577148438,232.61233520507812
1066,0,polyp,0.6442162394523621,42.30476379394531,70.47633361816406,259.3670349121094,233.26763916015625
1066,0,polyp,0.6377928853034973,35.73308181762695,3.417022705078125,347.5718688964844,234.52957153320312
1069,0,polyp,0.8472282886505127,92.1534652709961,77.79838562011719,303.0751953125,234.00454711914062
1070,0,polyp,0.8005049824714661,92.84288024902344,76.17247772216797,303.4161682128906,233.9660186767578
1071,0,polyp,0.8319181203842163,93.11848449707031,75.41045379638672,303.8079528808594,234.4510955810547
1072,0,polyp,0.798794686794281,93.46682739257812,75.27665710449219,304.3964538574219,235.15664672851562
1073,0,polyp,0.8175946474075317,94.7407455444336,75.42291259765625,304.2679748535156,234.5786590576172
1074,0,polyp,0.7778793573379517,97.22582244873047,76.86820220947266,304.481201171875,234.95654296875
1075,0,polyp,0.767340898513794,97.89506530761719,76.60250091552734,303.78912353515625,235.00851440429688
1076,0,polyp,0.7607120275497437,97.66786193847656,76.433349609375,302.9053649902344,234.85308837890625
1077,0,polyp,0.746980607509613,96.62665557861328,76.13902282714844,302.96929931640625,235.12265014648438
1078,0,polyp,0.7565509080886841,99.0137939453125,75.21208190917969,303.9258117675781,235.14935302734375
1079,0,polyp,0.7800966501235962,98.94998168945312,74.90372467041016,304.1532287597656,233.86212158203125
1080,0,polyp,0.7068706154823303,99.34284210205078,75.07705688476562,304.528076171875,233.70101928710938
1081,0,polyp,0.7354453802108765,100.47319030761719,74.94585418701172,301.2335510253906,233.36737060546875
1082,0,polyp,0.7471334338188171,99.33390808105469,75.00396728515625,301.16571044921875,232.88430786132812
1083,0,polyp,0.7396625280380249,100.07467651367188,75.1993408203125,306.2169189453125,234.17149353027344
1084,0,polyp,0.7762306928634644,101.41809844970703,76.8488998413086,297.8798522949219,234.52162170410156
1085,0,polyp,0.654015064239502,97.3906478881836,71.91638946533203,313.74981689453125,235.5283966064453
1087,0,polyp,0.7317020893096924,85.74121856689453,51.98614501953125,315.1092834472656,238.66461181640625
1088,0,polyp,0.8383777141571045,81.896484375,47.34212112426758,314.39703369140625,235.7962188720703
1089,0,polyp,0.7708874940872192,82.13916015625,47.32135009765625,316.47259521484375,233.81622314453125
1090,0,polyp,0.7454536557197571,78.49578094482422,48.84449005126953,318.9283447265625,236.19931030273438
1091,0,polyp,0.784201979637146,76.59031677246094,48.89701843261719,314.9084167480469,233.70339965820312
1092,0,polyp,0.5556135177612305,76.68390655517578,48.89458465576172,318.785888671875,235.97386169433594
1093,0,polyp,0.6538146734237671,74.27021789550781,48.968563079833984,315.3685302734375,234.03993225097656
1094,0,polyp,0.6207441687583923,73.17373657226562,47.71273422241211,315.7689208984375,235.936767578125
1095,0,polyp,0.5360614657402039,77.71452331542969,46.55254364013672,318.6761169433594,235.33506774902344
1096,0,polyp,0.706729531288147,77.76023864746094,44.93970489501953,313.9085998535156,232.86436462402344
1097,0,polyp,0.6544174551963806,79.30386352539062,44.311790466308594,314.7364807128906,233.5723114013672
1098,0,polyp,0.6476197242736816,77.70673370361328,45.35100555419922,315.0129699707031,232.1229248046875
1099,0,polyp,0.6279003620147705,70.95734405517578,45.93381118774414,318.163330078125,227.57008361816406
1104,0,polyp,0.5266703963279724,55.76957702636719,30.032554626464844,299.0051574707031,234.43528747558594
1105,0,polyp,0.5299756526947021,49.46417999267578,23.80475425720215,306.99530029296875,236.2648468017578
1106,0,polyp,0.7739315032958984,41.37711715698242,21.8282413482666,311.37628173828125,231.9102020263672
1108,0,polyp,0.6841462850570679,41.52241516113281,15.150009155273438,318.87322998046875,237.93710327148438
1113,0,polyp,0.724988579750061,125.98199462890625,97.40958404541016,291.74078369140625,234.21231079101562
1114,0,polyp,0.7938560843467712,128.2985076904297,101.02278137207031,290.25921630859375,236.0439910888672
1115,0,polyp,0.7753309607505798,127.4726333618164,65.82711029052734,294.24871826171875,235.92555236816406
1116,0,polyp,0.7837381362915039,127.25419616699219,71.3956069946289,299.7108459472656,235.4573974609375
1117,0,polyp,0.9001187682151794,128.2277069091797,73.89177703857422,302.4488220214844,233.9197235107422
1118,0,polyp,0.8477174043655396,125.82706451416016,71.04492950439453,299.2434387207031,234.70144653320312
1119,0,polyp,0.8181070685386658,124.716796875,74.01930236816406,296.99139404296875,233.99961853027344
1120,0,polyp,0.8664263486862183,123.74966430664062,78.21956634521484,297.2043151855469,233.38697814941406
1121,0,polyp,0.8380593657493591,123.584228515625,77.58625030517578,297.08514404296875,236.49378967285156
1122,0,polyp,0.8019795417785645,121.37657928466797,77.20240020751953,297.4962463378906,234.2393798828125
1123,0,polyp,0.851368248462677,119.52307891845703,79.11132049560547,297.61627197265625,235.1566925048828
1124,0,polyp,0.8567271828651428,116.37763214111328,77.7389907836914,297.61407470703125,235.81765747070312
1125,0,polyp,0.7784340977668762,116.31485748291016,74.3879623413086,297.9669189453125,235.56065368652344
1126,0,polyp,0.8238829970359802,115.56685638427734,74.5294189453125,298.1944580078125,235.62806701660156
1127,0,polyp,0.8171695470809937,115.44672393798828,74.04297637939453,297.3633728027344,236.01968383789062
1128,0,polyp,0.7651423811912537,115.87281799316406,73.33929443359375,293.79290771484375,233.84701538085938
1129,0,polyp,0.8268471360206604,114.82170104980469,71.86901092529297,294.76904296875,238.10740661621094
1130,0,polyp,0.8169555068016052,114.96115112304688,71.50496673583984,294.85369873046875,236.84341430664062
1131,0,polyp,0.7084113955497742,114.92697143554688,71.3040542602539,294.17486572265625,235.53359985351562
1132,0,polyp,0.8282862901687622,115.06352996826172,72.05499267578125,297.7293395996094,237.95391845703125
1133,0,polyp,0.872572124004364,115.2543716430664,72.0630874633789,298.377685546875,236.55397033691406
1134,0,polyp,0.7886302471160889,115.05953979492188,72.01405334472656,298.6319580078125,237.0384063720703
1135,0,polyp,0.8202459812164307,114.5593490600586,71.98692321777344,299.22412109375,238.10923767089844
1136,0,polyp,0.7769477963447571,113.46975708007812,71.85298919677734,299.8276062011719,238.05502319335938
1137,0,polyp,0.6784835457801819,114.19052124023438,73.49026489257812,298.8859558105469,236.88442993164062
1138,0,polyp,0.7917526364326477,114.46129608154297,75.13423919677734,298.1404724121094,236.0706024169922
1139,0,polyp,0.8139135241508484,113.31950378417969,74.96791076660156,297.4085388183594,235.8623809814453
1140,0,polyp,0.6130701303482056,113.32617950439453,73.77925872802734,296.8642272949219,235.69241333007812
1141,0,polyp,0.8219598531723022,112.66349029541016,74.26537322998047,298.31719970703125,235.77801513671875
1142,0,polyp,0.8384660482406616,112.08387756347656,73.222412109375,297.3594055175781,235.60513305664062
1143,0,polyp,0.708143949508667,114.39727783203125,74.37633514404297,299.659912109375,236.33558654785156
1144,0,polyp,0.8473434448242188,114.39482879638672,71.37188720703125,302.94732666015625,235.52755737304688
1145,0,polyp,0.8420667052268982,113.34967803955078,69.8012924194336,303.4934387207031,237.4022674560547
1146,0,polyp,0.646065354347229,108.72953796386719,63.74092483520508,301.33929443359375,234.2882843017578
1147,0,polyp,0.7918136119842529,108.82769012451172,61.866722106933594,299.4814147949219,236.5361328125
1148,0,polyp,0.8270713090896606,111.58333587646484,64.4967269897461,300.9654846191406,237.86753845214844
1149,0,polyp,0.7632575631141663,110.91264343261719,60.807518005371094,299.15582275390625,236.45558166503906
1150,0,polyp,0.754630982875824,110.38909912109375,64.22911834716797,300.1610412597656,234.7025909423828
1151,0,polyp,0.8914539813995361,115.62722778320312,67.9378890991211,303.2948913574219,237.3524932861328
1152,0,polyp,0.8659541010856628,118.47474670410156,72.5714340209961,306.4184265136719,237.5386962890625
1153,0,polyp,0.8278257846832275,117.35980987548828,72.6678466796875,310.07550048828125,236.30284118652344
1154,0,polyp,0.7326498031616211,117.35665130615234,72.8604965209961,312.4607849121094,238.16342163085938
1155,0,polyp,0.8051968812942505,117.76811218261719,74.99909973144531,313.0783996582031,235.56149291992188
1156,0,polyp,0.8075166940689087,120.44302368164062,79.88764190673828,314.0423278808594,236.36517333984375
1157,0,polyp,0.7645748853683472,121.48255920410156,81.29228210449219,312.862548828125,235.98944091796875
1158,0,polyp,0.8420827984809875,119.9996337890625,76.8384780883789,316.22314453125,235.36587524414062
1159,0,polyp,0.7578428983688354,118.68556213378906,75.02967834472656,318.2853698730469,236.0282440185547
1160,0,polyp,0.81382155418396,119.2093734741211,73.95063781738281,318.9937438964844,235.91299438476562
1161,0,polyp,0.753645122051239,120.83103942871094,75.86662292480469,318.2980651855469,236.06192016601562
1162,0,polyp,0.7733892798423767,120.3543930053711,78.29940032958984,317.2806396484375,236.99842834472656
1163,0,polyp,0.7757514119148254,120.2010498046875,80.57376098632812,313.7745056152344,235.56895446777344
1164,0,polyp,0.695867121219635,120.46815490722656,79.15283966064453,312.84014892578125,235.7200164794922
1165,0,polyp,0.788342297077179,119.9581069946289,82.14854431152344,311.10723876953125,235.33653259277344
1166,0,polyp,0.7429899573326111,120.75104522705078,84.56880950927734,311.3951110839844,236.19883728027344
1167,0,polyp,0.8248922228813171,121.57235717773438,86.54388427734375,311.62982177734375,235.6085968017578
1168,0,polyp,0.8271601796150208,122.18408966064453,88.51757049560547,311.4411926269531,235.3499755859375
1169,0,polyp,0.759221076965332,121.43428039550781,85.64926147460938,310.9066162109375,236.09434509277344
1170,0,polyp,0.7635418772697449,121.85689544677734,84.62321472167969,311.687255859375,235.58901977539062
1171,0,polyp,0.7772009372711182,122.29815673828125,81.95980072021484,313.6458740234375,236.0007781982422
1172,0,polyp,0.7530649304389954,121.6680908203125,80.03229522705078,314.2036437988281,235.45143127441406
1173,0,polyp,0.8852794766426086,122.49732208251953,74.15771484375,316.4930419921875,235.87103271484375
1174,0,polyp,0.7316844463348389,119.22787475585938,70.94056701660156,320.7795715332031,235.93167114257812
1175,0,polyp,0.6751565337181091,116.22157287597656,51.22861862182617,322.99627685546875,237.0169677734375
1176,0,polyp,0.7302413582801819,112.75828552246094,26.60020637512207,326.947998046875,237.6211395263672
1177,0,polyp,0.8149577379226685,114.40489959716797,9.301491737365723,325.0330810546875,235.2705535888672
1178,0,polyp,0.8568657040596008,116.93441772460938,5.574725151062012,326.3114318847656,230.92449951171875
1179,0,polyp,0.618096113204956,116.88558197021484,5.612691879272461,325.30487060546875,230.08645629882812
1180,0,polyp,0.6878299713134766,118.25080108642578,6.222999572753906,327.2898254394531,231.27560424804688
1181,0,polyp,0.6490753293037415,115.99541473388672,5.22504997253418,327.0594482421875,227.1230926513672
1182,0,polyp,0.6622744798660278,114.33131408691406,6.650655746459961,326.1031188964844,222.40859985351562
1183,0,polyp,0.7606217861175537,114.3899917602539,6.429450988769531,325.69915771484375,221.3492889404297
1184,0,polyp,0.8147277235984802,114.73965454101562,4.632215976715088,327.373779296875,223.68016052246094
1185,0,polyp,0.8045589327812195,115.22322082519531,3.402956962585449,327.53607177734375,226.5803985595703
1186,0,polyp,0.9007129669189453,115.60563659667969,3.9066314697265625,327.23980712890625,226.95626831054688
1187,0,polyp,0.8585147857666016,114.2902603149414,3.5166730880737305,328.5594482421875,226.65345764160156
1188,0,polyp,0.8826736211776733,113.34941864013672,5.114858627319336,324.7348937988281,227.83612060546875
1189,0,polyp,0.9196230173110962,112.80662536621094,5.946035385131836,328.5927429199219,226.69468688964844
1190,0,polyp,0.9112133383750916,112.32581329345703,6.339803695678711,326.1484069824219,226.66941833496094
1191,0,polyp,0.8833101987838745,111.82952880859375,7.13596773147583,324.6234130859375,228.2891082763672
1192,0,polyp,0.9347290396690369,111.90264129638672,5.163568019866943,327.20220947265625,228.36456298828125
1193,0,polyp,0.9287512898445129,112.34471130371094,4.800079345703125,327.2981872558594,230.01194763183594
1194,0,polyp,0.897151529788971,111.69084930419922,7.289681911468506,325.26568603515625,231.6991729736328
1195,0,polyp,0.88651442527771,111.138671875,7.295186996459961,323.75152587890625,231.83755493164062
1196,0,polyp,0.8835960030555725,111.69890594482422,6.717039108276367,323.18475341796875,231.61000061035156
1197,0,polyp,0.889127790927887,111.63236999511719,5.538537502288818,327.079345703125,233.0174102783203
1198,0,polyp,0.9025546312332153,111.36244201660156,6.359139919281006,320.365234375,234.9134063720703
1199,0,polyp,0.8992670774459839,112.24179077148438,7.038180351257324,321.04248046875,233.3964385986328
1200,0,polyp,0.786345362663269,114.80699157714844,7.523861408233643,316.1003723144531,233.33628845214844
1201,0,polyp,0.9125915169715881,114.84640502929688,7.983492851257324,314.78369140625,232.7560272216797
1202,0,polyp,0.8626640439033508,114.8514404296875,9.113755226135254,315.7608642578125,232.53627014160156
1203,0,polyp,0.842160701751709,114.95140838623047,7.889733791351318,314.7728271484375,233.31396484375
1204,0,polyp,0.908621609210968,114.82425689697266,8.775175094604492,316.66986083984375,235.73562622070312
1205,0,polyp,0.9142234325408936,111.56687927246094,9.63879680633545,319.6019287109375,237.5482635498047
1206,0,polyp,0.8167321681976318,110.00849151611328,7.692094326019287,318.54248046875,237.12576293945312
1207,0,polyp,0.8919342756271362,108.43086242675781,8.099004745483398,320.8961181640625,237.2400360107422
1208,0,polyp,0.9280710816383362,110.47402954101562,7.341479301452637,313.9521789550781,233.77308654785156
1209,0,polyp,0.8990573883056641,110.80516052246094,6.397056579589844,314.3612365722656,234.89476013183594
1210,0,polyp,0.8097845911979675,111.3941650390625,3.9979734420776367,320.6025085449219,234.28929138183594
1211,0,polyp,0.842604398727417,114.64353942871094,5.075448513031006,320.66650390625,233.09341430664062
1212,0,polyp,0.8484363555908203,115.39431762695312,5.597770690917969,325.15478515625,233.08474731445312
1213,0,polyp,0.859268069267273,114.48002624511719,6.924245834350586,325.70135498046875,233.3843536376953
1214,0,polyp,0.8882009983062744,112.36431884765625,4.614457607269287,322.353759765625,231.19476318359375
1215,0,polyp,0.8957688808441162,112.46533203125,7.493884086608887,322.9026184082031,229.80801391601562
1216,0,polyp,0.9106723070144653,113.49258422851562,5.040687561035156,320.87078857421875,235.07672119140625
1217,0,polyp,0.9061179757118225,110.66456604003906,5.521215438842773,322.4333190917969,235.15480041503906
1218,0,polyp,0.8132020831108093,106.5772705078125,5.597166061401367,324.30438232421875,235.2412872314453
1219,0,polyp,0.8758145570755005,106.94898223876953,7.38169527053833,320.6528015136719,233.024658203125
1220,0,polyp,0.8815447688102722,106.15983581542969,9.37757682800293,319.978515625,234.3306121826172
1221,0,polyp,0.857565701007843,107.53577423095703,6.722074508666992,324.38922119140625,232.54794311523438
1222,0,polyp,0.9087125062942505,107.4437484741211,4.768524169921875,319.9116516113281,235.1423797607422
1223,0,polyp,0.9083020091056824,110.28318786621094,4.259243488311768,319.080810546875,233.69638061523438
1224,0,polyp,0.8437886834144592,110.86463928222656,6.829530239105225,321.5988464355469,234.24098205566406
1225,0,polyp,0.9341700673103333,110.69535064697266,4.393420219421387,318.82586669921875,235.1680908203125
1226,0,polyp,0.8983304500579834,110.87139129638672,4.941490173339844,321.7295837402344,233.73388671875
1227,0,polyp,0.851491391658783,111.82579803466797,5.993771076202393,321.9307861328125,235.32994079589844
1228,0,polyp,0.8669697642326355,110.69538879394531,5.308201313018799,317.68243408203125,239.25608825683594
1229,0,polyp,0.8245943188667297,106.11656188964844,7.821722030639648,315.2252502441406,240.0
1230,0,polyp,0.8261620402336121,105.61033630371094,7.633481979370117,322.1046447753906,233.78953552246094
1231,0,polyp,0.8956061601638794,106.58546447753906,5.146883964538574,315.6562805175781,236.9463348388672
1232,0,polyp,0.9071108102798462,109.36530303955078,4.299543857574463,317.230224609375,234.1801300048828
1233,0,polyp,0.772059440612793,110.27754974365234,6.2472028732299805,323.55035400390625,234.22567749023438
1234,0,polyp,0.9122770428657532,110.582763671875,4.609438896179199,318.6404724121094,235.8836212158203
1235,0,polyp,0.883491039276123,110.36161041259766,4.8771209716796875,323.5746765136719,235.78765869140625
1236,0,polyp,0.822151243686676,111.87759399414062,6.306519985198975,329.0456848144531,233.65814208984375
1237,0,polyp,0.8629646301269531,111.61968231201172,5.929872035980225,327.4687194824219,235.0301055908203
1238,0,polyp,0.8526126742362976,110.26079559326172,5.045236110687256,319.7675476074219,238.1241455078125
1239,0,polyp,0.8510680198669434,106.99883270263672,5.139179706573486,322.8333435058594,239.5904998779297
1240,0,polyp,0.8726311922073364,105.64259338378906,3.5730361938476562,320.6682434082031,238.85633850097656
1241,0,polyp,0.9020863175392151,106.27890014648438,4.502638339996338,317.9788513183594,234.84877014160156
1242,0,polyp,0.8680137395858765,106.75552368164062,4.655479431152344,319.4923400878906,234.3836212158203
1243,0,polyp,0.9156651496887207,107.73709869384766,3.620150566101074,317.1407775878906,234.59170532226562
1244,0,polyp,0.8199265599250793,109.10000610351562,4.076206684112549,316.76116943359375,235.46543884277344
1245,0,polyp,0.7916405200958252,110.58373260498047,4.609506130218506,322.9590148925781,234.16578674316406
1246,0,polyp,0.9081732034683228,111.0276870727539,3.643263101577759,321.9128723144531,232.3079833984375
1247,0,polyp,0.8985524773597717,111.39402770996094,4.713352680206299,322.8306579589844,232.44747924804688
1248,0,polyp,0.820504367351532,111.23229217529297,4.5273118019104,326.69012451171875,232.5580291748047
1249,0,polyp,0.8600152134895325,111.26400756835938,4.242693901062012,325.25140380859375,231.94497680664062
1250,0,polyp,0.8174307346343994,110.5951156616211,5.548457145690918,323.07916259765625,232.2220458984375
1251,0,polyp,0.7239609360694885,109.52982330322266,4.448524475097656,322.61962890625,235.38467407226562
1252,0,polyp,0.8754600286483765,107.28604888916016,5.079392910003662,318.0592956542969,233.408447265625
1253,0,polyp,0.8430945873260498,108.10736846923828,3.244123697280884,316.7607727050781,233.09063720703125
1254,0,polyp,0.856403112411499,108.60855102539062,5.240374565124512,319.237060546875,233.66842651367188
1255,0,polyp,0.8329179286956787,110.45413208007812,4.275491237640381,318.80487060546875,234.17942810058594
1256,0,polyp,0.8845824003219604,111.60215759277344,4.106805324554443,322.1851806640625,234.00619506835938
1257,0,polyp,0.8034844398498535,112.6571044921875,4.802814960479736,324.2181091308594,234.0889129638672
1258,0,polyp,0.8796831369400024,114.7256851196289,4.399278163909912,323.61865234375,234.25009155273438
1259,0,polyp,0.887712299823761,116.03553009033203,5.242825031280518,320.4442443847656,234.6868896484375
1260,0,polyp,0.8380459547042847,116.51087188720703,5.460018634796143,324.7220764160156,235.63697814941406
1261,0,polyp,0.9034268260002136,116.69452667236328,5.645808219909668,325.356689453125,237.4523162841797
1262,0,polyp,0.8840548992156982,116.8125228881836,5.068935871124268,327.00201416015625,237.719970703125
1263,0,polyp,0.7585798501968384,115.9759750366211,5.1115522384643555,325.2778625488281,236.0810089111328
1264,0,polyp,0.863161027431488,115.03341674804688,5.193981647491455,325.84228515625,237.30458068847656
1265,0,polyp,0.7992429733276367,117.20780181884766,5.443989276885986,323.9691162109375,237.8973388671875
1266,0,polyp,0.7812933921813965,119.68095397949219,4.948908805847168,324.25,237.6962890625
1267,0,polyp,0.8668625354766846,121.81322479248047,4.7764129638671875,322.9538269042969,237.33143615722656
1268,0,polyp,0.8363156318664551,122.87165832519531,4.525867938995361,323.133056640625,240.0
1269,0,polyp,0.7632321715354919,122.88777160644531,4.192323207855225,323.0340576171875,240.0
1270,0,polyp,0.8058823347091675,123.8043441772461,3.832040309906006,323.37652587890625,237.30084228515625
1271,0,polyp,0.8903279900550842,122.67420196533203,4.235140800476074,322.95745849609375,237.3458709716797
1272,0,polyp,0.8300974369049072,123.06303405761719,4.837022304534912,324.26104736328125,239.4310760498047
1273,0,polyp,0.8683234453201294,124.1275863647461,5.369213581085205,324.6732177734375,240.0
1274,0,polyp,0.8346892595291138,124.99840545654297,5.116201400756836,323.74285888671875,238.96250915527344
1275,0,polyp,0.7406904101371765,127.95526123046875,5.611584186553955,323.21148681640625,236.82232666015625
1276,0,polyp,0.8285951018333435,128.38931274414062,5.176592826843262,323.7890625,237.61587524414062
1277,0,polyp,0.8500993847846985,130.73443603515625,5.488821029663086,324.8849182128906,236.85267639160156
1278,0,polyp,0.7564564943313599,134.68333435058594,5.774647235870361,324.7706298828125,234.02383422851562
1279,0,polyp,0.7142189145088196,137.84686279296875,4.200161457061768,322.9169616699219,236.4039306640625
1280,0,polyp,0.7228280901908875,140.89344787597656,5.165195941925049,323.1242370605469,237.90647888183594
1281,0,polyp,0.764359712600708,146.29295349121094,4.497300624847412,322.47857666015625,236.2550811767578
1282,0,polyp,0.8482732176780701,147.5237274169922,4.772401332855225,323.036376953125,237.24537658691406
1283,0,polyp,0.8108218312263489,143.8830108642578,4.675201416015625,320.2703857421875,235.86610412597656
1284,0,polyp,0.7341297268867493,142.2012176513672,5.740658283233643,318.30889892578125,233.2406768798828
1285,0,polyp,0.6977735161781311,138.82455444335938,6.2141876220703125,319.3772888183594,233.9745330810547
1286,0,polyp,0.836586058139801,136.482177734375,5.077378749847412,317.7891540527344,233.97918701171875
1287,0,polyp,0.7664307951927185,139.1117706298828,5.026134967803955,310.2254638671875,232.47007751464844
1288,0,polyp,0.7473241686820984,141.14512634277344,5.06742525100708,312.1131591796875,234.20697021484375
1289,0,polyp,0.8699194192886353,142.12977600097656,4.830879211425781,318.8466491699219,232.070068359375
1290,0,polyp,0.7981297373771667,142.48199462890625,5.048425197601318,320.40087890625,231.49710083007812
1291,0,polyp,0.7570209503173828,142.54270935058594,5.447094440460205,320.37713623046875,233.00527954101562
1292,0,polyp,0.800184428691864,143.44244384765625,5.453791618347168,321.3611145019531,233.08282470703125
1293,0,polyp,0.7483013272285461,142.89031982421875,6.46308708190918,317.6968994140625,231.09877014160156
1294,0,polyp,0.8394357562065125,142.77450561523438,5.603779315948486,320.8280334472656,232.27247619628906
1295,0,polyp,0.7944934368133545,141.8252410888672,6.0238494873046875,323.1427001953125,231.4417724609375
1296,0,polyp,0.7399974465370178,136.92098999023438,5.5166335105896,323.49310302734375,237.1416473388672
1297,0,polyp,0.7736226916313171,132.98243713378906,4.8579864501953125,324.30291748046875,235.21238708496094
1298,0,polyp,0.7064473032951355,122.28691101074219,8.061306953430176,323.89990234375,237.68687438964844
1299,0,polyp,0.6836368441581726,117.4052963256836,8.564796447753906,323.30999755859375,240.0
1300,0,polyp,0.8598164916038513,114.79131317138672,5.979823112487793,319.784423828125,237.86695861816406
1301,0,polyp,0.7919050455093384,107.48521423339844,4.284554958343506,324.299072265625,236.89208984375
1302,0,polyp,0.7163422703742981,104.77516174316406,4.020834445953369,324.81109619140625,233.82229614257812
1303,0,polyp,0.7992063164710999,104.36444091796875,4.868375778198242,327.3821716308594,235.5631103515625
1304,0,polyp,0.6103458404541016,101.45817565917969,5.770652770996094,326.72308349609375,236.6127166748047
1305,0,polyp,0.6675225496292114,98.04733276367188,6.465856552124023,325.4250793457031,232.47059631347656
1306,0,polyp,0.871950089931488,92.67060089111328,4.727535724639893,329.5431213378906,230.25634765625
1307,0,polyp,0.832648515701294,94.03277587890625,5.38720703125,329.1849365234375,233.90988159179688
1308,0,polyp,0.852511465549469,95.0705337524414,6.899303913116455,334.9010009765625,233.98426818847656
1309,0,polyp,0.8355703353881836,94.93028259277344,7.426946640014648,329.20977783203125,233.2087860107422
1310,0,polyp,0.8247930407524109,98.51837921142578,6.072457790374756,320.50323486328125,235.96339416503906
1311,0,polyp,0.7845078110694885,100.60603332519531,4.229282855987549,328.9994812011719,237.1586456298828
1312,0,polyp,0.8768125772476196,104.8790283203125,5.040972709655762,323.4351806640625,237.9808349609375
1313,0,polyp,0.9035434126853943,104.63068389892578,4.886453151702881,325.01641845703125,238.93106079101562
1314,0,polyp,0.8652116060256958,108.46900177001953,4.932375907897949,325.7774353027344,239.06411743164062
1315,0,polyp,0.8522645235061646,112.32843017578125,4.406445026397705,332.31640625,234.6479034423828
1316,0,polyp,0.839518129825592,117.87076568603516,5.061886310577393,323.5625,237.16464233398438
1317,0,polyp,0.8429726362228394,118.29196166992188,3.6299026012420654,325.3624267578125,237.3467254638672
1318,0,polyp,0.8366659879684448,118.57698822021484,3.5836775302886963,325.647705078125,236.68649291992188
1319,0,polyp,0.8149235844612122,125.06980895996094,4.795010089874268,325.4405822753906,235.2087860107422
1330,0,polyp,0.6117305159568787,29.93854331970215,1.6438064575195312,335.8844299316406,240.0
1331,0,polyp,0.6179287433624268,6.924816608428955,3.050478935241699,342.0316467285156,221.9995574951172
1332,0,polyp,0.5911213755607605,0.0,3.3188323974609375,333.7987365722656,234.54515075683594
1333,0,polyp,0.5004560351371765,141.58938598632812,4.067579746246338,324.48876953125,233.28775024414062
1336,0,polyp,0.546920120716095,133.87728881835938,4.367018222808838,321.63604736328125,231.14761352539062
1337,0,polyp,0.5316134095191956,129.35440063476562,4.120904445648193,321.4450378417969,231.4363250732422
1338,0,polyp,0.6256300210952759,133.36109924316406,4.453190326690674,322.3236999511719,231.25636291503906
1339,0,polyp,0.7506824731826782,133.68893432617188,4.377777099609375,322.09820556640625,231.4727783203125
1340,0,polyp,0.5930703282356262,132.55006408691406,4.241535663604736,321.6086730957031,229.47206115722656
1341,0,polyp,0.685725212097168,128.86680603027344,4.749725341796875,322.6944885253906,229.1193084716797
1342,0,polyp,0.5963584184646606,123.16474914550781,4.4717206954956055,323.16619873046875,231.99026489257812
1343,0,polyp,0.688206136226654,121.7800064086914,5.854089260101318,324.5390625,235.32821655273438
1344,0,polyp,0.6988140940666199,119.3900146484375,5.031942367553711,328.0161437988281,238.51158142089844
1345,0,polyp,0.7889006733894348,113.65106201171875,4.679749965667725,332.2391052246094,237.28321838378906
1346,0,polyp,0.7968366146087646,110.00748443603516,4.769094944000244,332.28509521484375,237.1173095703125
1347,0,polyp,0.6980829834938049,105.95398712158203,3.3287856578826904,331.06365966796875,235.55889892578125
1348,0,polyp,0.8096984028816223,105.1861572265625,4.285276889801025,333.2431640625,235.87484741210938
1349,0,polyp,0.7512444853782654,102.67486572265625,3.92146897315979,333.38232421875,238.45419311523438
1350,0,polyp,0.5706613063812256,100.13819885253906,3.272557020187378,335.3771057128906,240.0
1367,0,polyp,0.7186592817306519,88.6246566772461,6.771639823913574,311.58624267578125,185.66131591796875
1369,0,polyp,0.6031192541122437,88.50575256347656,7.125343322753906,326.740966796875,186.28857421875
1375,0,polyp,0.5253074765205383,94.67176818847656,4.843937397003174,338.4010925292969,165.7828826904297
1376,0,polyp,0.5578473210334778,97.07130432128906,4.963595390319824,338.82135009765625,175.89109802246094
1379,0,polyp,0.578871488571167,89.17733001708984,6.748074054718018,332.8367919921875,240.0
1382,0,polyp,0.6664429306983948,110.41908264160156,5.5422468185424805,324.90155029296875,236.407958984375
1383,0,polyp,0.6890029907226562,118.2493896484375,5.834434509277344,324.5705871582031,235.63351440429688
1384,0,polyp,0.804743230342865,120.24461364746094,6.43018913269043,323.3415832519531,236.65695190429688
1385,0,polyp,0.7997585535049438,121.21480560302734,6.071014404296875,321.46697998046875,235.62977600097656
1386,0,polyp,0.7788046598434448,124.41568756103516,5.504229545593262,324.5458984375,233.3718719482422
1387,0,polyp,0.7932424545288086,124.6768569946289,6.011109828948975,324.148193359375,234.88829040527344
1388,0,polyp,0.8192261457443237,127.05684661865234,5.77780294418335,322.5618896484375,235.41908264160156
1389,0,polyp,0.7942183613777161,129.27890014648438,6.438564777374268,322.7562255859375,234.7767791748047
1390,0,polyp,0.8493858575820923,132.47145080566406,6.1430206298828125,322.54107666015625,235.1433563232422
1391,0,polyp,0.8325818181037903,132.59585571289062,5.488166809082031,323.5184326171875,232.2789306640625
1392,0,polyp,0.7375566363334656,131.2436981201172,5.443485736846924,322.9673767089844,235.57272338867188
1393,0,polyp,0.8068099021911621,129.93299865722656,5.906725883483887,322.9597473144531,234.2410125732422
1394,0,polyp,0.8317447900772095,132.58030700683594,5.510490417480469,323.3951416015625,233.52513122558594
1395,0,polyp,0.812771737575531,136.77493286132812,4.857449054718018,322.083740234375,236.91835021972656
1396,0,polyp,0.8318179845809937,140.57199096679688,5.060577392578125,322.422119140625,237.01126098632812
1397,0,polyp,0.8845428228378296,142.1945037841797,4.901156425476074,322.4770202636719,234.14332580566406
1398,0,polyp,0.8273745179176331,145.37156677246094,5.133573532104492,323.0404968261719,235.99554443359375
1399,0,polyp,0.8785775899887085,144.86111450195312,5.2525434494018555,323.0540466308594,233.9445343017578
1400,0,polyp,0.8392893671989441,145.06985473632812,5.089329242706299,322.49090576171875,233.37457275390625
1401,0,polyp,0.7865029573440552,146.06427001953125,5.764643669128418,321.87420654296875,233.8523406982422
1402,0,polyp,0.7478538751602173,149.87254333496094,5.6597900390625,322.6565856933594,234.4802703857422
1403,0,polyp,0.6525651812553406,151.62564086914062,6.266757011413574,323.5686340332031,236.70654296875
1404,0,polyp,0.6969056725502014,154.072265625,5.926699638366699,323.34832763671875,237.3061981201172
1405,0,polyp,0.6494860649108887,154.2425994873047,5.754824638366699,323.1778869628906,231.3976593017578
1407,0,polyp,0.77698814868927,147.67100524902344,5.782636642456055,321.72698974609375,234.39773559570312
1408,0,polyp,0.8047974109649658,146.0281524658203,6.206164360046387,319.0521240234375,234.98233032226562
1409,0,polyp,0.775778591632843,144.8136749267578,6.2662200927734375,320.6715393066406,233.8052978515625
1410,0,polyp,0.7165103554725647,144.9051513671875,6.5707106590271,319.7633361816406,233.47750854492188
1411,0,polyp,0.7893232703208923,141.95045471191406,6.2531280517578125,320.4996337890625,232.69105529785156
1412,0,polyp,0.786668062210083,141.65518188476562,5.900179862976074,320.14337158203125,233.1162109375
1413,0,polyp,0.7533867955207825,142.28187561035156,5.9014387130737305,320.4874572753906,234.7460174560547
1414,0,polyp,0.7204504609107971,146.11288452148438,5.867802143096924,320.6507263183594,235.97006225585938
1415,0,polyp,0.6904006600379944,150.11582946777344,5.6352338790893555,320.5499572753906,233.72291564941406
1416,0,polyp,0.643611490726471,150.4589080810547,5.850832939147949,320.3163757324219,232.9517822265625
1417,0,polyp,0.8192903399467468,148.61859130859375,5.129746913909912,321.8144836425781,232.9870147705078
1418,0,polyp,0.7609823346138,146.30654907226562,4.7913007736206055,320.4555969238281,234.38436889648438
1419,0,polyp,0.7677794694900513,143.44610595703125,4.350636005401611,321.43121337890625,233.53839111328125
1420,0,polyp,0.7927426695823669,143.83349609375,4.899209499359131,320.894775390625,233.412353515625
1421,0,polyp,0.822903573513031,142.5551300048828,5.400449752807617,320.2512512207031,232.64576721191406
1422,0,polyp,0.7846893668174744,141.16636657714844,4.978433132171631,320.6685791015625,233.5292510986328
1423,0,polyp,0.8454558849334717,140.4107208251953,5.383245468139648,322.7622985839844,233.86178588867188
1424,0,polyp,0.7061986923217773,136.6935272216797,5.58894157409668,322.5635986328125,234.87196350097656
1425,0,polyp,0.7845466136932373,137.15927124023438,6.945596218109131,321.4222106933594,234.60910034179688
1426,0,polyp,0.7778709530830383,135.29290771484375,7.285469055175781,323.8294372558594,234.9267120361328
1427,0,polyp,0.7560313940048218,136.08746337890625,5.292272567749023,323.74017333984375,234.91558837890625
1428,0,polyp,0.7081358432769775,136.4537811279297,5.230555534362793,323.66546630859375,235.0840606689453
1429,0,polyp,0.6659390926361084,136.3111114501953,4.3114776611328125,323.6935119628906,236.70095825195312
1430,0,polyp,0.765630841255188,136.43434143066406,4.232086181640625,324.41070556640625,235.6787567138672
1431,0,polyp,0.5202594995498657,135.62042236328125,5.396505355834961,323.1036682128906,234.03805541992188
1432,0,polyp,0.7356657385826111,136.78640747070312,4.972826957702637,322.4477844238281,233.6121368408203
1433,0,polyp,0.800342857837677,135.41006469726562,6.188960075378418,322.4054870605469,233.22349548339844
1434,0,polyp,0.8298921585083008,137.26930236816406,5.965623378753662,323.29827880859375,233.6453857421875
1435,0,polyp,0.8427832126617432,137.9691162109375,5.366662502288818,323.6931457519531,235.4384002685547
1436,0,polyp,0.8290165662765503,138.49681091308594,5.036994934082031,324.2135314941406,235.2447509765625
1437,0,polyp,0.8323935866355896,139.5818328857422,5.2279205322265625,323.6128234863281,235.6248016357422
1438,0,polyp,0.8782262206077576,140.9511260986328,5.807830810546875,323.74560546875,234.47633361816406
1439,0,polyp,0.8559524416923523,142.13841247558594,5.463174343109131,323.16546630859375,234.13453674316406
1440,0,polyp,0.7574633955955505,140.39146423339844,6.715444564819336,323.5599365234375,235.0597381591797
1441,0,polyp,0.8588710427284241,140.41815185546875,6.0349273681640625,323.74005126953125,235.3311767578125
1442,0,polyp,0.8246879577636719,139.7725830078125,6.885188102722168,322.6837463378906,235.60646057128906
1443,0,polyp,0.7614376544952393,139.72984313964844,7.192263603210449,321.1766052246094,232.265625
1444,0,polyp,0.8113560676574707,139.04119873046875,7.4623122215271,319.8775329589844,232.91397094726562
1445,0,polyp,0.8496202230453491,135.65650939941406,6.064233303070068,320.7466125488281,231.8777618408203
1446,0,polyp,0.77243572473526,132.66758728027344,6.337823390960693,321.4949951171875,233.79238891601562
1447,0,polyp,0.835640013217926,131.1066436767578,4.307214260101318,323.2480163574219,234.5304412841797
1448,0,polyp,0.8620869517326355,130.66232299804688,4.202746391296387,324.6972351074219,235.6171417236328
1449,0,polyp,0.8120908141136169,130.2764129638672,4.680941581726074,324.5419616699219,235.99386596679688
1450,0,polyp,0.8613850474357605,130.08106994628906,5.2292633056640625,324.3158264160156,235.365478515625
1451,0,polyp,0.8164175748825073,130.64942932128906,5.100927352905273,324.494384765625,233.9499969482422
1452,0,polyp,0.6940408945083618,130.2152099609375,5.139398097991943,324.40625,233.76416015625
1453,0,polyp,0.8852890729904175,128.98043823242188,3.8242690563201904,324.0708312988281,236.98146057128906
1454,0,polyp,0.8505645394325256,128.85354614257812,4.508965969085693,323.858642578125,235.2958221435547
1455,0,polyp,0.8020577430725098,128.64010620117188,5.851000785827637,324.5245361328125,234.98611450195312
1456,0,polyp,0.8794184327125549,127.90534210205078,5.762847900390625,324.1642761230469,233.40184020996094
1457,0,polyp,0.8444841504096985,127.795166015625,6.2515668869018555,324.08856201171875,233.67657470703125
1458,0,polyp,0.7335324287414551,129.60971069335938,6.488499164581299,324.7782897949219,233.4631805419922
1459,0,polyp,0.7818734645843506,129.22821044921875,6.246598720550537,324.16925048828125,234.17713928222656
1460,0,polyp,0.7364509701728821,132.4778594970703,6.052148342132568,324.1214599609375,233.9929962158203
1461,0,polyp,0.75734543800354,132.45579528808594,4.693396091461182,324.3524169921875,234.39996337890625
1462,0,polyp,0.7506982088088989,138.1688995361328,4.431639194488525,323.9788513183594,235.14353942871094
1463,0,polyp,0.7797017097473145,134.87966918945312,5.1926727294921875,323.98919677734375,236.13294982910156
1464,0,polyp,0.7813462615013123,132.81942749023438,5.121874809265137,324.5954284667969,238.60597229003906
1465,0,polyp,0.8440836668014526,131.2996063232422,5.374886989593506,324.3736267089844,235.8021240234375
1466,0,polyp,0.8225347399711609,131.9710235595703,4.400486469268799,324.1676330566406,233.84738159179688
1467,0,polyp,0.7072612047195435,134.2229461669922,5.658077716827393,324.3418884277344,234.270751953125
1468,0,polyp,0.719828188419342,138.33718872070312,4.068317890167236,323.9190368652344,232.08917236328125
1469,0,polyp,0.6863078474998474,140.1609649658203,4.8549652099609375,323.9206237792969,232.4691619873047
1470,0,polyp,0.6789377927780151,134.1138916015625,5.111468315124512,324.3980712890625,232.5050811767578
1471,0,polyp,0.747785747051239,135.8011474609375,4.588324069976807,324.3262023925781,232.09246826171875
1472,0,polyp,0.7354034781455994,134.96627807617188,4.737338066101074,324.32421875,233.4380645751953
1473,0,polyp,0.6482559442520142,136.432861328125,4.629631042480469,324.33087158203125,233.4586181640625
1474,0,polyp,0.8020630478858948,137.95718383789062,4.3860182762146,324.0623474121094,233.39151000976562
1475,0,polyp,0.740500271320343,139.06422424316406,4.679632663726807,324.01824951171875,232.85829162597656
1476,0,polyp,0.6550995707511902,139.22108459472656,4.550558567047119,324.19403076171875,233.02093505859375
1477,0,polyp,0.8216263651847839,139.45907592773438,4.258471488952637,323.6805725097656,232.6501922607422
1478,0,polyp,0.7869532704353333,139.00181579589844,3.692610025405884,323.37347412109375,233.50791931152344
1479,0,polyp,0.7339909672737122,140.81053161621094,3.688027858734131,323.32415771484375,233.70692443847656
1480,0,polyp,0.7380461692810059,138.71910095214844,3.469491481781006,323.66668701171875,234.7361297607422
1483,0,polyp,0.5265746712684631,147.26028442382812,4.7144775390625,323.47772216796875,231.9591522216797
1492,0,polyp,0.5283161997795105,150.31993103027344,4.973565578460693,322.6893310546875,222.09686279296875
1502,0,polyp,0.5215638875961304,159.3242950439453,7.729456901550293,323.2095031738281,233.68280029296875
1504,0,polyp,0.6981651186943054,161.20205688476562,11.487812042236328,324.0648498535156,231.26138305664062
1505,0,polyp,0.6994163990020752,162.62298583984375,15.453509330749512,324.15802001953125,234.59231567382812
1507,0,polyp,0.5755124092102051,161.96304321289062,19.940570831298828,323.4169006347656,235.82186889648438
1511,0,polyp,0.643073558807373,157.7235107421875,26.448843002319336,323.5127258300781,233.5635528564453
1513,0,polyp,0.6575692296028137,159.03468322753906,37.380245208740234,323.7947692871094,233.16378784179688
1514,0,polyp,0.5729895234107971,158.60983276367188,39.05414581298828,323.6844787597656,233.9778289794922
1515,0,polyp,0.5696035027503967,158.16668701171875,39.258934020996094,323.6011657714844,234.1326446533203
1516,0,polyp,0.6300927996635437,157.5887908935547,39.535728454589844,323.76519775390625,234.36422729492188
1517,0,polyp,0.6365723013877869,157.68594360351562,40.958248138427734,323.225830078125,234.288818359375
1518,0,polyp,0.5502495765686035,157.36216735839844,42.4976692199707,315.8109130859375,213.01119995117188
1519,0,polyp,0.5120064616203308,156.76348876953125,45.01469802856445,314.3834533691406,213.19583129882812
1520,0,polyp,0.5643121004104614,155.7020263671875,45.9069709777832,319.372314453125,214.7930145263672
1521,0,polyp,0.6235390305519104,153.02259826660156,48.4422607421875,319.0697326660156,214.66787719726562
1522,0,polyp,0.7494053244590759,150.4462432861328,50.41394805908203,323.1842956542969,227.83810424804688
1523,0,polyp,0.6323202252388,149.97274780273438,52.13845443725586,323.0028076171875,222.9063262939453
1524,0,polyp,0.5535750389099121,152.14761352539062,53.05556106567383,323.3889465332031,217.39535522460938
1525,0,polyp,0.6540073752403259,148.4065399169922,52.87387466430664,322.894287109375,225.25416564941406
1526,0,polyp,0.5236952304840088,148.580322265625,52.22642517089844,323.08148193359375,230.10516357421875
1527,0,polyp,0.5097907781600952,148.81275939941406,52.58018493652344,322.7635498046875,232.08580017089844
1528,0,polyp,0.6461477279663086,148.61013793945312,53.36772155761719,322.8500671386719,225.95196533203125
1529,0,polyp,0.6884077787399292,149.22862243652344,53.99330520629883,323.11859130859375,223.84080505371094
1530,0,polyp,0.6085442304611206,149.81983947753906,52.14677429199219,323.1568908691406,226.30458068847656
1531,0,polyp,0.6626675724983215,151.10826110839844,50.02015686035156,323.1142578125,213.54246520996094
1532,0,polyp,0.6951673626899719,150.727294921875,50.156715393066406,323.43603515625,214.1024627685547
1533,0,polyp,0.611577570438385,148.33892822265625,50.45736312866211,323.48846435546875,213.93408203125
1534,0,polyp,0.7244195938110352,148.06239318847656,49.55955123901367,323.3982238769531,213.23728942871094
1535,0,polyp,0.6868698596954346,145.0472869873047,50.139495849609375,323.34136962890625,221.13682556152344
1536,0,polyp,0.56202632188797,148.1289520263672,49.78033447265625,323.5024719238281,213.78704833984375
1537,0,polyp,0.6604096293449402,146.81297302246094,49.32520294189453,322.9707336425781,224.39659118652344
1538,0,polyp,0.6217358708381653,145.676513671875,48.70101547241211,322.927490234375,217.271240234375
1539,0,polyp,0.5859219431877136,145.4554901123047,47.673187255859375,323.41790771484375,217.18873596191406
1540,0,polyp,0.6508898138999939,146.146484375,47.97574996948242,323.9521179199219,216.69883728027344
1541,0,polyp,0.6434579491615295,145.35958862304688,46.50240707397461,323.1996765136719,216.747314453125
1542,0,polyp,0.594417154788971,146.22178649902344,44.60114288330078,322.2972412109375,219.0802001953125
1543,0,polyp,0.6410117745399475,138.36279296875,45.00563430786133,322.7447814941406,236.4015350341797
1544,0,polyp,0.6529592871665955,143.00503540039062,49.63325119018555,319.8029479980469,230.56588745117188
1547,0,polyp,0.5579999685287476,141.78823852539062,55.0299072265625,322.9732971191406,207.9676513671875
1549,0,polyp,0.5427063703536987,138.77767944335938,57.5928955078125,322.8689880371094,233.21446228027344
1552,0,polyp,0.634730339050293,138.68748474121094,56.14780044555664,322.7087707519531,230.40859985351562
1556,0,polyp,0.514880895614624,143.36721801757812,49.67966079711914,322.9637145996094,230.79556274414062
1559,0,polyp,0.5200970768928528,144.21205139160156,36.502960205078125,322.8450927734375,237.84585571289062
1561,0,polyp,0.8282408714294434,151.08316040039062,29.16970443725586,323.5746154785156,235.70620727539062
1562,0,polyp,0.5811147689819336,149.4716339111328,28.530376434326172,323.8149719238281,234.2151336669922
1564,0,polyp,0.5609259009361267,150.0376434326172,20.732908248901367,323.1938171386719,234.35256958007812
1565,0,polyp,0.806908130645752,150.51710510253906,20.608013153076172,323.5064697265625,237.2908477783203
1566,0,polyp,0.529852569103241,149.12156677246094,20.464805603027344,323.2404479980469,238.22586059570312
1567,0,polyp,0.8074647784233093,147.17071533203125,18.560871124267578,323.8851623535156,236.27613830566406
1568,0,polyp,0.6705130934715271,148.42539978027344,16.095136642456055,323.47039794921875,237.56773376464844
1569,0,polyp,0.5174697041511536,148.774658203125,15.86120891571045,323.5458679199219,237.3104248046875
1570,0,polyp,0.7282719612121582,148.17477416992188,20.27552604675293,323.6990051269531,235.71055603027344
1571,0,polyp,0.6629700660705566,147.76553344726562,23.35987663269043,323.2643737792969,238.61500549316406
1572,0,polyp,0.7040715217590332,148.89004516601562,28.035144805908203,322.9796142578125,234.67526245117188
1573,0,polyp,0.8708415627479553,151.41307067871094,33.62705612182617,323.152587890625,233.2050323486328
1574,0,polyp,0.8090290427207947,156.24893188476562,40.048702239990234,323.4787902832031,234.9541778564453
1575,0,polyp,0.7232837080955505,157.47952270507812,43.76231002807617,323.2439880371094,234.4976043701172
1576,0,polyp,0.7890481352806091,158.37615966796875,42.98521423339844,323.4800720214844,234.03602600097656
1577,0,polyp,0.7852516770362854,158.507080078125,43.432945251464844,323.775146484375,235.44064331054688
1578,0,polyp,0.7473995685577393,158.00125122070312,46.174217224121094,322.6482849121094,235.51174926757812
1579,0,polyp,0.7215830683708191,158.39405822753906,47.47983932495117,322.9046936035156,236.74266052246094
1580,0,polyp,0.8054550290107727,159.08416748046875,49.67277908325195,323.4241943359375,237.2655792236328
1581,0,polyp,0.714646577835083,159.48036193847656,52.29629898071289,323.2037658691406,236.12257385253906
1582,0,polyp,0.7547203302383423,159.3042449951172,50.6697883605957,323.1741943359375,235.81309509277344
1583,0,polyp,0.7738012075424194,162.50820922851562,46.127227783203125,323.759033203125,235.5613250732422
1584,0,polyp,0.8219831585884094,164.3063201904297,40.17057800292969,323.6933898925781,235.8082275390625
1585,0,polyp,0.782584011554718,164.8067626953125,37.30870819091797,323.87738037109375,233.89959716796875
1586,0,polyp,0.7993241548538208,161.6671600341797,25.774032592773438,323.5747985839844,237.85548400878906
1588,0,polyp,0.716962456703186,163.01258850097656,18.688955307006836,323.9444885253906,234.476806640625
1589,0,polyp,0.8803486227989197,164.42286682128906,14.616592407226562,324.58941650390625,237.6660614013672
1590,0,polyp,0.8614012002944946,165.17042541503906,10.47027587890625,323.8398132324219,234.88531494140625
1591,0,polyp,0.8599815964698792,167.51983642578125,9.156405448913574,323.7801513671875,232.37852478027344
1592,0,polyp,0.8745312690734863,173.71815490722656,9.149724960327148,323.1873474121094,230.74876403808594
1593,0,polyp,0.815592885017395,175.33619689941406,11.277450561523438,323.1691589355469,225.90420532226562
1594,0,polyp,0.8770545721054077,176.73667907714844,11.271004676818848,323.47247314453125,225.01828002929688
1595,0,polyp,0.8269429206848145,176.8292236328125,9.542620658874512,322.908203125,228.0902099609375
1596,0,polyp,0.8555525541305542,175.42037963867188,7.437286376953125,324.17718505859375,223.9636993408203
1597,0,polyp,0.8531674146652222,167.88766479492188,6.667877197265625,323.43719482421875,220.97125244140625
1598,0,polyp,0.8737550973892212,165.8704833984375,6.106328964233398,323.2885437011719,221.19126892089844
1599,0,polyp,0.8616222739219666,166.1956024169922,6.088134765625,323.0406188964844,210.99166870117188
1600,0,polyp,0.8828603625297546,168.7777557373047,5.646026611328125,323.4530334472656,207.3424072265625
1601,0,polyp,0.8989361524581909,169.00770568847656,7.2370452880859375,323.4778137207031,205.83248901367188
1602,0,polyp,0.8124533295631409,168.71876525878906,7.061611652374268,324.0966491699219,207.5133056640625
1603,0,polyp,0.8581406474113464,166.6314239501953,9.069897651672363,323.4477844238281,206.2821502685547
1604,0,polyp,0.8546409010887146,165.95265197753906,7.256884574890137,322.8525390625,215.2213134765625
1605,0,polyp,0.8197188973426819,165.93345642089844,9.203804969787598,323.5932922363281,203.69529724121094
1606,0,polyp,0.9061614274978638,166.51988220214844,8.384260177612305,323.5045166015625,203.1006317138672
1607,0,polyp,0.8839782476425171,168.3484649658203,8.886222839355469,322.54840087890625,206.66212463378906
1608,0,polyp,0.812018871307373,171.42234802246094,8.912188529968262,323.86572265625,209.1624755859375
1609,0,polyp,0.8997329473495483,171.9171600341797,10.719947814941406,323.9736328125,210.72190856933594
1610,0,polyp,0.8701714873313904,171.2244873046875,10.669929504394531,324.067138671875,232.3080596923828
1611,0,polyp,0.8651393055915833,169.2007293701172,11.024874687194824,324.2264099121094,212.87989807128906
1612,0,polyp,0.9220627546310425,166.1096954345703,11.091543197631836,323.3016662597656,212.33448791503906
1613,0,polyp,0.8913052082061768,164.8820037841797,11.215564727783203,323.1698913574219,211.97344970703125
1614,0,polyp,0.8181170225143433,164.49940490722656,10.557186126708984,322.8529968261719,209.76437377929688
1615,0,polyp,0.8397306799888611,164.2009735107422,10.435900688171387,321.7712097167969,222.06552124023438
1616,0,polyp,0.8126471638679504,164.3987274169922,8.295888900756836,321.4505310058594,222.7996826171875
1617,0,polyp,0.6495629549026489,164.56906127929688,7.548602104187012,322.5255432128906,207.20877075195312
1618,0,polyp,0.8317920565605164,164.63546752929688,7.497476100921631,322.2055969238281,193.996337890625
1619,0,polyp,0.8164690732955933,164.81858825683594,7.190148830413818,321.9250183105469,189.35601806640625
1620,0,polyp,0.7951449751853943,164.82315063476562,7.507211208343506,322.6087951660156,185.66246032714844
1621,0,polyp,0.8430337309837341,164.8041229248047,6.12687349319458,322.802734375,180.68405151367188
1622,0,polyp,0.8313290476799011,166.7885284423828,7.154430866241455,322.0313415527344,179.37307739257812
1623,0,polyp,0.8465955257415771,168.42698669433594,6.574369430541992,322.0611572265625,179.09104919433594
1624,0,polyp,0.9058408737182617,168.24151611328125,6.1208648681640625,322.25244140625,179.3920135498047
1625,0,polyp,0.6231075525283813,29.780197143554688,0.7614532113075256,335.35986328125,240.0
1626,0,polyp,0.5090963840484619,126.27300262451172,4.720637321472168,315.00726318359375,201.37269592285156
1630,0,polyp,0.7522755265235901,54.90217590332031,3.307351589202881,243.7522735595703,194.3065643310547
1631,0,polyp,0.9041449427604675,48.50874710083008,6.392239093780518,236.56581115722656,194.83705139160156
1632,0,polyp,0.8321093916893005,51.755218505859375,5.403622150421143,234.28118896484375,192.16943359375
1633,0,polyp,0.8499876260757446,45.13210678100586,5.615008354187012,230.16416931152344,190.03469848632812
1634,0,polyp,0.7707765698432922,35.508365631103516,3.5549254417419434,223.78668212890625,185.93319702148438
1635,0,polyp,0.7947449088096619,38.78572463989258,5.029055595397949,221.11355590820312,181.6029510498047
1636,0,polyp,0.6537932753562927,36.955440521240234,3.6849730014801025,210.0663299560547,171.04788208007812
1637,0,polyp,0.5336373448371887,38.41315460205078,2.750016689300537,208.87625122070312,170.39608764648438
1638,0,polyp,0.7466146349906921,40.5091552734375,5.187066555023193,214.00686645507812,175.66912841796875
1639,0,polyp,0.8486126065254211,44.309173583984375,7.096255302429199,217.7694091796875,180.949462890625
1640,0,polyp,0.7378647923469543,47.727874755859375,4.372674465179443,223.1429901123047,185.48927307128906
1641,0,polyp,0.5085226893424988,48.85370635986328,3.776432752609253,230.4181365966797,189.71669006347656
1642,0,polyp,0.6990649104118347,48.02175521850586,2.092477321624756,241.80825805664062,193.3441925048828
1643,0,polyp,0.8195452690124512,59.548709869384766,4.528368949890137,247.63873291015625,195.02377319335938
1644,0,polyp,0.9163517355918884,58.22132873535156,5.964230060577393,246.6591033935547,199.53334045410156
1645,0,polyp,0.9296572804450989,60.76066589355469,7.258026123046875,250.24273681640625,204.63641357421875
1646,0,polyp,0.8740590810775757,57.4244270324707,11.948165893554688,248.13934326171875,209.5113525390625
1647,0,polyp,0.9063136577606201,57.95631408691406,14.675036430358887,247.9219970703125,212.06661987304688
1648,0,polyp,0.8553960919380188,55.51683044433594,14.256711959838867,248.58401489257812,216.17745971679688
1649,0,polyp,0.9343106150627136,57.036415100097656,19.968517303466797,248.22543334960938,217.08604431152344
1650,0,polyp,0.9051931500434875,56.070640563964844,7.885168075561523,247.45167541503906,222.44497680664062
1651,0,polyp,0.8732531666755676,53.40967559814453,14.183380126953125,246.95416259765625,226.02508544921875
1652,0,polyp,0.8749507665634155,49.26541519165039,16.907094955444336,244.2964324951172,225.29293823242188
1653,0,polyp,0.8379752039909363,49.94615936279297,15.021102905273438,247.00071716308594,232.03765869140625
1654,0,polyp,0.8172968029975891,47.86827850341797,32.89128494262695,246.9988555908203,230.9869842529297
1655,0,polyp,0.798512876033783,47.23176956176758,32.83574295043945,247.28067016601562,230.04339599609375
1656,0,polyp,0.7347494959831238,47.917808532714844,36.33383560180664,246.50123596191406,229.84556579589844
1657,0,polyp,0.844386100769043,46.920867919921875,29.215225219726562,245.26316833496094,230.951416015625
1658,0,polyp,0.7774741053581238,47.29899215698242,25.11117172241211,242.59457397460938,232.11924743652344
1659,0,polyp,0.7845575213432312,50.208866119384766,30.394582748413086,242.3283233642578,232.1553497314453
1660,0,polyp,0.8185439109802246,50.19948196411133,33.88853073120117,242.1856689453125,234.15867614746094
1661,0,polyp,0.814552366733551,49.38901901245117,36.3581428527832,241.35911560058594,232.8403778076172
1662,0,polyp,0.7200291156768799,44.97810745239258,39.28327178955078,241.5463409423828,234.30392456054688
1663,0,polyp,0.7758932113647461,44.18749237060547,39.797889709472656,240.7752227783203,234.65757751464844
1664,0,polyp,0.7759237885475159,44.29859924316406,39.42892837524414,242.55963134765625,234.94952392578125
1665,0,polyp,0.7369628548622131,44.47351837158203,42.95642852783203,247.3255615234375,235.03831481933594
1666,0,polyp,0.607387363910675,43.42155838012695,43.57135009765625,250.68609619140625,234.87876892089844
1667,0,polyp,0.6951001286506653,45.39594650268555,52.01665115356445,262.10528564453125,235.5552520751953
1670,0,polyp,0.5324286222457886,230.75198364257812,114.39014434814453,297.83453369140625,232.030517578125
1671,0,polyp,0.6158607602119446,236.9806671142578,120.90731048583984,302.1803894042969,221.81219482421875
1671,0,polyp,0.543800413608551,55.28956604003906,63.70942687988281,303.61663818359375,234.22486877441406
1672,0,polyp,0.6275132894515991,59.141239166259766,64.81060028076172,308.57427978515625,233.7152099609375
1673,0,polyp,0.5283713340759277,54.87031936645508,68.67031860351562,312.419921875,234.7397003173828
1674,0,polyp,0.6655536890029907,242.82374572753906,125.89910888671875,305.04351806640625,229.63943481445312
1676,0,polyp,0.5478602051734924,244.09686279296875,125.64105987548828,306.7409362792969,229.31256103515625
1677,0,polyp,0.602875828742981,247.64071655273438,127.7518310546875,308.2102966308594,224.21774291992188
1678,0,polyp,0.5992456078529358,54.07133483886719,70.81758880615234,315.18157958984375,235.0892791748047
1679,0,polyp,0.6116328239440918,48.334529876708984,72.72266387939453,310.734619140625,235.65371704101562
1680,0,polyp,0.5293273329734802,52.64469909667969,72.3775863647461,308.84393310546875,234.3698272705078
1681,0,polyp,0.5885058045387268,50.117103576660156,71.11581420898438,309.9037780761719,235.51470947265625
1682,0,polyp,0.6037933230400085,51.207862854003906,71.4815673828125,309.0771484375,235.48475646972656
1683,0,polyp,0.6876334547996521,255.64979553222656,132.1737823486328,311.573486328125,226.58203125
1684,0,polyp,0.5729515552520752,47.852012634277344,69.36272430419922,310.7035827636719,235.5919952392578
1685,0,polyp,0.551406741142273,49.669254302978516,71.96072387695312,314.9608154296875,234.59910583496094
1686,0,polyp,0.6535068154335022,243.23538208007812,130.1232452392578,307.2296142578125,230.22616577148438
1690,0,polyp,0.6214967966079712,39.38260269165039,62.126869201660156,296.77337646484375,234.86680603027344
1691,0,polyp,0.6524063944816589,36.950035095214844,61.13579177856445,298.98577880859375,235.24557495117188
1693,0,polyp,0.5833082795143127,34.38557434082031,58.30939865112305,294.3898620605469,235.46861267089844
