frame,track_id,class_id,class_name,conf_raw,conf_smooth,x1,y1,x2,y2,recovered
1,,,,,,,,,,False
2,1,0,polyp,0.7767,0.7767,83.1,4.1,292.7,164.3,False
3,1,0,polyp,0.8814,0.8291,86.8,3.9,287.7,157.3,False
4,1,0,polyp,0.5290,0.7290,95.3,3.5,277.1,141.6,False
5,1,0,polyp,0.4232,0.5832,95.3,3.5,277.1,141.6,True
6,1,0,polyp,0.3385,0.4666,95.3,3.5,277.1,141.6,True
7,1,0,polyp,0.2708,0.3733,95.3,3.5,277.1,141.6,True
8,1,0,polyp,0.5790,0.6915,90.0,3.5,280.4,147.6,False
9,1,0,polyp,0.4632,0.5532,90.0,3.5,280.4,147.6,True
10,1,0,polyp,0.3706,0.4426,90.0,3.5,280.4,147.6,True
11,1,0,polyp,0.2964,0.3541,90.0,3.5,280.4,147.6,True
12,,,,,,,,,,False
13,,,,,,,,,,False
14,,,,,,,,,,False
15,2,0,polyp,0.6115,0.6115,94.4,2.8,284.9,116.8,False
16,2,0,polyp,0.4892,0.4892,94.4,2.8,284.9,116.8,True
17,2,0,polyp,0.6771,0.6443,91.2,2.9,292.1,123.6,False
18,2,0,polyp,0.7772,0.6886,90.6,3.2,293.3,125.4,False
19,2,0,polyp,0.6218,0.5509,90.6,3.2,293.3,125.4,True
20,2,0,polyp,0.5270,0.6482,93.4,3.4,290.4,122.8,False
21,2,0,polyp,0.6250,0.6435,96.7,3.4,287.3,119.3,False
22,2,0,polyp,0.5000,0.5148,96.7,3.4,287.3,119.3,True
23,2,0,polyp,0.4000,0.4119,96.7,3.4,287.3,119.3,True
24,2,0,polyp,0.6452,0.6503,95.4,3.7,281.7,116.9,False
25,2,0,polyp,0.5162,0.5202,95.4,3.7,281.7,116.9,True
26,2,0,polyp,0.4129,0.4162,95.4,3.7,281.7,116.9,True
27,2,0,polyp,0.3304,0.3330,95.4,3.7,281.7,116.9,True
28,2,0,polyp,0.6963,0.6542,78.9,4.2,287.2,132.3,False
29,2,0,polyp,0.7020,0.6391,77.9,4.2,287.5,134.6,False
30,2,0,polyp,0.5616,0.5113,77.9,4.2,287.5,134.6,True
31,2,0,polyp,0.4493,0.4090,77.9,4.2,287.5,134.6,True
32,2,0,polyp,0.6249,0.6587,78.0,4.1,285.3,134.6,False
33,2,0,polyp,0.6304,0.6598,77.5,4.0,283.9,135.4,False
34,2,0,polyp,0.5515,0.6410,71.3,4.1,288.0,144.4,False
35,2,0,polyp,0.4412,0.5128,71.3,4.1,288.0,144.4,True
36,2,0,polyp,0.3529,0.4102,71.3,4.1,288.0,144.4,True
37,2,0,polyp,0.6556,0.6329,84.9,4.2,288.6,136.8,False
38,2,0,polyp,0.7461,0.6417,87.3,4.1,287.7,135.3,False
39,2,0,polyp,0.6842,0.6535,83.9,4.2,291.8,141.3,False
40,2,0,polyp,0.5473,0.5228,83.9,4.2,291.8,141.3,True
41,2,0,polyp,0.4379,0.4183,83.9,4.2,291.8,141.3,True
42,2,0,polyp,0.3503,0.3346,83.9,4.2,291.8,141.3,True
43,,,,,,,,,,False
44,2,0,polyp,0.7567,0.6788,84.0,3.6,322.2,164.3,False
45,2,0,polyp,0.8598,0.7405,86.1,4.0,324.3,168.5,False
46,2,0,polyp,0.8914,0.7876,87.5,5.5,322.5,170.1,False
47,2,0,polyp,0.7755,0.7935,83.2,6.4,324.1,178.5,False
48,2,0,polyp,0.7682,0.8103,73.2,5.9,330.7,195.1,False
49,2,0,polyp,0.8750,0.8340,60.2,6.2,338.9,218.4,False
50,2,0,polyp,0.9047,0.8429,62.5,8.2,334.3,220.8,False
51,2,0,polyp,0.8753,0.8397,60.5,6.5,333.1,226.3,False
52,2,0,polyp,0.8020,0.8450,60.1,6.7,328.5,229.2,False
53,2,0,polyp,0.8910,0.8696,60.3,5.9,325.1,231.1,False
54,2,0,polyp,0.9472,0.8840,66.5,6.1,318.2,224.2,False
55,2,0,polyp,0.9039,0.8839,67.4,7.6,315.8,226.9,False
56,2,0,polyp,0.9386,0.8965,70.0,8.3,312.9,226.1,False
57,2,0,polyp,0.9449,0.9251,72.4,8.2,311.5,225.8,False
58,2,0,polyp,0.8642,0.9197,74.2,8.3,311.8,227.6,False
59,2,0,polyp,0.9166,0.9136,78.2,6.7,315.6,228.6,False
60,2,0,polyp,0.9091,0.9146,83.8,5.7,319.8,228.8,False
61,2,0,polyp,0.8512,0.8972,87.3,6.0,322.6,230.5,False
62,2,0,polyp,0.9172,0.8916,88.7,5.9,322.7,231.1,False
63,2,0,polyp,0.9083,0.9005,89.9,6.0,323.0,231.9,False
64,2,0,polyp,0.8848,0.8941,91.0,6.3,322.1,231.3,False
65,2,0,polyp,0.9197,0.8962,89.7,5.7,318.8,230.2,False
66,2,0,polyp,0.8559,0.8972,85.7,6.8,310.8,227.8,False
67,2,0,polyp,0.9062,0.8950,81.6,7.9,305.2,228.8,False
68,2,0,polyp,0.9390,0.9011,80.5,8.7,302.0,229.0,False
69,2,0,polyp,0.9310,0.9104,80.2,9.4,300.4,229.6,False
70,2,0,polyp,0.9088,0.9082,79.8,9.5,298.8,229.7,False
71,2,0,polyp,0.9448,0.9260,80.5,9.7,297.5,228.7,False
72,2,0,polyp,0.9498,0.9347,80.8,9.7,297.1,228.9,False
73,2,0,polyp,0.8912,0.9251,81.3,9.5,295.5,227.2,False
74,2,0,polyp,0.9431,0.9275,81.7,11.4,295.9,229.9,False
75,2,0,polyp,0.9013,0.9260,82.0,12.3,294.5,229.5,False
76,2,0,polyp,0.9279,0.9227,81.6,11.2,296.2,231.0,False
77,2,0,polyp,0.9291,0.9185,82.8,11.4,298.4,232.7,False
78,2,0,polyp,0.9383,0.9279,84.4,13.0,298.3,232.7,False
79,2,0,polyp,0.8938,0.9181,84.5,13.7,299.4,234.0,False
80,2,0,polyp,0.8999,0.9178,84.5,12.8,300.9,234.3,False
81,2,0,polyp,0.8373,0.8997,84.9,10.5,303.7,234.6,False
82,2,0,polyp,0.8683,0.8875,89.5,9.5,307.1,233.1,False
83,2,0,polyp,0.9106,0.8820,92.2,8.1,309.6,232.8,False
84,2,0,polyp,0.9062,0.8845,95.8,9.1,309.5,230.8,False
85,2,0,polyp,0.8299,0.8705,100.0,9.0,312.1,230.8,False
86,2,0,polyp,0.8939,0.8818,104.2,8.0,313.8,228.7,False
87,2,0,polyp,0.8796,0.8840,109.9,7.6,314.0,223.9,False
88,2,0,polyp,0.8290,0.8677,112.9,7.1,316.3,224.2,False
89,2,0,polyp,0.8697,0.8604,117.5,6.9,322.7,228.6,False
90,2,0,polyp,0.8731,0.8691,125.1,6.5,321.0,219.5,False
91,2,0,polyp,0.6986,0.8300,126.7,6.5,321.7,220.4,False
92,2,0,polyp,0.8139,0.8169,128.4,6.3,324.4,223.4,False
93,2,0,polyp,0.8179,0.8146,130.8,6.1,325.2,223.3,False
94,2,0,polyp,0.7058,0.7819,134.0,6.7,324.4,221.2,False
95,2,0,polyp,0.8471,0.7767,135.6,6.5,325.1,222.2,False
96,2,0,polyp,0.8521,0.8074,144.3,6.3,319.9,206.5,False
97,2,0,polyp,0.6934,0.7833,145.3,5.7,324.0,211.7,False
98,2,0,polyp,0.8478,0.7892,151.5,6.1,320.6,202.1,False
99,2,0,polyp,0.8264,0.8134,157.2,6.3,317.4,192.0,False
100,2,0,polyp,0.7432,0.7926,155.5,6.4,322.7,202.5,False
101,2,0,polyp,0.7284,0.7678,157.5,6.4,322.9,201.4,False
102,2,0,polyp,0.8005,0.7893,158.9,6.0,320.7,197.5,False
103,2,0,polyp,0.8146,0.7826,159.5,6.5,317.1,193.1,False
104,2,0,polyp,0.8537,0.7881,154.7,6.8,315.3,197.4,False
105,2,0,polyp,0.7884,0.7971,151.9,7.4,311.7,196.6,False
106,2,0,polyp,0.6889,0.7892,147.3,8.0,313.1,205.1,False
107,2,0,polyp,0.7891,0.7869,143.7,8.4,316.3,215.5,False
108,2,0,polyp,0.8242,0.7889,151.4,7.8,309.9,196.9,False
109,2,0,polyp,0.7737,0.7729,158.1,7.7,310.0,188.3,False
110,2,0,polyp,0.8295,0.7811,163.7,6.7,310.3,180.6,False
111,2,0,polyp,0.7677,0.7968,166.1,6.0,311.7,178.6,False
112,2,0,polyp,0.7562,0.7902,168.4,5.2,315.2,179.6,False
113,2,0,polyp,0.8642,0.7982,172.6,4.9,315.0,174.1,False
114,2,0,polyp,0.8157,0.8067,173.6,4.9,317.1,176.2,False
115,2,0,polyp,0.7751,0.7958,174.3,5.4,318.5,178.1,False
116,2,0,polyp,0.7578,0.7938,172.2,5.5,321.2,185.5,False
117,2,0,polyp,0.7922,0.8010,174.2,5.0,319.7,181.3,False
118,2,0,polyp,0.8138,0.7909,176.7,5.1,316.5,174.3,False
119,2,0,polyp,0.5892,0.7456,174.2,5.1,321.6,184.8,False
120,2,0,polyp,0.6735,0.7253,177.9,6.1,319.3,178.1,False
121,2,0,polyp,0.5388,0.5802,177.9,6.1,319.3,178.1,True
122,2,0,polyp,0.4310,0.4642,177.9,6.1,319.3,178.1,True
123,2,0,polyp,0.3448,0.3714,177.9,6.1,319.3,178.1,True
124,,,,,,,,,,False
125,,,,,,,,,,False
126,,,,,,,,,,False
127,,,,,,,,,,False
128,,,,,,,,,,False
129,,,,,,,,,,False
130,,,,,,,,,,False
131,3,0,polyp,0.5258,0.5258,5.2,4.4,340.2,210.0,False
132,3,0,polyp,0.6787,0.6023,91.0,6.1,374.3,182.3,False
133,3,0,polyp,0.5686,0.5911,127.6,7.1,375.1,163.4,False
134,3,0,polyp,0.8268,0.6500,140.9,5.2,373.5,155.1,False
135,3,0,polyp,0.8050,0.6810,148.6,4.6,369.9,150.2,False
136,3,0,polyp,0.6440,0.5448,148.6,4.6,369.9,150.2,True
137,3,0,polyp,0.0000,0.5758,189.2,4.0,380.4,129.9,False
138,3,0,polyp,0.0000,0.4401,209.5,3.7,385.6,119.7,False
138,4,0,polyp,0.7374,0.7374,175.9,6.0,322.7,166.9,False
139,3,0,polyp,0.0000,0.3264,229.8,3.5,390.9,109.6,False
139,4,0,polyp,0.7845,0.7610,177.4,6.2,320.7,163.2,False
140,3,0,polyp,0.0000,0.1610,250.1,3.2,396.1,99.4,False
140,4,0,polyp,0.7633,0.7618,173.1,5.3,323.3,170.2,False
141,3,0,polyp,0.0000,0.1288,250.1,3.2,396.1,99.4,True
141,4,0,polyp,0.6107,0.6094,173.1,5.3,323.3,170.2,True
142,4,0,polyp,0.5052,0.6976,154.9,6.0,313.1,179.7,False
142,3,0,polyp,0.0000,0.1030,250.1,3.2,396.1,99.4,True
143,4,0,polyp,0.6714,0.6924,146.5,6.1,308.5,183.7,False
143,3,0,polyp,0.0000,0.0824,250.1,3.2,396.1,99.4,True
144,4,0,polyp,0.5725,0.6594,132.5,5.5,320.5,213.8,False
145,4,0,polyp,0.4580,0.5275,132.5,5.5,320.5,213.8,True
146,4,0,polyp,0.6537,0.6332,136.4,6.8,332.1,226.6,False
147,4,0,polyp,0.5265,0.5859,146.4,7.2,327.5,211.6,False
148,4,0,polyp,0.5729,0.5994,151.1,7.0,325.0,203.8,False
149,4,0,polyp,0.7741,0.6199,148.0,6.0,325.9,208.5,False
150,4,0,polyp,0.7290,0.6512,146.7,5.8,325.0,210.0,False
151,4,0,polyp,0.5832,0.5210,146.7,5.8,325.0,210.0,True
152,4,0,polyp,0.7245,0.6654,147.7,5.5,315.1,196.5,False
153,4,0,polyp,0.7009,0.7003,138.3,5.2,320.7,215.5,False
154,4,0,polyp,0.6197,0.7096,136.3,5.9,321.8,221.4,False
155,4,0,polyp,0.8144,0.7177,143.2,6.2,313.7,202.9,False
156,4,0,polyp,0.7626,0.7244,140.6,5.7,315.6,208.4,False
157,4,0,polyp,0.6101,0.5795,140.6,5.7,315.6,208.4,True
158,4,0,polyp,0.7376,0.7270,135.0,6.3,321.2,223.6,False
159,4,0,polyp,0.6844,0.7237,130.0,6.4,320.7,230.3,False
160,4,0,polyp,0.6875,0.7373,127.2,6.6,319.7,233.2,False
161,4,0,polyp,0.8293,0.7403,124.2,6.8,317.3,233.8,False
162,4,0,polyp,0.7454,0.7368,123.0,6.7,315.3,231.7,False
163,4,0,polyp,0.7134,0.7320,119.3,7.2,312.8,232.3,False
164,4,0,polyp,0.8019,0.7555,112.6,8.1,309.6,235.1,False
165,4,0,polyp,0.8638,0.7908,114.2,7.8,313.7,234.1,False
166,4,0,polyp,0.8286,0.7906,114.0,8.5,313.4,232.3,False
167,4,0,polyp,0.9027,0.8221,110.9,8.6,312.0,233.3,False
168,4,0,polyp,0.8136,0.8421,111.9,8.8,312.4,231.8,False
169,4,0,polyp,0.6416,0.8101,114.4,8.1,317.2,233.8,False
170,4,0,polyp,0.8766,0.8126,116.8,6.9,319.9,233.2,False
171,4,0,polyp,0.8865,0.8242,116.8,7.6,318.8,233.5,False
172,4,0,polyp,0.8184,0.8073,118.5,8.7,316.5,231.8,False
173,4,0,polyp,0.9114,0.8269,129.9,10.3,308.1,210.6,False
174,4,0,polyp,0.9002,0.8786,139.1,11.2,303.9,195.8,False
175,4,0,polyp,0.7201,0.7029,139.1,11.2,303.9,195.8,True
176,4,0,polyp,0.7703,0.8574,150.3,9.4,314.1,193.4,False
177,4,0,polyp,0.8038,0.8408,150.0,8.6,323.3,205.5,False
178,4,0,polyp,0.6234,0.8018,148.5,7.9,331.0,218.6,False
179,4,0,polyp,0.8240,0.7843,157.7,7.3,328.9,205.8,False
180,4,0,polyp,0.7524,0.7548,159.4,7.1,330.0,206.6,False
181,4,0,polyp,0.5814,0.7170,157.8,7.3,332.5,214.1,False
182,4,0,polyp,0.7434,0.7049,157.9,7.6,332.2,215.9,False
183,4,0,polyp,0.7950,0.7392,161.3,7.7,327.8,207.4,False
184,4,0,polyp,0.8077,0.7360,167.7,7.6,321.3,190.7,False
185,4,0,polyp,0.8123,0.7480,169.8,7.6,319.2,185.1,False
186,4,0,polyp,0.7936,0.7904,169.7,7.6,324.9,193.5,False
187,4,0,polyp,0.6397,0.7697,166.3,7.6,332.4,209.8,False
188,4,0,polyp,0.5279,0.7162,165.7,7.5,335.8,218.0,False
189,4,0,polyp,0.5656,0.6678,165.7,6.7,337.6,223.2,False
190,4,0,polyp,0.4525,0.5343,165.7,6.7,337.6,223.2,True
191,4,0,polyp,0.8104,0.6674,173.5,7.3,331.9,208.6,False
192,4,0,polyp,0.8200,0.6727,177.1,7.9,326.3,197.3,False
193,4,0,polyp,0.5566,0.6561,169.8,7.5,331.5,216.1,False
194,4,0,polyp,0.8181,0.7141,172.3,8.8,329.0,212.0,False
195,4,0,polyp,0.7789,0.7568,172.7,8.9,327.4,210.5,False
196,4,0,polyp,0.5910,0.7129,174.8,8.3,324.3,203.0,False
197,4,0,polyp,0.8217,0.7132,173.0,10.5,326.1,211.2,False
198,4,0,polyp,0.8340,0.7687,173.3,11.0,326.3,212.4,False
199,4,0,polyp,0.7070,0.7465,171.4,10.1,328.5,218.9,False
200,4,0,polyp,0.8115,0.7530,171.0,11.0,328.8,222.3,False
201,4,0,polyp,0.8173,0.7983,173.9,12.0,325.5,215.3,False
202,4,0,polyp,0.7531,0.7846,171.8,11.4,328.1,222.7,False
203,4,0,polyp,0.8245,0.7827,173.2,12.9,325.9,220.1,False
204,4,0,polyp,0.8111,0.8035,175.4,13.1,322.8,212.9,False
205,4,0,polyp,0.5585,0.7529,173.4,10.4,323.4,214.4,False
206,4,0,polyp,0.8322,0.7559,172.7,13.8,323.6,219.8,False
207,4,0,polyp,0.8408,0.7734,171.8,15.4,324.2,224.5,False
208,4,0,polyp,0.7966,0.7678,173.3,15.3,322.2,219.8,False
209,4,0,polyp,0.8840,0.7824,174.1,17.4,320.8,218.6,False
210,4,0,polyp,0.8920,0.8491,173.1,19.0,321.0,221.7,False
211,4,0,polyp,0.7499,0.8327,169.5,15.4,324.2,228.5,False
212,4,0,polyp,0.5896,0.7824,167.6,19.7,320.7,229.8,False
213,4,0,polyp,0.7307,0.7692,109.2,9.7,286.5,235.4,False
214,4,0,polyp,0.5846,0.6154,109.2,9.7,286.5,235.4,True
215,4,0,polyp,0.8587,0.7642,110.2,14.6,282.4,232.3,False
216,4,0,polyp,0.8755,0.7609,106.9,12.7,280.1,230.9,False
217,4,0,polyp,0.7183,0.7546,109.5,9.0,266.6,201.4,False
218,4,0,polyp,0.7283,0.7823,102.3,8.2,252.8,188.0,False
219,4,0,polyp,0.7268,0.7815,100.4,6.4,245.5,175.4,False
220,4,0,polyp,0.5271,0.7152,96.9,6.7,244.2,174.9,False
221,4,0,polyp,0.8017,0.7005,96.3,9.2,240.8,169.6,False
222,4,0,polyp,0.8244,0.7217,93.7,8.8,242.2,170.6,False
223,4,0,polyp,0.8329,0.7426,89.9,6.5,244.1,172.3,False
224,4,0,polyp,0.8886,0.7750,87.0,6.5,243.9,173.1,False
225,4,0,polyp,0.8685,0.8432,87.2,6.3,243.9,170.4,False
226,4,0,polyp,0.7465,0.8322,86.6,7.0,246.6,172.6,False
227,4,0,polyp,0.7343,0.8142,88.5,6.4,249.3,171.1,False
228,4,0,polyp,0.7575,0.7991,91.6,6.7,251.8,169.0,False
229,4,0,polyp,0.8095,0.7832,93.6,8.7,253.9,169.3,False
230,4,0,polyp,0.8445,0.7784,95.7,7.4,256.4,166.4,False
231,4,0,polyp,0.8155,0.7923,96.5,5.6,258.2,163.6,False
232,4,0,polyp,0.8756,0.8205,96.2,6.1,259.1,164.1,False
233,4,0,polyp,0.8210,0.8332,94.2,6.7,261.0,167.3,False
234,4,0,polyp,0.7993,0.8312,90.8,4.6,265.5,172.5,False
235,4,0,polyp,0.8489,0.8321,93.6,6.6,267.3,172.7,False
236,4,0,polyp,0.8899,0.8469,95.0,6.3,268.5,171.7,False
237,4,0,polyp,0.8841,0.8486,93.5,4.5,271.7,174.2,False
238,4,0,polyp,0.8907,0.8626,93.8,4.5,271.6,173.5,False
239,4,0,polyp,0.8509,0.8729,93.0,3.5,273.3,175.1,False
240,4,0,polyp,0.8251,0.8681,93.1,3.5,276.4,178.2,False
241,4,0,polyp,0.8467,0.8595,92.6,4.6,279.0,183.1,False
242,4,0,polyp,0.8620,0.8551,93.3,3.8,280.3,183.5,False
243,4,0,polyp,0.8744,0.8518,92.8,3.4,281.5,185.9,False
244,4,0,polyp,0.8433,0.8503,93.2,4.6,280.8,186.6,False
245,4,0,polyp,0.8667,0.8586,93.3,3.5,281.9,187.4,False
246,4,0,polyp,0.8575,0.8608,94.1,3.2,281.4,186.4,False
247,4,0,polyp,0.7719,0.8428,93.9,4.5,281.5,188.8,False
248,4,0,polyp,0.7951,0.8269,94.9,3.8,283.5,190.3,False
249,4,0,polyp,0.7445,0.8071,97.4,3.6,282.4,187.5,False
250,4,0,polyp,0.6722,0.7682,101.5,5.9,280.3,183.6,False
251,4,0,polyp,0.8478,0.7663,103.3,4.1,279.6,179.2,False
252,4,0,polyp,0.8542,0.7828,104.0,3.7,278.4,176.8,False
253,4,0,polyp,0.7776,0.7793,105.2,5.6,278.0,176.9,False
254,4,0,polyp,0.8645,0.8033,106.1,4.9,277.8,174.8,False
255,4,0,polyp,0.8412,0.8371,106.6,4.7,277.7,173.5,False
256,4,0,polyp,0.7920,0.8259,105.7,4.9,278.9,175.7,False
257,4,0,polyp,0.9036,0.8358,107.3,6.2,278.2,174.0,False
258,4,0,polyp,0.8929,0.8589,107.7,6.7,277.8,173.1,False
259,4,0,polyp,0.8460,0.8552,107.9,8.4,277.8,173.9,False
260,4,0,polyp,0.8936,0.8656,107.6,8.8,277.5,173.6,False
261,4,0,polyp,0.8979,0.8868,106.7,8.1,278.1,174.0,False
262,4,0,polyp,0.8370,0.8735,106.0,7.1,278.9,174.2,False
263,4,0,polyp,0.9120,0.8773,106.4,7.7,279.0,174.1,False
264,4,0,polyp,0.8763,0.8834,106.0,7.1,279.7,174.3,False
265,4,0,polyp,0.7487,0.8544,105.3,7.0,279.8,174.9,False
266,4,0,polyp,0.8740,0.8496,105.8,7.6,279.3,174.1,False
267,4,0,polyp,0.8575,0.8537,103.7,5.4,280.3,175.1,False
268,4,0,polyp,0.7118,0.8137,101.3,5.0,281.5,178.8,False
269,4,0,polyp,0.8259,0.8036,97.6,4.6,284.3,185.9,False
270,4,0,polyp,0.8177,0.8174,97.7,5.2,282.4,184.9,False
271,4,0,polyp,0.7985,0.8023,96.9,5.9,281.7,186.0,False
272,4,0,polyp,0.8630,0.8034,97.2,4.0,281.2,183.8,False
273,4,0,polyp,0.8823,0.8375,100.1,4.1,279.9,179.9,False
274,4,0,polyp,0.8664,0.8456,104.4,5.7,278.1,174.9,False
275,4,0,polyp,0.8671,0.8555,105.2,4.7,277.7,172.3,False
276,4,0,polyp,0.8692,0.8696,106.1,5.1,277.3,171.1,False
277,4,0,polyp,0.8757,0.8721,106.9,5.8,278.0,171.3,False
278,4,0,polyp,0.8774,0.8711,106.9,4.4,280.7,172.3,False
279,4,0,polyp,0.8432,0.8665,108.1,4.6,283.2,173.6,False
280,4,0,polyp,0.8560,0.8643,109.0,5.1,284.7,174.5,False
281,4,0,polyp,0.9221,0.8749,109.6,3.2,286.4,173.6,False
282,4,0,polyp,0.9067,0.8811,109.0,2.8,285.8,172.9,False
283,4,0,polyp,0.8296,0.8715,109.0,4.1,285.0,173.4,False
284,4,0,polyp,0.8783,0.8785,108.4,5.2,283.7,173.6,False
285,4,0,polyp,0.8753,0.8824,106.8,4.8,284.0,175.1,False
286,4,0,polyp,0.8156,0.8611,106.0,5.3,282.8,174.9,False
287,4,0,polyp,0.7912,0.8380,103.6,4.8,284.9,179.3,False
288,4,0,polyp,0.8615,0.8444,101.8,3.4,286.4,181.7,False
289,4,0,polyp,0.7236,0.8134,100.2,4.1,287.0,185.6,False
290,4,0,polyp,0.8636,0.8111,97.2,2.9,287.6,189.3,False
291,4,0,polyp,0.8383,0.8156,98.5,3.3,285.2,186.9,False
292,4,0,polyp,0.8089,0.8192,99.0,4.2,283.3,186.1,False
293,4,0,polyp,0.9105,0.8290,98.5,3.3,283.6,186.6,False
294,4,0,polyp,0.9103,0.8663,98.1,3.2,284.0,188.1,False
295,4,0,polyp,0.8406,0.8617,100.0,5.3,283.7,188.7,False
296,4,0,polyp,0.9285,0.8798,99.8,5.6,283.8,189.9,False
297,4,0,polyp,0.9273,0.9034,99.0,5.2,284.2,191.8,False
298,4,0,polyp,0.9062,0.9026,99.2,5.6,285.9,194.6,False
299,4,0,polyp,0.8856,0.8976,99.1,6.1,286.9,197.2,False
300,4,0,polyp,0.8870,0.9069,99.1,6.3,288.6,200.4,False
301,4,0,polyp,0.8496,0.8911,102.6,7.1,286.8,196.1,False
302,4,0,polyp,0.8911,0.8839,103.0,6.5,286.5,195.3,False
303,4,0,polyp,0.8688,0.8764,101.7,6.3,290.6,201.6,False
304,4,0,polyp,0.8575,0.8708,102.2,6.9,290.7,202.3,False
305,4,0,polyp,0.9103,0.8754,104.6,5.1,289.3,197.2,False
306,4,0,polyp,0.9104,0.8876,105.8,4.0,290.8,196.6,False
307,4,0,polyp,0.9072,0.8908,108.0,4.5,290.0,193.9,False
308,4,0,polyp,0.9153,0.9001,108.8,4.0,291.0,193.5,False
309,4,0,polyp,0.9015,0.9089,108.7,3.7,292.5,195.3,False
310,4,0,polyp,0.8904,0.9050,109.5,4.2,293.5,196.0,False
311,4,0,polyp,0.9244,0.9077,110.0,3.7,291.6,192.7,False
312,4,0,polyp,0.9090,0.9081,106.6,3.5,290.1,194.4,False
313,4,0,polyp,0.8923,0.9035,106.6,4.9,287.2,192.2,False
314,4,0,polyp,0.8696,0.8971,105.0,4.9,288.3,195.6,False
315,4,0,polyp,0.8705,0.8931,102.3,7.6,293.1,207.2,False
316,4,0,polyp,0.8894,0.8862,101.8,9.8,292.8,209.6,False
317,4,0,polyp,0.9048,0.8853,97.3,10.7,295.7,219.8,False
318,4,0,polyp,0.5994,0.8267,91.1,5.8,305.0,226.4,False
319,4,0,polyp,0.4795,0.6614,91.1,5.8,305.0,226.4,True
320,4,0,polyp,0.0000,0.6528,88.5,5.8,308.0,232.2,False
321,4,0,polyp,0.0000,0.5223,88.5,5.8,308.0,232.2,True
322,4,0,polyp,0.0000,0.4178,88.5,5.8,308.0,232.2,True
323,4,0,polyp,0.0000,0.3342,88.5,5.8,308.0,232.2,True
324,,,,,,,,,,False
325,,,,,,,,,,False
326,,,,,,,,,,False
327,7,0,polyp,0.8493,0.8493,111.2,4.5,265.3,192.2,False
328,7,0,polyp,0.8174,0.8333,106.0,6.4,260.9,195.0,False
329,7,0,polyp,0.6539,0.6667,106.0,6.4,260.9,195.0,True
330,7,0,polyp,0.7828,0.8165,117.8,10.2,268.5,192.2,False
331,7,0,polyp,0.5926,0.7605,115.2,7.9,273.7,198.2,False
332,7,0,polyp,0.8146,0.7713,117.7,5.3,270.4,186.7,False
333,7,0,polyp,0.8707,0.7756,117.6,5.1,269.3,183.3,False
334,7,0,polyp,0.8691,0.7859,118.8,9.6,266.4,180.5,False
335,7,0,polyp,0.8951,0.8084,119.3,11.8,265.6,178.6,False
336,7,0,polyp,0.8806,0.8660,119.8,8.7,266.0,173.3,False
337,7,0,polyp,0.8704,0.8772,120.7,7.5,267.0,170.1,False
338,7,0,polyp,0.8951,0.8821,122.0,7.6,269.7,169.8,False
339,7,0,polyp,0.8830,0.8848,121.1,6.4,270.8,169.1,False
340,7,0,polyp,0.5095,0.8077,130.5,4.8,293.2,175.0,False
341,7,0,polyp,0.5591,0.7434,114.1,5.5,277.3,176.4,False
342,7,0,polyp,0.8520,0.7397,105.4,4.5,273.2,181.6,False
343,7,0,polyp,0.5823,0.6771,96.4,4.8,279.0,201.2,False
344,7,0,polyp,0.8124,0.6630,100.4,9.4,277.3,201.6,False
345,7,0,polyp,0.8021,0.7216,98.1,11.7,281.5,214.1,False
346,7,0,polyp,0.8999,0.7897,103.0,17.4,281.8,217.6,False
347,7,0,polyp,0.9088,0.8011,106.1,21.7,281.5,220.7,False
348,7,0,polyp,0.9207,0.8688,109.6,27.3,279.8,222.7,False
349,7,0,polyp,0.9100,0.8883,110.2,31.3,279.3,227.9,False
350,7,0,polyp,0.9479,0.9175,113.7,36.4,278.1,229.1,False
351,7,0,polyp,0.8970,0.9169,114.4,38.8,277.4,231.5,False
352,7,0,polyp,0.9121,0.9175,115.3,39.0,277.5,232.3,False
353,7,0,polyp,0.9191,0.9172,115.0,34.9,278.3,231.1,False
354,7,0,polyp,0.9136,0.9179,115.2,32.8,279.3,231.8,False
355,7,0,polyp,0.9145,0.9113,116.0,32.0,280.4,232.8,False
356,7,0,polyp,0.9213,0.9161,118.1,32.7,280.5,232.1,False
357,7,0,polyp,0.9274,0.9192,117.2,33.2,279.5,232.6,False
358,7,0,polyp,0.7419,0.7353,117.2,33.2,279.5,232.6,True
359,7,0,polyp,0.5935,0.5883,117.2,33.2,279.5,232.6,True
360,7,0,polyp,0.7741,0.8902,134.8,33.6,292.4,224.8,False
361,7,0,polyp,0.6193,0.7121,134.8,33.6,292.4,224.8,True
362,7,0,polyp,0.6880,0.8451,118.9,23.1,280.6,225.0,False
363,7,0,polyp,0.5504,0.6760,118.9,23.1,280.6,225.0,True
364,7,0,polyp,0.4403,0.5408,118.9,23.1,280.6,225.0,True
365,7,0,polyp,0.3523,0.4327,118.9,23.1,280.6,225.0,True
366,7,0,polyp,0.7613,0.8144,129.2,11.9,301.7,225.6,False
367,7,0,polyp,0.6090,0.6515,129.2,11.9,301.7,225.6,True
368,7,0,polyp,0.7156,0.7733,134.3,5.0,314.6,224.1,False
369,7,0,polyp,0.8700,0.7618,135.1,15.8,305.6,220.7,False
370,7,0,polyp,0.8866,0.7843,132.9,17.7,302.2,220.6,False
371,7,0,polyp,0.8794,0.8226,132.8,18.7,299.5,218.0,False
372,7,0,polyp,0.8842,0.8472,138.1,16.7,306.7,215.1,False
373,7,0,polyp,0.8986,0.8838,133.8,17.7,300.7,214.3,False
374,7,0,polyp,0.9068,0.8911,133.4,16.5,300.4,213.0,False
375,7,0,polyp,0.9241,0.8986,134.3,16.2,299.9,210.2,False
376,7,0,polyp,0.9179,0.9063,134.4,16.0,299.5,208.9,False
377,7,0,polyp,0.9253,0.9145,131.8,14.1,297.1,207.0,False
378,7,0,polyp,0.9067,0.9162,130.0,15.1,294.7,207.4,False
379,7,0,polyp,0.9274,0.9203,130.1,18.2,292.8,208.0,False
380,7,0,polyp,0.9229,0.9200,129.7,19.0,293.3,209.8,False
381,7,0,polyp,0.9339,0.9232,129.5,20.1,293.2,211.0,False
382,7,0,polyp,0.9033,0.9188,129.7,20.0,294.2,211.9,False
383,7,0,polyp,0.9379,0.9251,129.8,19.8,294.3,211.6,False
384,7,0,polyp,0.9060,0.9208,129.3,19.7,293.6,211.4,False
385,7,0,polyp,0.8919,0.9146,129.7,19.7,291.6,208.7,False
386,7,0,polyp,0.8960,0.9070,128.9,18.8,289.8,206.5,False
387,7,0,polyp,0.9099,0.9083,129.6,19.2,288.9,205.0,False
388,7,0,polyp,0.8613,0.8930,128.9,17.3,289.9,205.3,False
389,7,0,polyp,0.8963,0.8911,128.1,14.8,290.2,204.2,False
390,7,0,polyp,0.9051,0.8937,129.2,13.8,291.7,203.6,False
391,7,0,polyp,0.7995,0.8744,128.8,13.3,292.3,204.3,False
392,7,0,polyp,0.9105,0.8745,128.8,13.1,291.6,203.2,False
393,7,0,polyp,0.9077,0.8838,127.8,13.3,290.8,204.1,False
394,7,0,polyp,0.7262,0.7071,127.8,13.3,290.8,204.1,True
395,7,0,polyp,0.0000,0.7046,127.4,12.5,290.4,203.2,False
396,7,0,polyp,0.0000,0.5637,127.4,12.5,290.4,203.2,True
397,7,0,polyp,0.0000,0.4509,127.4,12.5,290.4,203.2,True
398,7,0,polyp,0.0000,0.3607,127.4,12.5,290.4,203.2,True
399,,,,,,,,,,False
400,9,0,polyp,0.5676,0.5676,136.6,6.3,311.6,207.7,False
401,9,0,polyp,0.6822,0.6249,121.8,9.4,292.3,206.7,False
402,9,0,polyp,0.6225,0.6241,125.4,9.5,313.1,226.6,False
403,9,0,polyp,0.4980,0.4993,125.4,9.5,313.1,226.6,True
404,9,0,polyp,0.3984,0.3994,125.4,9.5,313.1,226.6,True
405,9,0,polyp,0.3187,0.3195,125.4,9.5,313.1,226.6,True
406,9,0,polyp,0.5054,0.5944,125.6,5.6,323.2,233.7,False
407,9,0,polyp,0.4043,0.4755,125.6,5.6,323.2,233.7,True
408,9,0,polyp,0.3234,0.3804,125.6,5.6,323.2,233.7,True
409,9,0,polyp,0.2588,0.3043,125.6,5.6,323.2,233.7,True
410,,,,,,,,,,False
411,,,,,,,,,,False
412,,,,,,,,,,False
413,,,,,,,,,,False
414,,,,,,,,,,False
415,,,,,,,,,,False
416,,,,,,,,,,False
417,10,0,polyp,0.8487,0.8487,139.6,9.7,314.1,211.3,False
418,10,0,polyp,0.8574,0.8530,136.6,8.6,310.3,209.3,False
419,10,0,polyp,0.9345,0.8802,136.5,13.0,306.1,208.7,False
420,10,0,polyp,0.9311,0.8929,135.1,14.8,303.1,208.6,False
421,10,0,polyp,0.9073,0.8958,134.7,15.4,305.6,213.0,False
422,10,0,polyp,0.9221,0.9105,137.3,15.4,304.8,208.9,False
423,10,0,polyp,0.9014,0.9193,137.6,14.3,306.3,209.6,False
424,10,0,polyp,0.8628,0.9050,138.2,13.5,307.1,209.1,False
425,10,0,polyp,0.8994,0.8986,138.7,10.6,309.7,208.8,False
426,10,0,polyp,0.8711,0.8914,139.0,9.9,311.3,209.9,False
427,10,0,polyp,0.8024,0.8674,138.0,10.6,308.3,208.5,False
428,10,0,polyp,0.8919,0.8655,136.9,10.3,307.6,209.1,False
429,10,0,polyp,0.8842,0.8698,135.7,9.7,307.4,210.3,False
430,10,0,polyp,0.8252,0.8550,137.4,9.7,310.0,211.6,False
431,10,0,polyp,0.8362,0.8480,140.0,8.4,309.0,206.2,False
432,10,0,polyp,0.8614,0.8598,143.0,7.5,308.6,200.9,False
433,10,0,polyp,0.8493,0.8513,144.9,6.1,310.7,199.9,False
434,10,0,polyp,0.8808,0.8506,145.8,7.2,311.2,200.2,False
435,10,0,polyp,0.9035,0.8662,146.6,10.2,310.3,200.8,False
436,10,0,polyp,0.8346,0.8659,146.5,14.0,308.7,202.3,False
437,10,0,polyp,0.8912,0.8719,145.4,16.9,306.5,203.4,False
438,10,0,polyp,0.8976,0.8815,144.6,17.2,307.7,205.9,False
439,10,0,polyp,0.6897,0.8433,143.5,17.6,310.5,211.3,False
440,10,0,polyp,0.8776,0.8381,144.7,15.5,312.9,210.7,False
441,10,0,polyp,0.8987,0.8510,146.7,14.3,312.6,206.4,False
442,10,0,polyp,0.8040,0.8335,147.0,12.4,312.9,204.2,False
443,10,0,polyp,0.8690,0.8278,147.3,12.9,312.1,203.2,False
444,10,0,polyp,0.8160,0.8531,145.6,13.9,310.9,204.5,False
445,10,0,polyp,0.7507,0.8277,144.3,17.8,309.4,208.5,False
446,10,0,polyp,0.8433,0.8166,144.3,21.9,307.1,209.6,False
447,10,0,polyp,0.8223,0.8203,143.9,21.3,307.6,210.0,False
448,10,0,polyp,0.8137,0.8092,144.9,19.2,309.5,209.1,False
449,10,0,polyp,0.8748,0.8209,137.5,14.1,318.7,225.9,False
450,10,0,polyp,0.8171,0.8342,141.8,11.6,314.3,213.2,False
451,10,0,polyp,0.7812,0.8218,144.4,11.9,311.0,206.2,False
452,10,0,polyp,0.8370,0.8247,145.7,13.2,307.4,200.9,False
453,10,0,polyp,0.7873,0.8195,142.5,16.0,306.9,207.1,False
454,10,0,polyp,0.8623,0.8170,142.3,20.0,305.3,209.2,False
455,10,0,polyp,0.9019,0.8340,142.2,21.9,305.0,210.7,False
456,10,0,polyp,0.8719,0.8521,140.8,20.6,307.2,214.0,False
457,10,0,polyp,0.8130,0.8473,138.5,17.2,309.2,216.5,False
458,10,0,polyp,0.8331,0.8564,141.5,15.4,306.4,207.5,False
459,10,0,polyp,0.8762,0.8592,142.2,15.5,305.0,204.7,False
460,10,0,polyp,0.8288,0.8446,141.0,14.9,304.3,204.9,False
461,10,0,polyp,0.8344,0.8371,139.7,15.0,303.5,205.4,False
462,10,0,polyp,0.8418,0.8429,140.1,16.6,302.4,204.9,False
463,10,0,polyp,0.7101,0.8183,139.2,18.1,303.0,208.6,False
464,10,0,polyp,0.7890,0.8008,139.4,18.5,301.9,207.4,False
465,10,0,polyp,0.9012,0.8153,139.9,18.4,301.5,205.8,False
466,10,0,polyp,0.8156,0.8115,139.5,15.8,303.0,205.7,False
467,10,0,polyp,0.8230,0.8078,140.0,13.2,302.3,201.3,False
468,10,0,polyp,0.9084,0.8474,140.5,12.1,301.9,198.8,False
469,10,0,polyp,0.7267,0.6779,140.5,12.1,301.9,198.8,True
470,10,0,polyp,0.7370,0.8370,140.5,10.7,302.4,197.6,False
471,10,0,polyp,0.8204,0.8209,139.8,11.4,299.9,196.0,False
472,10,0,polyp,0.8595,0.8297,137.9,13.9,299.8,200.7,False
473,10,0,polyp,0.8079,0.8267,138.0,15.5,302.7,205.7,False
474,10,0,polyp,0.8301,0.8110,137.8,14.6,303.3,206.0,False
475,10,0,polyp,0.7206,0.8077,138.4,12.4,303.5,203.2,False
476,10,0,polyp,0.8434,0.8123,140.4,9.3,303.0,196.9,False
477,10,0,polyp,0.8330,0.8070,141.6,8.2,303.0,194.2,False
478,10,0,polyp,0.7815,0.8017,141.9,9.7,303.2,195.4,False
479,10,0,polyp,0.8824,0.8122,141.0,11.3,303.6,198.5,False
480,10,0,polyp,0.8828,0.8446,140.3,12.2,304.0,200.5,False
481,10,0,polyp,0.8540,0.8467,139.8,12.4,304.5,202.1,False
482,10,0,polyp,0.8389,0.8479,140.8,10.7,304.6,199.0,False
483,10,0,polyp,0.8386,0.8593,138.9,11.2,303.7,200.9,False
484,10,0,polyp,0.8240,0.8477,138.7,12.7,301.3,199.6,False
485,10,0,polyp,0.8867,0.8484,138.8,13.4,302.2,201.2,False
486,10,0,polyp,0.8908,0.8558,139.7,15.2,301.9,201.5,False
487,10,0,polyp,0.8459,0.8572,140.0,15.8,302.7,203.0,False
488,10,0,polyp,0.9144,0.8724,139.7,15.0,304.4,204.4,False
489,10,0,polyp,0.9261,0.8928,138.4,16.5,304.4,207.4,False
490,10,0,polyp,0.6800,0.8514,133.6,18.9,302.3,212.9,False
491,10,0,polyp,0.8581,0.8449,128.5,21.1,296.3,213.3,False
492,10,0,polyp,0.8406,0.8438,119.1,21.6,291.0,218.5,False
493,10,0,polyp,0.8470,0.8303,113.1,21.0,288.4,221.4,False
494,10,0,polyp,0.6944,0.7840,108.5,19.3,284.5,219.2,False
495,10,0,polyp,0.7964,0.8073,106.6,17.4,284.0,217.7,False
496,10,0,polyp,0.5229,0.7402,103.2,16.1,283.9,219.4,False
497,10,0,polyp,0.7086,0.7138,100.9,17.7,280.3,217.7,False
498,10,0,polyp,0.7333,0.6911,94.9,19.0,277.9,222.4,False
499,10,0,polyp,0.7615,0.7045,87.2,15.5,275.4,224.7,False
500,10,0,polyp,0.8218,0.7096,80.8,15.0,270.1,225.0,False
501,10,0,polyp,0.6575,0.5677,80.8,15.0,270.1,225.0,True
502,10,0,polyp,0.5260,0.4542,80.8,15.0,270.1,225.0,True
503,10,0,polyp,0.4208,0.3633,80.8,15.0,270.1,225.0,True
504,10,0,polyp,0.7476,0.7546,46.6,15.4,229.9,218.6,False
505,10,0,polyp,0.5543,0.7237,44.5,30.1,218.3,220.6,False
506,10,0,polyp,0.6885,0.7147,41.6,29.2,214.7,217.8,False
507,10,0,polyp,0.5508,0.5718,41.6,29.2,214.7,217.8,True
508,10,0,polyp,0.5113,0.6647,34.6,17.8,213.6,212.8,False
509,10,0,polyp,0.7884,0.6580,31.0,12.6,212.8,210.8,False
510,10,0,polyp,0.7114,0.6508,28.7,10.0,212.1,210.5,False
511,10,0,polyp,0.5535,0.6506,27.3,8.4,211.2,210.1,False
512,10,0,polyp,0.8090,0.6747,28.2,8.4,209.7,208.4,False
513,10,0,polyp,0.8430,0.7411,27.9,8.3,208.7,208.3,False
514,10,0,polyp,0.7854,0.7404,28.5,9.0,208.5,208.6,False
515,10,0,polyp,0.8377,0.7657,28.8,8.0,209.2,208.9,False
516,10,0,polyp,0.8359,0.8222,29.5,10.6,209.9,212.4,False
517,10,0,polyp,0.7923,0.8189,30.3,10.1,208.2,209.9,False
518,10,0,polyp,0.7907,0.8084,30.1,8.1,208.0,208.8,False
519,10,0,polyp,0.8721,0.8257,30.7,9.6,207.8,210.3,False
520,10,0,polyp,0.8604,0.8303,34.5,8.8,203.3,199.2,False
521,10,0,polyp,0.8937,0.8418,35.8,7.7,202.5,195.0,False
522,10,0,polyp,0.8318,0.8497,36.4,6.7,203.3,194.0,False
523,10,0,polyp,0.8228,0.8562,36.3,6.5,202.3,192.7,False
524,10,0,polyp,0.8741,0.8566,36.5,6.4,202.3,192.1,False
525,10,0,polyp,0.8721,0.8589,36.2,5.4,200.7,189.7,False
526,10,0,polyp,0.7843,0.8370,37.6,5.5,199.6,186.5,False
527,10,0,polyp,0.8541,0.8415,38.7,5.1,198.7,183.2,False
528,10,0,polyp,0.8041,0.8377,38.7,5.2,198.8,183.0,False
529,10,0,polyp,0.7902,0.8209,37.9,5.3,200.4,185.7,False
530,10,0,polyp,0.8697,0.8205,37.0,5.9,201.7,187.5,False
531,10,0,polyp,0.8893,0.8415,36.7,7.7,204.0,191.3,False
532,10,0,polyp,0.7302,0.8167,33.5,12.0,204.5,199.1,False
533,10,0,polyp,0.8792,0.8317,32.9,14.6,207.2,205.8,False
534,10,0,polyp,0.5547,0.7846,30.2,11.0,218.5,218.5,False
535,10,0,polyp,0.4438,0.6277,30.2,11.0,218.5,218.5,True
536,10,0,polyp,0.0000,0.6107,28.8,11.5,221.1,223.3,False
537,10,0,polyp,0.6256,0.5579,26.8,6.6,233.5,234.9,False
537,11,0,polyp,0.5375,0.5375,-3.3,2.6,340.7,234.2,False
538,10,0,polyp,0.6835,0.5486,37.3,27.3,228.2,234.6,False
538,11,0,polyp,0.0000,0.2688,-4.2,3.0,339.8,234.5,False
539,10,0,polyp,0.7540,0.5236,39.3,26.3,233.0,234.9,False
539,11,0,polyp,0.0000,0.1792,-5.0,3.4,338.9,234.9,False
540,10,0,polyp,0.8627,0.5851,35.0,16.8,237.2,235.1,False
540,11,0,polyp,0.0000,0.1344,-5.8,3.8,338.0,235.3,False
541,10,0,polyp,0.6493,0.7150,37.1,25.1,233.4,236.2,False
541,11,0,polyp,0.0000,0.1075,-6.6,4.2,337.1,235.6,False
542,10,0,polyp,0.8985,0.7696,32.6,20.1,234.3,238.1,False
542,11,0,polyp,0.0000,0.0000,-7.4,4.6,336.2,236.0,False
543,10,0,polyp,0.8822,0.8093,31.7,20.2,233.4,239.2,False
543,11,0,polyp,0.0000,0.0000,-7.4,4.6,336.2,236.0,True
544,10,0,polyp,0.8882,0.8362,31.0,20.1,230.5,237.5,False
544,11,0,polyp,0.0000,0.0000,-7.4,4.6,336.2,236.0,True
545,10,0,polyp,0.8935,0.8423,31.4,20.6,228.3,235.1,False
545,11,0,polyp,0.0000,0.0000,-7.4,4.6,336.2,236.0,True
546,10,0,polyp,0.8779,0.8881,31.6,20.7,226.3,233.5,False
547,10,0,polyp,0.8817,0.8847,31.3,23.0,223.4,232.8,False
548,10,0,polyp,0.7053,0.7078,31.3,23.0,223.4,232.8,True
549,10,0,polyp,0.7250,0.8533,37.3,26.5,227.7,232.7,False
550,10,0,polyp,0.5800,0.6826,37.3,26.5,227.7,232.7,True
551,10,0,polyp,0.4640,0.5461,37.3,26.5,227.7,232.7,True
552,10,0,polyp,0.3712,0.4369,37.3,26.5,227.7,232.7,True
553,10,0,polyp,0.5638,0.7884,80.3,54.4,249.6,235.7,False
554,10,0,polyp,0.6438,0.7384,90.4,63.0,254.3,236.9,False
555,10,0,polyp,0.7919,0.7212,97.7,66.4,259.0,236.0,False
556,10,0,polyp,0.5764,0.6602,101.3,70.9,260.1,235.7,False
557,10,0,polyp,0.9114,0.6975,102.6,72.7,261.2,234.9,False
558,10,0,polyp,0.8490,0.7545,101.8,73.9,262.1,235.6,False
559,10,0,polyp,0.8502,0.7958,101.1,75.2,262.2,235.8,False
560,10,0,polyp,0.8807,0.8135,101.0,77.0,261.8,235.4,False
561,10,0,polyp,0.8154,0.8613,101.1,78.6,262.9,236.4,False
562,10,0,polyp,0.7597,0.8310,100.9,79.3,263.3,236.3,False
563,10,0,polyp,0.8898,0.8392,101.1,79.0,264.6,235.7,False
564,10,0,polyp,0.8646,0.8421,99.9,78.5,265.3,235.8,False
565,10,0,polyp,0.7395,0.8138,98.5,78.1,265.3,235.8,False
566,10,0,polyp,0.8142,0.8136,98.0,78.6,265.7,236.2,False
567,10,0,polyp,0.8338,0.8284,97.0,79.1,265.7,237.1,False
568,10,0,polyp,0.8095,0.8123,97.0,80.7,265.1,237.2,False
569,10,0,polyp,0.5297,0.7453,98.6,83.3,264.7,236.8,False
570,10,0,polyp,0.7580,0.7490,100.4,87.5,263.6,236.7,False
570,13,0,polyp,0.5170,0.5170,77.7,6.3,320.0,239.9,False
571,10,0,polyp,0.6704,0.7203,102.1,90.0,263.4,235.9,False
571,13,0,polyp,0.0000,0.2585,76.0,6.4,318.2,240.0,False
572,10,0,polyp,0.5783,0.6692,105.5,93.0,265.6,235.1,False
572,13,0,polyp,0.6330,0.3833,79.6,4.5,323.9,239.9,False
573,10,0,polyp,0.0000,0.5073,107.6,95.0,265.4,235.0,False
573,13,0,polyp,0.5669,0.4292,73.6,4.9,318.2,239.8,False
574,10,0,polyp,0.0000,0.4058,107.6,95.0,265.4,235.0,True
574,13,0,polyp,0.4535,0.3434,73.6,4.9,318.2,239.8,True
575,10,0,polyp,0.0000,0.3247,107.6,95.0,265.4,235.0,True
575,13,0,polyp,0.3628,0.2747,73.6,4.9,318.2,239.8,True
576,10,0,polyp,0.0000,0.2597,107.6,95.0,265.4,235.0,True
576,13,0,polyp,0.2902,0.2198,73.6,4.9,318.2,239.8,True
577,,,,,,,,,,False
578,,,,,,,,,,False
579,,,,,,,,,,False
580,14,0,polyp,0.5799,0.5799,78.1,115.5,287.0,234.2,False
581,14,0,polyp,0.7140,0.6470,78.1,115.1,288.7,234.8,False
582,14,0,polyp,0.7084,0.6674,77.3,114.8,288.9,235.1,False
583,14,0,polyp,0.6471,0.6623,76.2,116.2,286.2,235.5,False
584,14,0,polyp,0.6141,0.6527,64.9,101.7,299.7,235.9,False
585,14,0,polyp,0.5627,0.6492,64.0,100.8,299.3,235.8,False
586,14,0,polyp,0.6129,0.6290,57.3,97.9,298.4,237.2,False
587,14,0,polyp,0.5066,0.5887,60.0,93.3,310.3,237.2,False
588,14,0,polyp,0.6412,0.5875,53.4,88.9,309.0,236.4,False
589,14,0,polyp,0.5160,0.5679,47.1,83.2,311.7,236.4,False
590,14,0,polyp,0.6652,0.5884,45.8,82.8,310.9,236.8,False
591,14,0,polyp,0.6830,0.6024,43.0,82.7,307.8,237.5,False
592,14,0,polyp,0.5151,0.6041,49.2,84.9,309.9,237.4,False
593,14,0,polyp,0.6046,0.5968,45.6,75.8,320.7,237.7,False
593,16,0,polyp,0.8047,0.8047,41.4,1.5,325.4,239.9,False
594,14,0,polyp,0.7067,0.6349,52.3,81.3,317.0,236.8,False
594,16,0,polyp,0.6406,0.7227,39.4,1.1,323.5,239.8,False
595,14,0,polyp,0.6991,0.6417,53.1,81.7,317.3,236.7,False
595,16,0,polyp,0.0000,0.4818,38.9,0.6,323.7,239.8,False
596,14,0,polyp,0.7222,0.6495,50.4,80.6,316.7,236.7,False
596,16,0,polyp,0.5667,0.5030,39.3,3.0,319.2,238.0,False
597,14,0,polyp,0.7087,0.6882,49.0,81.1,315.4,236.8,False
597,16,0,polyp,0.5761,0.5176,37.6,1.6,320.6,239.4,False
598,14,0,polyp,0.6149,0.6903,44.2,77.3,318.4,237.6,False
598,16,0,polyp,0.5803,0.4728,40.5,2.7,323.4,239.8,False
599,14,0,polyp,0.6494,0.6788,41.1,75.0,319.3,237.8,False
599,16,0,polyp,0.5085,0.4463,38.6,2.6,321.3,239.6,False
600,14,0,polyp,0.6038,0.6598,36.7,72.0,318.4,237.4,False
600,16,0,polyp,0.0000,0.4463,38.4,2.6,321.0,239.6,False
601,14,0,polyp,0.6320,0.6418,35.1,69.9,319.0,237.4,False
601,16,0,polyp,0.0000,0.3330,38.2,2.7,320.7,239.6,False
602,14,0,polyp,0.6300,0.6260,30.3,66.2,317.1,236.9,False
602,16,0,polyp,0.0000,0.2178,38.0,2.8,320.4,239.6,False
603,14,0,polyp,0.5080,0.6046,25.1,55.9,325.2,236.8,False
603,16,0,polyp,0.0000,0.1017,37.8,2.9,320.2,239.6,False
604,14,0,polyp,0.0000,0.4748,22.0,53.0,327.1,236.8,False
604,16,0,polyp,0.7367,0.1473,35.2,3.1,318.6,240.0,False
605,14,0,polyp,0.0000,0.3798,22.0,53.0,327.1,236.8,True
605,16,0,polyp,0.5894,0.1179,35.2,3.1,318.6,240.0,True
606,14,0,polyp,0.0000,0.3540,15.9,47.0,331.0,236.9,False
606,16,0,polyp,0.7359,0.2945,37.5,8.7,318.3,240.0,False
607,14,0,polyp,0.0000,0.2276,12.9,44.0,332.9,236.9,False
607,16,0,polyp,0.7281,0.4402,44.3,12.0,323.1,239.9,False
608,14,0,polyp,0.0000,0.1016,9.9,41.1,334.9,236.9,False
608,16,0,polyp,0.8032,0.6008,45.7,17.2,319.1,240.0,False
609,16,0,polyp,0.7981,0.7604,47.5,19.7,317.6,240.0,False
609,14,0,polyp,0.0000,0.0813,9.9,41.1,334.9,236.9,True
610,16,0,polyp,0.5839,0.7298,48.1,25.3,309.2,239.0,False
610,14,0,polyp,0.0000,0.0650,9.9,41.1,334.9,236.9,True
611,16,0,polyp,0.8361,0.7499,47.5,28.4,300.9,237.5,False
611,14,0,polyp,0.0000,0.0520,9.9,41.1,334.9,236.9,True
612,16,0,polyp,0.8444,0.7731,47.0,27.8,298.3,237.2,False
613,16,0,polyp,0.8414,0.7808,46.8,27.2,297.9,238.5,False
614,16,0,polyp,0.9003,0.8012,45.0,24.0,297.6,239.5,False
615,16,0,polyp,0.8313,0.8507,47.0,22.4,295.9,237.1,False
616,16,0,polyp,0.7992,0.8433,49.3,22.8,294.2,236.1,False
617,16,0,polyp,0.8665,0.8477,50.1,22.4,293.1,236.5,False
618,16,0,polyp,0.8852,0.8565,49.7,21.8,290.1,235.7,False
619,16,0,polyp,0.8993,0.8563,48.5,18.6,288.9,235.1,False
620,16,0,polyp,0.9052,0.8711,51.0,12.9,291.2,232.2,False
621,16,0,polyp,0.9162,0.8945,54.1,11.7,287.3,227.0,False
622,16,0,polyp,0.9121,0.9036,56.2,12.2,282.0,222.4,False
623,16,0,polyp,0.9021,0.9070,58.7,13.3,276.9,217.3,False
624,16,0,polyp,0.9257,0.9123,60.7,14.9,275.5,217.2,False
625,16,0,polyp,0.8817,0.9076,60.9,17.2,274.5,219.8,False
626,16,0,polyp,0.9026,0.9048,61.6,18.2,272.5,219.6,False
627,16,0,polyp,0.8985,0.9021,65.3,17.7,271.9,216.6,False
628,16,0,polyp,0.8938,0.9005,70.9,22.1,267.9,212.8,False
629,16,0,polyp,0.9096,0.8972,73.2,17.8,267.5,207.2,False
630,16,0,polyp,0.7326,0.8674,73.5,9.6,265.8,198.8,False
631,16,0,polyp,0.7568,0.8383,81.4,10.5,259.0,185.0,False
632,16,0,polyp,0.8963,0.8378,84.7,7.2,255.8,174.9,False
633,16,0,polyp,0.9328,0.8456,85.6,6.1,253.8,170.5,False
634,16,0,polyp,0.6733,0.7984,85.4,4.5,252.3,167.2,False
635,16,0,polyp,0.5386,0.6387,85.4,4.5,252.3,167.2,True
636,16,0,polyp,0.4309,0.5110,85.4,4.5,252.3,167.2,True
637,16,0,polyp,0.7630,0.8045,76.7,6.0,231.6,156.2,False
638,16,0,polyp,0.6104,0.6436,76.7,6.0,231.6,156.2,True
639,16,0,polyp,0.4883,0.5149,76.7,6.0,231.6,156.2,True
640,16,0,polyp,0.5667,0.7664,66.9,5.2,218.0,150.1,False
641,16,0,polyp,0.6629,0.7197,62.7,4.5,210.9,145.5,False
642,16,0,polyp,0.5614,0.6455,60.8,4.2,207.1,141.6,False
643,16,0,polyp,0.7443,0.6597,57.5,4.0,201.1,137.6,False
644,16,0,polyp,0.8219,0.6714,56.4,4.1,198.2,134.8,False
645,16,0,polyp,0.8154,0.7212,55.5,4.5,195.0,132.2,False
646,16,0,polyp,0.8268,0.7540,56.6,4.8,195.0,130.5,False
647,16,0,polyp,0.7695,0.7956,55.6,4.9,189.4,125.7,False
648,16,0,polyp,0.5100,0.7487,55.7,4.7,184.9,120.8,False
649,16,0,polyp,0.4080,0.5990,55.7,4.7,184.9,120.8,True
650,16,0,polyp,0.6492,0.7142,54.9,4.8,183.4,119.7,False
651,16,0,polyp,0.7881,0.7087,52.6,4.8,186.1,124.3,False
652,16,0,polyp,0.8251,0.7084,48.5,4.6,189.2,131.4,False
653,16,0,polyp,0.5932,0.6731,48.2,4.7,199.1,141.2,False
654,16,0,polyp,0.8040,0.7319,44.0,5.0,204.8,152.0,False
655,16,0,polyp,0.7708,0.7562,41.3,8.2,207.2,161.0,False
656,16,0,polyp,0.6252,0.7237,36.4,9.8,209.1,170.0,False
657,16,0,polyp,0.7845,0.7155,32.2,10.0,209.5,176.0,False
658,16,0,polyp,0.6276,0.5724,32.2,10.0,209.5,176.0,True
659,16,0,polyp,0.0000,0.5969,27.7,10.6,210.5,181.8,False
660,16,0,polyp,0.0000,0.4361,25.5,11.0,211.1,184.7,False
660,17,0,polyp,0.7646,0.7646,36.5,13.2,205.9,237.0,False
661,16,0,polyp,0.0000,0.2819,23.3,11.3,211.6,187.6,False
661,17,0,polyp,0.8757,0.8201,41.2,9.4,199.4,217.6,False
662,16,0,polyp,0.0000,0.1569,21.1,11.7,212.1,190.6,False
662,17,0,polyp,0.8855,0.8419,43.3,7.4,199.3,211.6,False
663,17,0,polyp,0.8866,0.8531,43.3,6.7,200.1,210.8,False
663,16,0,polyp,0.0000,0.1255,21.1,11.7,212.1,190.6,True
664,17,0,polyp,0.8386,0.8502,42.7,8.5,199.5,211.2,False
664,16,0,polyp,0.0000,0.1004,21.1,11.7,212.1,190.6,True
665,17,0,polyp,0.8759,0.8725,42.5,8.7,199.1,209.6,False
665,16,0,polyp,0.0000,0.0803,21.1,11.7,212.1,190.6,True
666,17,0,polyp,0.8269,0.8627,41.4,7.6,198.7,207.9,False
667,17,0,polyp,0.7280,0.8312,41.4,6.8,198.8,206.3,False
668,17,0,polyp,0.8446,0.8228,41.0,6.7,197.7,203.8,False
669,17,0,polyp,0.8985,0.8348,40.9,6.5,199.3,204.2,False
670,17,0,polyp,0.8402,0.8276,40.0,7.2,199.7,205.3,False
671,17,0,polyp,0.8631,0.8349,39.1,7.3,199.3,204.8,False
672,17,0,polyp,0.8452,0.8583,41.9,12.1,197.2,201.8,False
673,17,0,polyp,0.7918,0.8477,42.9,10.3,197.1,196.9,False
674,17,0,polyp,0.8177,0.8316,41.0,11.4,199.1,201.6,False
675,17,0,polyp,0.6541,0.6653,41.0,11.4,199.1,201.6,True
676,17,0,polyp,0.5233,0.5322,41.0,11.4,199.1,201.6,True
677,17,0,polyp,0.0000,0.6635,42.9,12.1,197.0,197.4,False
678,17,0,polyp,0.5772,0.6064,51.9,15.3,227.9,221.6,False
679,17,0,polyp,0.4617,0.4851,51.9,15.3,227.9,221.6,True
680,17,0,polyp,0.8353,0.6044,68.0,29.6,245.2,232.5,False
681,17,0,polyp,0.7336,0.5927,70.5,35.6,249.7,235.8,False
682,17,0,polyp,0.7071,0.5706,73.2,43.7,250.4,235.8,False
683,17,0,polyp,0.7398,0.7186,66.1,45.5,243.0,236.5,False
684,17,0,polyp,0.5689,0.7169,71.6,47.1,254.9,237.6,False
684,19,0,polyp,0.6333,0.6333,28.1,2.4,342.9,237.9,False
685,17,0,polyp,0.4551,0.5736,71.6,47.1,254.9,237.6,True
685,19,0,polyp,0.5067,0.5067,28.1,2.4,342.9,237.9,True
686,17,0,polyp,0.0000,0.5499,77.8,52.2,259.4,241.0,False
686,19,0,polyp,0.5552,0.5943,17.1,0.6,337.5,239.9,False
687,17,0,polyp,0.0000,0.4032,81.0,54.8,261.7,242.7,False
687,19,0,polyp,0.5865,0.5917,27.0,2.8,344.7,240.2,False
688,17,0,polyp,0.0000,0.3225,81.0,54.8,261.7,242.7,True
688,19,0,polyp,0.4692,0.4733,27.0,2.8,344.7,240.2,True
689,17,0,polyp,0.0000,0.2580,81.0,54.8,261.7,242.7,True
689,19,0,polyp,0.3754,0.3787,27.0,2.8,344.7,240.2,True
690,17,0,polyp,0.0000,0.2064,81.0,54.8,261.7,242.7,True
690,19,0,polyp,0.3003,0.3029,27.0,2.8,344.7,240.2,True
691,,,,,,,,,,False
692,19,0,polyp,0.8169,0.6480,36.5,51.3,282.8,237.2,False
693,19,0,polyp,0.7839,0.6752,36.6,53.8,277.3,236.8,False
694,19,0,polyp,0.5101,0.6505,36.5,55.4,272.9,236.5,False
695,19,0,polyp,0.7681,0.6931,34.1,53.7,271.2,237.5,False
696,19,0,polyp,0.8362,0.7430,33.0,52.5,270.4,238.7,False
697,19,0,polyp,0.6894,0.7175,34.8,51.4,271.5,238.9,False
698,19,0,polyp,0.8201,0.7248,35.7,49.1,272.2,237.8,False
699,19,0,polyp,0.8833,0.7994,35.0,46.6,273.9,239.0,False
700,19,0,polyp,0.8674,0.8193,34.8,44.4,274.8,239.1,False
701,19,0,polyp,0.8801,0.8281,33.6,42.2,274.5,238.8,False
702,19,0,polyp,0.8582,0.8618,33.4,40.1,274.7,238.4,False
703,19,0,polyp,0.7918,0.8562,33.1,40.2,272.5,238.2,False
704,19,0,polyp,0.8541,0.8503,34.6,41.2,270.9,237.5,False
705,19,0,polyp,0.8264,0.8422,36.3,43.8,269.9,238.5,False
706,19,0,polyp,0.8386,0.8338,35.5,41.6,270.1,238.2,False
707,19,0,polyp,0.8898,0.8402,37.0,38.9,271.6,236.5,False
708,19,0,polyp,0.8838,0.8585,36.6,36.0,272.6,236.1,False
709,19,0,polyp,0.7423,0.8362,37.2,36.1,270.8,235.0,False
710,19,0,polyp,0.8966,0.8502,38.1,35.1,270.6,234.2,False
711,19,0,polyp,0.8795,0.8584,39.0,35.2,270.1,233.9,False
712,19,0,polyp,0.8008,0.8406,37.8,35.1,268.5,234.1,False
713,19,0,polyp,0.8923,0.8423,38.5,35.2,268.0,233.7,False
714,19,0,polyp,0.8823,0.8703,39.5,35.1,267.6,233.2,False
715,19,0,polyp,0.8288,0.8567,39.2,36.6,265.0,233.3,False
716,19,0,polyp,0.8865,0.8581,40.0,37.7,264.1,233.6,False
717,19,0,polyp,0.8940,0.8768,41.5,38.0,264.0,232.9,False
718,19,0,polyp,0.8525,0.8688,41.0,37.8,264.6,234.3,False
719,19,0,polyp,0.9154,0.8754,43.2,38.2,264.7,233.0,False
720,19,0,polyp,0.9018,0.8900,43.9,38.4,265.4,233.0,False
721,19,0,polyp,0.8303,0.8788,44.4,38.6,265.9,233.3,False
722,19,0,polyp,0.8890,0.8778,45.0,38.7,266.3,233.3,False
723,19,0,polyp,0.8746,0.8822,44.8,38.1,267.2,233.6,False
724,19,0,polyp,0.8534,0.8698,44.4,37.3,267.2,233.1,False
725,19,0,polyp,0.9080,0.8710,45.3,37.1,267.9,233.1,False
726,19,0,polyp,0.9063,0.8862,46.9,38.0,268.0,232.6,False
727,19,0,polyp,0.8316,0.8748,49.0,38.8,269.8,233.4,False
728,19,0,polyp,0.8813,0.8761,48.2,39.3,269.4,234.3,False
729,19,0,polyp,0.8528,0.8760,48.4,40.0,269.0,234.5,False
730,19,0,polyp,0.8504,0.8645,49.2,40.3,268.9,234.2,False
731,19,0,polyp,0.8605,0.8553,50.2,41.4,269.2,234.3,False
732,19,0,polyp,0.8482,0.8586,52.7,42.1,271.2,234.2,False
733,19,0,polyp,0.7680,0.8360,53.8,42.5,272.7,234.9,False
734,19,0,polyp,0.8623,0.8379,54.2,42.3,273.4,234.8,False
735,19,0,polyp,0.8306,0.8339,54.5,41.6,274.3,234.5,False
736,19,0,polyp,0.8112,0.8240,54.3,41.0,274.1,233.9,False
737,19,0,polyp,0.8874,0.8319,55.1,41.5,274.3,233.9,False
738,19,0,polyp,0.8460,0.8475,56.7,42.8,275.9,234.9,False
739,19,0,polyp,0.7899,0.8330,56.9,43.5,275.5,235.3,False
740,19,0,polyp,0.8365,0.8342,56.6,43.4,275.7,235.8,False
741,19,0,polyp,0.7776,0.8275,56.7,44.0,276.2,236.8,False
742,19,0,polyp,0.7948,0.8090,57.6,44.3,276.3,236.5,False
743,19,0,polyp,0.8496,0.8097,58.6,44.1,277.0,236.0,False
744,19,0,polyp,0.8423,0.8202,60.4,44.9,277.6,235.5,False
745,19,0,polyp,0.8254,0.8179,62.0,44.2,281.1,236.6,False
746,19,0,polyp,0.8484,0.8321,63.4,44.4,283.0,237.1,False
747,19,0,polyp,0.8521,0.8436,64.8,44.8,284.4,237.6,False
748,19,0,polyp,0.7356,0.8208,66.1,45.7,284.9,237.8,False
749,19,0,polyp,0.8717,0.8266,68.1,45.6,285.9,236.7,False
750,19,0,polyp,0.8642,0.8344,69.8,46.2,286.5,235.9,False
751,19,0,polyp,0.7385,0.8124,71.2,46.0,288.9,236.2,False
752,19,0,polyp,0.8177,0.8056,73.1,46.3,290.8,236.3,False
753,19,0,polyp,0.8287,0.8242,72.7,46.2,290.9,236.4,False
754,19,0,polyp,0.8028,0.8104,73.4,45.9,291.4,236.2,False
755,19,0,polyp,0.8353,0.8046,73.9,45.4,292.2,236.2,False
756,19,0,polyp,0.8360,0.8241,74.7,44.8,292.6,235.4,False
757,19,0,polyp,0.6833,0.7972,76.1,44.9,293.7,235.1,False
758,19,0,polyp,0.7852,0.7885,76.5,45.4,293.2,235.1,False
759,19,0,polyp,0.7971,0.7874,76.1,45.9,291.6,234.9,False
760,19,0,polyp,0.6844,0.7572,74.9,45.8,290.3,235.2,False
761,19,0,polyp,0.8566,0.7613,75.8,45.5,290.5,234.6,False
762,19,0,polyp,0.8328,0.7912,76.4,45.1,291.3,234.5,False
763,19,0,polyp,0.7844,0.7911,75.6,44.6,290.6,234.6,False
764,19,0,polyp,0.8761,0.8069,75.0,44.6,289.4,234.5,False
765,19,0,polyp,0.8542,0.8408,74.7,44.4,289.3,235.0,False
766,19,0,polyp,0.8127,0.8321,74.7,44.6,287.9,234.5,False
767,19,0,polyp,0.8960,0.8447,74.9,44.3,287.7,234.3,False
768,19,0,polyp,0.8939,0.8666,75.8,44.7,287.4,234.0,False
769,19,0,polyp,0.7316,0.8377,75.2,44.9,286.3,234.1,False
770,19,0,polyp,0.8692,0.8407,75.5,44.5,286.4,234.1,False
771,19,0,polyp,0.8648,0.8511,76.0,44.1,286.3,233.6,False
772,19,0,polyp,0.8011,0.8321,76.2,44.1,286.5,233.9,False
773,19,0,polyp,0.8628,0.8259,77.5,45.1,286.1,233.6,False
774,19,0,polyp,0.8238,0.8443,78.2,45.7,285.6,233.4,False
775,19,0,polyp,0.7157,0.8136,77.3,45.7,284.8,233.8,False
776,19,0,polyp,0.8547,0.8116,77.8,46.1,284.3,233.5,False
777,19,0,polyp,0.8434,0.8201,77.3,46.3,283.0,232.9,False
778,19,0,polyp,0.7361,0.7947,76.3,46.5,281.5,232.7,False
779,19,0,polyp,0.9115,0.8123,76.5,45.9,282.3,233.1,False
780,19,0,polyp,0.9149,0.8521,76.9,45.0,282.6,232.5,False
781,19,0,polyp,0.8277,0.8467,75.4,43.9,283.6,234.6,False
782,19,0,polyp,0.9268,0.8634,75.6,43.3,282.7,233.8,False
783,19,0,polyp,0.9019,0.8966,76.2,43.2,282.5,233.5,False
784,19,0,polyp,0.7750,0.8693,75.3,42.8,282.0,234.7,False
785,19,0,polyp,0.8985,0.8660,76.5,42.4,282.5,234.6,False
786,19,0,polyp,0.8938,0.8792,77.5,42.3,282.8,235.1,False
787,19,0,polyp,0.7710,0.8480,80.6,43.5,280.3,231.3,False
788,19,0,polyp,0.9380,0.8552,83.6,42.6,282.0,230.2,False
789,19,0,polyp,0.9535,0.8909,86.2,41.5,281.4,226.8,False
790,19,0,polyp,0.8134,0.8739,87.1,39.9,280.8,225.1,False
791,19,0,polyp,0.9572,0.8866,89.4,38.7,280.6,222.7,False
792,19,0,polyp,0.9579,0.9240,90.7,38.4,280.1,221.6,False
793,19,0,polyp,0.9308,0.9226,91.2,37.9,279.9,221.6,False
794,19,0,polyp,0.9511,0.9221,90.2,36.7,277.5,219.9,False
795,19,0,polyp,0.9517,0.9498,87.8,35.4,274.3,218.9,False
796,19,0,polyp,0.8816,0.9346,84.4,35.6,269.0,217.9,False
797,19,0,polyp,0.8296,0.9090,80.4,35.1,267.4,221.3,False
798,19,0,polyp,0.5911,0.8410,79.5,33.7,262.8,216.9,False
799,19,0,polyp,0.4729,0.6728,79.5,33.7,262.8,216.9,True
800,19,0,polyp,0.3783,0.5383,79.5,33.7,262.8,216.9,True
801,19,0,polyp,0.3027,0.4306,79.5,33.7,262.8,216.9,True
802,19,0,polyp,0.6942,0.7896,53.3,27.2,232.2,207.4,False
803,19,0,polyp,0.8277,0.7648,53.0,25.3,232.8,205.9,False
804,19,0,polyp,0.8825,0.7650,49.9,26.2,227.1,205.6,False
805,19,0,polyp,0.6942,0.7379,48.6,27.0,225.1,207.3,False
806,19,0,polyp,0.8384,0.7874,47.5,24.0,223.8,205.4,False
807,19,0,polyp,0.7840,0.8054,47.2,22.0,222.8,203.9,False
808,19,0,polyp,0.6272,0.6443,47.2,22.0,222.8,203.9,True
809,19,0,polyp,0.8394,0.8077,47.9,20.7,222.2,202.3,False
810,19,0,polyp,0.7930,0.7898,47.3,19.7,222.2,203.2,False
811,19,0,polyp,0.6360,0.7782,48.0,23.5,221.2,205.7,False
812,19,0,polyp,0.7459,0.7597,47.0,21.9,224.2,209.7,False
813,19,0,polyp,0.8604,0.7749,43.7,24.2,223.6,215.1,False
814,19,0,polyp,0.8421,0.7755,47.1,27.0,223.6,214.6,False
815,19,0,polyp,0.9168,0.8002,47.4,26.1,224.0,214.7,False
816,19,0,polyp,0.8960,0.8522,49.3,28.8,222.1,213.9,False
817,19,0,polyp,0.7871,0.8605,48.1,30.4,223.6,219.4,False
818,19,0,polyp,0.8893,0.8663,49.2,31.4,225.0,221.4,False
819,19,0,polyp,0.8833,0.8745,50.9,33.8,224.9,222.2,False
820,19,0,polyp,0.7852,0.8482,51.2,33.6,225.9,223.3,False
821,19,0,polyp,0.9279,0.8546,52.0,35.3,225.8,224.5,False
822,19,0,polyp,0.9192,0.8810,49.9,34.4,224.9,224.7,False
823,19,0,polyp,0.8321,0.8695,49.6,35.1,224.7,225.2,False
824,19,0,polyp,0.9230,0.8775,51.5,34.4,227.7,226.0,False
825,19,0,polyp,0.9034,0.9011,50.9,32.1,228.0,225.4,False
826,19,0,polyp,0.7844,0.8724,52.4,32.9,226.9,223.2,False
827,19,0,polyp,0.9075,0.8701,52.1,32.5,227.4,223.9,False
828,19,0,polyp,0.8879,0.8812,50.1,32.0,227.3,225.2,False
829,19,0,polyp,0.6982,0.8363,51.1,34.0,226.1,224.1,False
830,19,0,polyp,0.8914,0.8339,49.8,32.8,226.5,224.1,False
831,19,0,polyp,0.8591,0.8488,50.3,31.1,225.7,220.3,False
832,19,0,polyp,0.7225,0.8118,52.5,32.6,228.2,222.2,False
833,19,0,polyp,0.9408,0.8224,54.2,33.7,230.9,224.5,False
834,19,0,polyp,0.9195,0.8667,53.4,33.5,229.7,223.2,False
835,19,0,polyp,0.8623,0.8609,52.4,35.1,228.5,224.2,False
836,19,0,polyp,0.9309,0.8752,55.9,38.1,230.9,226.2,False
837,19,0,polyp,0.7167,0.8740,54.0,38.6,231.2,228.5,False
838,19,0,polyp,0.8496,0.8558,55.7,40.9,230.8,228.3,False
839,19,0,polyp,0.9327,0.8584,56.2,41.7,232.2,229.7,False
840,19,0,polyp,0.9121,0.8684,56.0,42.0,233.1,230.8,False
841,19,0,polyp,0.7628,0.8348,56.9,44.7,232.3,230.7,False
842,19,0,polyp,0.8914,0.8697,54.9,42.9,231.9,229.8,False
843,19,0,polyp,0.8824,0.8763,55.8,44.4,232.3,230.0,False
844,19,0,polyp,0.8526,0.8603,53.1,42.6,232.3,230.4,False
845,19,0,polyp,0.9278,0.8634,54.1,41.9,233.3,228.9,False
846,19,0,polyp,0.9270,0.8963,54.1,41.1,235.6,230.4,False
847,19,0,polyp,0.8669,0.8914,54.5,39.6,237.5,230.3,False
848,19,0,polyp,0.9165,0.8982,52.4,38.6,236.4,230.2,False
849,19,0,polyp,0.9206,0.9118,52.8,37.2,237.9,230.1,False
850,19,0,polyp,0.8739,0.9010,50.7,36.1,236.8,229.8,False
851,19,0,polyp,0.9483,0.9052,52.3,34.7,236.8,227.0,False
852,19,0,polyp,0.9427,0.9204,52.0,34.4,236.8,226.9,False
853,19,0,polyp,0.8464,0.9064,52.4,34.9,236.3,226.8,False
854,19,0,polyp,0.9439,0.9110,53.2,32.7,237.6,225.6,False
855,19,0,polyp,0.9354,0.9233,54.2,32.3,238.0,224.7,False
856,19,0,polyp,0.9276,0.9192,56.1,33.5,239.4,225.6,False
857,19,0,polyp,0.9415,0.9189,56.8,34.7,240.0,226.7,False
858,19,0,polyp,0.9301,0.9357,56.5,35.5,240.6,228.8,False
859,19,0,polyp,0.7991,0.9067,55.0,37.6,237.9,229.1,False
860,19,0,polyp,0.9327,0.9062,56.0,38.4,238.0,229.4,False
861,19,0,polyp,0.9269,0.9061,56.3,39.1,236.7,228.5,False
862,19,0,polyp,0.8804,0.8939,57.3,39.9,235.5,226.7,False
863,19,0,polyp,0.9395,0.8957,58.1,40.2,237.9,228.7,False
864,19,0,polyp,0.9074,0.9174,58.1,38.4,240.7,230.2,False
865,19,0,polyp,0.8645,0.9038,59.0,38.4,241.1,229.9,False
866,19,0,polyp,0.9133,0.9010,60.6,38.5,242.1,229.7,False
867,19,0,polyp,0.9236,0.9097,61.9,39.2,242.4,229.6,False
868,19,0,polyp,0.8875,0.8993,63.7,39.5,241.8,227.9,False
869,19,0,polyp,0.9173,0.9012,66.5,40.6,240.9,225.1,False
870,19,0,polyp,0.9398,0.9163,67.5,40.4,241.1,224.0,False
871,19,0,polyp,0.8115,0.8959,68.0,41.3,241.2,224.5,False
872,19,0,polyp,0.9280,0.8968,68.6,42.0,241.1,223.6,False
873,19,0,polyp,0.9333,0.9060,67.3,41.1,241.9,224.6,False
874,19,0,polyp,0.9001,0.9025,65.5,38.3,242.5,224.7,False
875,19,0,polyp,0.9271,0.9000,64.9,35.5,242.8,222.9,False
876,19,0,polyp,0.9416,0.9260,64.3,35.1,242.9,223.4,False
877,19,0,polyp,0.9005,0.9205,65.0,36.8,242.6,224.2,False
878,19,0,polyp,0.9393,0.9217,65.4,40.9,241.9,226.7,False
879,19,0,polyp,0.9209,0.9259,65.2,40.3,241.1,225.4,False
880,19,0,polyp,0.8854,0.9175,66.1,40.6,243.1,227.1,False
881,19,0,polyp,0.9299,0.9152,68.7,42.3,244.9,227.6,False
882,19,0,polyp,0.9060,0.9163,70.0,43.6,244.9,226.6,False
883,19,0,polyp,0.8616,0.9008,70.2,44.0,247.2,228.3,False
884,19,0,polyp,0.8949,0.8956,70.8,44.5,247.4,227.1,False
885,19,0,polyp,0.9161,0.9017,69.6,44.4,249.2,229.7,False
886,19,0,polyp,0.8858,0.8929,68.8,43.9,250.1,230.6,False
887,19,0,polyp,0.9114,0.8940,69.1,43.9,250.0,229.4,False
888,19,0,polyp,0.8763,0.8969,69.4,43.2,251.5,230.5,False
889,19,0,polyp,0.7010,0.7175,69.4,43.2,251.5,230.5,True
890,19,0,polyp,0.5608,0.5740,69.4,43.2,251.5,230.5,True
891,19,0,polyp,0.4487,0.4592,69.4,43.2,251.5,230.5,True
892,,,,,,,,,,False
893,19,0,polyp,0.7427,0.8665,70.1,43.2,247.0,225.5,False
894,19,0,polyp,0.7646,0.8362,69.9,43.8,245.5,225.6,False
895,19,0,polyp,0.6364,0.7863,69.9,44.1,242.6,223.3,False
896,19,0,polyp,0.7718,0.7584,71.8,43.7,244.0,222.2,False
897,19,0,polyp,0.6810,0.7193,71.9,43.6,246.5,224.4,False
898,19,0,polyp,0.8242,0.7356,70.0,43.9,243.3,224.2,False
899,19,0,polyp,0.8090,0.7445,71.7,46.6,242.6,224.2,False
900,19,0,polyp,0.7893,0.7751,75.0,49.7,245.3,226.1,False
901,19,0,polyp,0.6315,0.6200,75.0,49.7,245.3,226.1,True
902,19,0,polyp,0.5052,0.4960,75.0,49.7,245.3,226.1,True
903,19,0,polyp,0.6847,0.7576,77.8,52.9,247.4,229.1,False
904,19,0,polyp,0.5707,0.7356,79.0,55.2,246.7,229.9,False
905,19,0,polyp,0.9084,0.7524,80.9,58.0,245.9,230.0,False
906,19,0,polyp,0.8451,0.7597,82.8,59.4,246.2,230.0,False
907,19,0,polyp,0.7412,0.7500,85.0,61.6,245.2,229.3,False
908,19,0,polyp,0.8087,0.7748,86.9,63.0,245.0,228.5,False
909,19,0,polyp,0.7920,0.8191,87.7,63.8,245.6,228.8,False
910,19,0,polyp,0.7586,0.7891,86.8,63.3,246.5,230.3,False
911,19,0,polyp,0.7754,0.7752,88.9,64.1,247.9,229.8,False
912,19,0,polyp,0.8796,0.8029,89.2,64.2,249.0,230.2,False
913,19,0,polyp,0.6551,0.7721,89.4,65.4,249.5,231.2,False
914,19,0,polyp,0.8031,0.7744,89.5,66.1,249.3,231.0,False
915,19,0,polyp,0.7814,0.7789,88.8,65.0,250.8,231.8,False
916,19,0,polyp,0.7873,0.7813,86.9,62.6,250.9,231.1,False
917,19,0,polyp,0.8462,0.7746,84.3,59.0,251.8,231.1,False
918,19,0,polyp,0.8874,0.8211,82.0,55.8,251.4,229.8,False
919,19,0,polyp,0.7974,0.8199,78.9,53.4,250.8,230.5,False
920,19,0,polyp,0.8993,0.8435,78.3,50.9,250.1,228.1,False
921,19,0,polyp,0.8935,0.8648,77.0,48.3,249.2,226.2,False
922,19,0,polyp,0.8387,0.8632,75.0,45.3,248.9,225.5,False
923,19,0,polyp,0.8271,0.8512,74.9,43.6,249.5,224.8,False
924,19,0,polyp,0.8399,0.8597,73.0,40.3,249.5,224.3,False
925,19,0,polyp,0.7127,0.8224,73.4,41.8,248.8,225.2,False
926,19,0,polyp,0.5528,0.7542,74.8,41.6,252.0,227.5,False
927,19,0,polyp,0.4422,0.6034,74.8,41.6,252.0,227.5,True
928,19,0,polyp,0.3538,0.4827,74.8,41.6,252.0,227.5,True
929,19,0,polyp,0.2830,0.3862,74.8,41.6,252.0,227.5,True
930,,,,,,,,,,False
931,,,,,,,,,,False
932,,,,,,,,,,False
933,20,0,polyp,0.9151,0.9151,137.5,50.6,308.9,228.2,False
934,20,0,polyp,0.7107,0.8129,138.2,52.4,309.4,230.0,False
935,20,0,polyp,0.9011,0.8423,141.6,55.0,310.2,229.9,False
936,20,0,polyp,0.8694,0.8491,145.2,58.2,309.7,228.7,False
937,20,0,polyp,0.7162,0.8225,143.7,60.4,307.9,230.1,False
938,20,0,polyp,0.8800,0.8155,140.1,62.0,305.7,232.4,False
939,20,0,polyp,0.8326,0.8399,135.8,64.9,300.0,233.0,False
940,20,0,polyp,0.6661,0.6719,135.8,64.9,300.0,233.0,True
941,20,0,polyp,0.8732,0.8343,129.3,71.5,289.2,233.1,False
942,20,0,polyp,0.9071,0.8418,125.5,73.7,285.6,233.4,False
943,20,0,polyp,0.7190,0.8424,122.1,75.3,283.4,234.3,False
944,20,0,polyp,0.8230,0.8310,118.2,76.6,281.1,234.9,False
945,20,0,polyp,0.6790,0.8003,113.2,77.9,277.3,235.0,False
946,20,0,polyp,0.5432,0.6402,113.2,77.9,277.3,235.0,True
947,20,0,polyp,0.7306,0.7718,107.4,81.4,271.3,235.2,False
948,20,0,polyp,0.7395,0.7382,104.3,82.9,269.8,234.8,False
949,20,0,polyp,0.5916,0.5906,104.3,82.9,269.8,234.8,True
950,20,0,polyp,0.7043,0.7353,99.7,82.2,269.9,235.1,False
951,20,0,polyp,0.6557,0.7018,98.4,83.1,271.0,235.2,False
952,20,0,polyp,0.5245,0.5615,98.4,83.1,271.0,235.2,True
953,20,0,polyp,0.5452,0.6750,94.5,84.0,270.2,235.4,False
954,20,0,polyp,0.7098,0.6709,94.7,87.6,269.2,235.0,False
955,20,0,polyp,0.5678,0.5367,94.7,87.6,269.2,235.0,True
956,20,0,polyp,0.4543,0.4294,94.7,87.6,269.2,235.0,True
957,20,0,polyp,0.0000,0.5230,91.8,91.9,261.7,235.4,False
958,20,0,polyp,0.0000,0.4184,91.8,91.9,261.7,235.4,True
959,20,0,polyp,0.0000,0.3821,89.9,94.8,256.7,235.7,False
960,23,0,polyp,0.6623,0.6623,42.1,4.5,332.1,240.0,False
960,20,0,polyp,0.0000,0.3057,89.9,94.8,256.7,235.7,True
961,20,0,polyp,0.0000,0.2446,89.9,94.8,256.7,235.7,True
961,23,0,polyp,0.5298,0.5298,42.1,4.5,332.1,240.0,True
962,23,0,polyp,0.6508,0.6565,42.8,4.3,332.9,239.7,False
962,20,0,polyp,0.0000,0.1956,89.9,94.8,256.7,235.7,True
963,23,0,polyp,0.5852,0.6327,42.3,5.0,331.2,239.5,False
964,23,0,polyp,0.5280,0.6065,44.8,5.0,334.4,239.8,False
965,23,0,polyp,0.5176,0.5888,41.8,3.6,333.0,239.8,False
966,23,0,polyp,0.4141,0.4710,41.8,3.6,333.0,239.8,True
967,23,0,polyp,0.3313,0.3768,41.8,3.6,333.0,239.8,True
968,23,0,polyp,0.2650,0.3014,41.8,3.6,333.0,239.8,True
969,,,,,,,,,,False
970,,,,,,,,,,False
971,,,,,,,,,,False
972,,,,,,,,,,False
973,,,,,,,,,,False
974,,,,,,,,,,False
975,25,0,polyp,0.6394,0.6394,120.2,107.6,312.3,235.1,False
976,25,0,polyp,0.5115,0.5115,120.2,107.6,312.3,235.1,True
977,25,0,polyp,0.8047,0.7220,112.6,96.5,320.9,234.9,False
978,25,0,polyp,0.7399,0.7280,107.2,91.6,321.4,234.7,False
979,25,0,polyp,0.6432,0.7068,108.8,88.8,325.7,234.2,False
980,25,0,polyp,0.7747,0.7204,99.7,85.1,318.1,233.4,False
981,25,0,polyp,0.7582,0.7441,103.0,81.9,323.8,232.9,False
982,25,0,polyp,0.6329,0.7098,106.0,79.9,327.3,232.1,False
983,25,0,polyp,0.6982,0.7014,108.0,80.2,329.2,233.3,False
984,25,0,polyp,0.6541,0.7036,110.4,82.1,328.7,234.2,False
985,25,0,polyp,0.6601,0.6807,112.7,82.9,328.4,234.0,False
986,25,0,polyp,0.5378,0.6366,106.1,77.3,329.2,234.6,False
987,25,0,polyp,0.7249,0.6550,98.7,71.4,330.3,235.7,False
988,25,0,polyp,0.6900,0.6534,90.7,68.7,322.2,235.3,False
989,25,0,polyp,0.6668,0.6559,88.2,68.8,317.7,235.1,False
990,25,0,polyp,0.5290,0.6297,86.9,70.0,316.0,235.4,False
991,25,0,polyp,0.4232,0.5037,86.9,70.0,316.0,235.4,True
992,25,0,polyp,0.5737,0.6369,67.6,67.2,302.9,237.0,False
993,25,0,polyp,0.5319,0.5983,62.9,64.1,301.6,235.9,False
994,25,0,polyp,0.5331,0.5669,48.0,62.5,286.0,236.7,False
995,25,0,polyp,0.5442,0.5424,46.0,62.7,283.3,237.1,False
996,25,0,polyp,0.5200,0.5406,37.5,64.6,270.4,237.5,False
997,25,0,polyp,0.4160,0.4325,37.5,64.6,270.4,237.5,True
998,25,0,polyp,0.0000,0.4258,26.2,61.8,263.4,237.9,False
999,25,0,polyp,0.0000,0.3195,20.6,60.4,259.9,238.1,False
999,26,0,polyp,0.6323,0.6323,34.7,3.0,331.6,237.1,False
1000,25,0,polyp,0.0000,0.2128,15.0,59.0,256.4,238.3,False
1000,26,0,polyp,0.7251,0.6787,32.6,1.9,331.6,237.7,False
1001,25,0,polyp,0.0000,0.1040,9.3,57.6,252.9,238.5,False
1001,26,0,polyp,0.7699,0.7091,34.7,1.5,335.7,238.8,False
1002,26,0,polyp,0.6015,0.6822,28.3,1.3,329.1,238.8,False
1002,25,0,polyp,0.0000,0.0832,9.3,57.6,252.9,238.5,True
1003,26,0,polyp,0.6581,0.6774,26.2,1.1,327.6,238.6,False
1003,25,0,polyp,0.0000,0.0666,9.3,57.6,252.9,238.5,True
1004,26,0,polyp,0.6456,0.6800,35.1,3.1,334.2,238.2,False
1004,25,0,polyp,0.0000,0.0532,9.3,57.6,252.9,238.5,True
1005,26,0,polyp,0.6503,0.6651,39.0,3.9,335.1,235.8,False
1006,26,0,polyp,0.5903,0.6291,38.6,4.2,334.5,235.0,False
1007,26,0,polyp,0.7261,0.6541,34.9,5.0,332.9,237.4,False
1007,28,0,polyp,0.5059,0.5059,24.5,61.0,257.8,236.3,False
1008,26,0,polyp,0.5585,0.6341,38.3,4.9,335.4,235.8,False
1008,28,0,polyp,0.5242,0.5150,24.8,59.9,258.9,236.1,False
1009,26,0,polyp,0.5623,0.6175,39.3,4.9,336.7,235.2,False
1009,28,0,polyp,0.5080,0.5127,25.2,59.6,259.0,236.1,False
1010,26,0,polyp,0.6844,0.6243,37.1,4.5,338.4,237.6,False
1010,28,0,polyp,0.0000,0.3845,24.9,59.1,259.3,236.1,False
1011,26,0,polyp,0.5378,0.6138,29.1,4.4,334.4,239.0,False
1011,28,0,polyp,0.5324,0.4141,22.0,57.2,260.7,238.1,False
1012,26,0,polyp,0.5371,0.5760,24.8,4.3,333.0,239.5,False
1012,28,0,polyp,0.5273,0.4184,21.8,56.8,260.6,238.5,False
1013,26,0,polyp,0.0000,0.4643,24.0,4.4,332.5,239.7,False
1013,28,0,polyp,0.7054,0.4546,22.8,58.6,258.5,238.7,False
1014,26,0,polyp,0.0000,0.3518,23.3,4.5,332.0,240.0,False
1014,28,0,polyp,0.7053,0.4941,22.9,59.0,257.3,238.9,False
1015,26,0,polyp,0.6529,0.3456,26.9,2.2,340.7,240.0,False
1015,28,0,polyp,0.0000,0.4941,22.3,58.8,257.4,239.3,False
1016,26,0,polyp,0.6841,0.3748,32.7,3.1,345.5,239.8,False
1016,28,0,polyp,0.5506,0.4977,27.7,67.2,249.1,237.2,False
1017,26,0,polyp,0.6446,0.3963,34.0,3.0,346.6,239.4,False
1017,28,0,polyp,0.6275,0.5178,28.9,69.0,247.2,236.8,False
1018,26,0,polyp,0.0000,0.3963,34.6,2.9,347.4,239.5,False
1018,28,0,polyp,0.7105,0.5188,30.6,71.4,245.7,236.8,False
1019,26,0,polyp,0.6466,0.5256,35.4,3.0,347.9,239.4,False
1019,28,0,polyp,0.7359,0.5249,32.2,73.0,246.0,237.1,False
1020,26,0,polyp,0.5887,0.5128,35.1,3.1,346.5,238.7,False
1020,28,0,polyp,0.7453,0.6740,32.3,73.3,245.8,236.9,False
1021,26,0,polyp,0.5865,0.4933,21.5,3.0,336.6,238.7,False
1021,28,0,polyp,0.0000,0.5639,32.9,74.4,244.9,236.9,False
1022,26,0,polyp,0.7350,0.5114,16.6,3.7,333.7,239.6,False
1022,28,0,polyp,0.0000,0.4384,33.5,75.6,244.0,236.9,False
1023,26,0,polyp,0.5880,0.4091,16.6,3.7,333.7,239.6,True
1023,28,0,polyp,0.0000,0.3507,33.5,75.6,244.0,236.9,True
1024,26,0,polyp,0.5036,0.6121,13.5,3.8,332.8,240.0,False
1024,28,0,polyp,0.0000,0.2963,34.7,77.9,242.3,236.9,False
1025,26,0,polyp,0.0000,0.4828,12.3,3.9,331.7,240.1,False
1025,28,0,polyp,0.7639,0.3019,31.1,104.6,201.7,237.0,False
1026,26,0,polyp,0.0000,0.3650,11.1,3.9,330.6,240.2,False
1026,28,0,polyp,0.6808,0.2889,31.2,105.8,199.0,237.3,False
1027,26,0,polyp,0.0000,0.2477,9.9,4.0,329.5,240.3,False
1027,28,0,polyp,0.6431,0.4176,30.7,106.4,196.9,237.7,False
1028,26,0,polyp,0.5689,0.2145,23.0,4.5,338.7,240.0,False
1028,28,0,polyp,0.6187,0.5413,33.0,106.1,198.4,237.3,False
1029,26,0,polyp,0.5267,0.2191,26.2,4.3,340.4,240.0,False
1029,28,0,polyp,0.5560,0.6525,32.7,105.1,198.4,237.4,False
1030,26,0,polyp,0.5030,0.3197,21.0,2.4,336.8,240.0,False
1030,28,0,polyp,0.6125,0.6222,31.0,104.1,196.3,237.4,False
1031,26,0,polyp,0.7301,0.4657,22.8,3.3,334.8,239.9,False
1031,28,0,polyp,0.0000,0.4861,30.6,105.7,194.0,237.4,False
1032,26,0,polyp,0.6937,0.6045,21.5,4.1,330.2,240.0,False
1032,28,0,polyp,0.5449,0.4664,30.2,103.4,194.9,237.5,False
1033,26,0,polyp,0.5149,0.5937,24.2,4.2,333.9,240.0,False
1033,28,0,polyp,0.6853,0.4798,29.1,102.0,193.9,237.7,False
1034,26,0,polyp,0.7940,0.6471,28.4,4.2,337.2,240.0,False
1034,28,0,polyp,0.0000,0.3686,28.5,102.9,192.3,237.8,False
1035,26,0,polyp,0.7979,0.7061,27.0,4.1,335.5,239.5,False
1035,28,0,polyp,0.0000,0.2460,27.8,103.7,190.6,237.8,False
1036,26,0,polyp,0.7998,0.7201,29.4,3.2,335.5,236.4,False
1036,28,0,polyp,0.0000,0.2460,27.1,104.6,189.0,237.9,False
1037,26,0,polyp,0.8108,0.7435,33.6,4.0,339.5,237.2,False
1037,28,0,polyp,0.0000,0.1371,26.4,105.4,187.3,238.0,False
1038,26,0,polyp,0.7468,0.7899,34.8,3.0,339.6,235.4,False
1038,28,0,polyp,0.0000,0.0000,25.8,106.3,185.7,238.0,False
1039,26,0,polyp,0.7609,0.7832,35.1,2.9,340.3,235.0,False
1039,28,0,polyp,0.0000,0.0000,25.8,106.3,185.7,238.0,True
1040,26,0,polyp,0.8537,0.7944,35.6,3.7,340.6,235.5,False
1040,28,0,polyp,0.0000,0.0000,25.8,106.3,185.7,238.0,True
1041,26,0,polyp,0.6852,0.7715,35.6,3.5,341.9,236.4,False
1041,28,0,polyp,0.0000,0.0000,25.8,106.3,185.7,238.0,True
1042,26,0,polyp,0.6262,0.7346,36.4,3.6,342.5,236.1,False
1042,30,0,polyp,0.5292,0.5292,33.7,66.7,237.5,237.4,False
1043,26,0,polyp,0.0000,0.5852,37.1,3.6,343.0,235.9,False
1043,30,0,polyp,0.6001,0.5647,33.5,66.4,235.9,235.7,False
1044,26,0,polyp,0.0000,0.4330,37.9,3.6,343.5,235.8,False
1044,30,0,polyp,0.6068,0.5787,34.6,68.1,237.6,237.9,False
1045,26,0,polyp,0.6082,0.3839,37.2,4.0,344.2,236.2,False
1045,30,0,polyp,0.6327,0.5922,34.4,69.0,237.1,238.5,False
1046,26,0,polyp,0.6011,0.3671,36.5,3.2,347.5,238.3,False
1046,30,0,polyp,0.0000,0.4738,34.7,69.6,237.1,238.9,False
1047,26,0,polyp,0.7295,0.3878,34.7,2.9,345.4,238.0,False
1047,30,0,polyp,0.0000,0.3679,35.0,70.2,237.2,239.3,False
1048,26,0,polyp,0.6715,0.5221,29.4,3.2,339.1,236.4,False
1048,30,0,polyp,0.0000,0.2479,35.3,70.7,237.3,239.7,False
1049,26,0,polyp,0.7158,0.6652,32.6,2.5,340.9,234.9,False
1049,30,0,polyp,0.5150,0.2296,38.8,79.6,226.0,235.1,False
1050,26,0,polyp,0.6557,0.6747,33.5,2.6,341.1,234.3,False
1050,30,0,polyp,0.5662,0.2162,33.8,78.9,221.3,235.0,False
1051,26,0,polyp,0.0000,0.5545,33.8,2.5,341.0,234.0,False
1051,30,0,polyp,0.5942,0.3351,32.1,78.7,219.3,235.2,False
1052,26,0,polyp,0.0000,0.4086,34.0,2.4,340.9,233.7,False
1052,30,0,polyp,0.6387,0.4628,32.2,77.8,219.8,235.0,False
1053,26,0,polyp,0.0000,0.2743,34.2,2.3,340.8,233.4,False
1053,30,0,polyp,0.7185,0.6065,30.9,75.8,220.4,235.4,False
1054,26,0,polyp,0.0000,0.1311,34.4,2.2,340.8,233.1,False
1054,30,0,polyp,0.6936,0.6423,30.5,73.4,222.2,235.5,False
1055,26,0,polyp,0.0000,0.0000,34.6,2.1,340.7,232.8,False
1055,30,0,polyp,0.7352,0.6761,29.5,71.3,222.3,234.7,False
1056,30,0,polyp,0.6809,0.6934,32.4,67.8,229.5,234.6,False
1056,26,0,polyp,0.0000,0.0000,34.6,2.1,340.7,232.8,True
1057,30,0,polyp,0.6558,0.6968,28.7,64.6,228.4,234.4,False
1057,26,0,polyp,0.0000,0.0000,34.6,2.1,340.7,232.8,True
1058,30,0,polyp,0.6804,0.6892,31.7,64.6,232.0,234.7,False
1058,26,0,polyp,0.0000,0.0000,34.6,2.1,340.7,232.8,True
1059,30,0,polyp,0.5692,0.6643,32.4,64.6,233.2,235.2,False
1060,30,0,polyp,0.6116,0.6396,30.3,64.4,229.3,234.3,False
1061,30,0,polyp,0.7235,0.6481,31.2,65.0,228.2,233.2,False
1062,30,0,polyp,0.6793,0.6528,30.5,65.1,227.3,233.3,False
1063,30,0,polyp,0.6329,0.6433,30.0,63.6,228.1,233.3,False
1064,30,0,polyp,0.6805,0.6656,32.9,63.7,231.3,233.4,False
1065,30,0,polyp,0.6731,0.6779,34.5,63.6,236.9,235.5,False
1066,30,0,polyp,0.6614,0.6655,39.9,67.3,237.5,233.7,False
1067,30,0,polyp,0.6442,0.6584,48.6,69.4,245.6,233.4,False
1068,30,0,polyp,0.5154,0.5268,48.6,69.4,245.6,233.4,True
1069,30,0,polyp,0.4123,0.4214,48.6,69.4,245.6,233.4,True
1070,30,0,polyp,0.8472,0.7013,95.0,76.7,286.5,233.8,False
1071,30,0,polyp,0.8005,0.7253,100.8,76.6,294.4,233.9,False
1072,30,0,polyp,0.8319,0.7571,102.0,76.1,298.2,234.3,False
1073,30,0,polyp,0.7988,0.7845,101.8,75.8,300.5,234.9,False
1074,30,0,polyp,0.8176,0.8192,101.9,75.7,301.5,234.7,False
1075,30,0,polyp,0.7779,0.8053,102.8,76.6,302.4,234.9,False
1076,30,0,polyp,0.7673,0.7987,102.7,76.8,302.9,235.0,False
1077,30,0,polyp,0.7607,0.7845,102.0,76.7,302.7,234.9,False
1078,30,0,polyp,0.7470,0.7741,100.9,76.5,302.5,235.1,False
1079,30,0,polyp,0.7566,0.7619,101.1,75.8,303.8,235.1,False
1080,30,0,polyp,0.7801,0.7623,101.4,75.3,304.0,234.3,False
1081,30,0,polyp,0.7069,0.7502,101.7,75.2,304.2,233.9,False
1082,30,0,polyp,0.7354,0.7452,101.2,75.1,303.3,233.5,False
1083,30,0,polyp,0.7471,0.7452,100.8,75.1,302.3,233.1,False
1084,30,0,polyp,0.7397,0.7418,101.8,75.2,304.4,233.7,False
1085,30,0,polyp,0.7762,0.7411,100.7,76.3,301.9,234.2,False
1086,30,0,polyp,0.6540,0.7305,101.1,73.5,307.9,235.1,False
1087,30,0,polyp,0.5232,0.5844,101.1,73.5,307.9,235.1,True
1088,30,0,polyp,0.7317,0.7297,86.6,56.7,317.3,237.9,False
1089,30,0,polyp,0.8384,0.7480,81.3,50.0,318.3,236.7,False
1090,30,0,polyp,0.7709,0.7542,80.8,47.5,318.5,234.9,False
1091,30,0,polyp,0.7455,0.7481,79.7,47.5,318.7,235.8,False
1092,30,0,polyp,0.7842,0.7741,78.3,47.7,315.9,234.5,False
1093,30,0,polyp,0.5556,0.7389,78.0,47.8,317.1,235.4,False
1094,30,0,polyp,0.6538,0.7020,76.7,48.0,314.9,234.6,False
1095,30,0,polyp,0.6207,0.6720,74.7,47.3,315.2,235.5,False
1096,30,0,polyp,0.5361,0.6301,76.2,46.3,317.8,235.4,False
1097,30,0,polyp,0.7067,0.6146,75.8,44.9,316.7,233.8,False
1098,30,0,polyp,0.6544,0.6344,76.2,44.1,317.4,233.6,False
1099,30,0,polyp,0.6476,0.6331,76.8,44.5,316.2,232.6,False
1100,30,0,polyp,0.6279,0.6345,77.3,45.0,313.2,229.2,False
1101,30,0,polyp,0.5023,0.5076,77.3,45.0,313.2,229.2,True
1102,30,0,polyp,0.4019,0.4061,77.3,45.0,313.2,229.2,True
1103,30,0,polyp,0.3215,0.3249,77.3,45.0,313.2,229.2,True
1104,,,,,,,,,,False
1105,30,0,polyp,0.5267,0.6327,50.2,30.9,307.6,233.7,False
1106,30,0,polyp,0.5300,0.5973,45.5,25.6,310.4,235.5,False
1107,30,0,polyp,0.7739,0.6212,43.0,22.4,309.8,233.3,False
1108,30,0,polyp,0.6191,0.4970,43.0,22.4,309.8,233.3,True
1109,30,0,polyp,0.6841,0.6285,39.1,15.8,318.2,236.9,False
1110,30,0,polyp,0.5473,0.5028,39.1,15.8,318.2,236.9,True
1111,30,0,polyp,0.4379,0.4023,39.1,15.8,318.2,236.9,True
1112,30,0,polyp,0.3503,0.3218,39.1,15.8,318.2,236.9,True
1113,,,,,,,,,,False
1114,30,0,polyp,0.0000,0.5029,25.2,3.7,321.9,238.6,False
1115,35,0,polyp,0.7939,0.7939,127.3,100.5,291.2,235.8,False
1115,30,0,polyp,0.0000,0.4024,25.2,3.7,321.9,238.6,True
1116,35,0,polyp,0.7753,0.7846,112.7,73.5,308.4,236.0,False
1116,30,0,polyp,0.0000,0.3219,25.2,3.7,321.9,238.6,True
1117,35,0,polyp,0.7837,0.7843,112.6,68.7,312.9,235.7,False
1117,30,0,polyp,0.0000,0.2575,25.2,3.7,321.9,238.6,True
1118,35,0,polyp,0.9001,0.8133,116.5,69.7,313.3,234.5,False
1119,35,0,polyp,0.8477,0.8202,115.2,68.6,312.1,234.6,False
1120,35,0,polyp,0.8181,0.8250,115.5,70.6,308.6,234.1,False
1121,35,0,polyp,0.8664,0.8432,117.5,74.4,304.7,233.6,False
1122,35,0,polyp,0.8381,0.8541,117.1,75.7,304.2,235.5,False
1123,35,0,polyp,0.8020,0.8345,117.2,75.9,302.5,234.7,False
1124,35,0,polyp,0.8514,0.8352,117.2,77.4,300.8,235.0,False
1125,35,0,polyp,0.8567,0.8429,115.5,77.2,299.8,235.5,False
1126,35,0,polyp,0.7784,0.8253,113.9,74.9,300.4,235.6,False
1127,35,0,polyp,0.8239,0.8225,113.4,74.2,300.4,235.6,False
1128,35,0,polyp,0.8172,0.8255,112.7,73.6,300.2,235.9,False
1129,35,0,polyp,0.7651,0.8083,112.3,73.0,298.3,234.6,False
1130,35,0,polyp,0.8268,0.8023,110.3,71.9,299.3,236.9,False
1131,35,0,polyp,0.8170,0.8100,110.3,71.2,299.2,236.9,False
1132,35,0,polyp,0.7084,0.7869,110.7,70.9,298.3,236.1,False
1133,35,0,polyp,0.8283,0.7891,111.6,71.3,299.6,237.3,False
1134,35,0,polyp,0.8726,0.8106,112.8,71.5,299.8,236.9,False
1135,35,0,polyp,0.7886,0.8030,113.2,71.6,300.0,237.0,False
1136,35,0,polyp,0.8202,0.8036,113.1,71.6,300.4,237.8,False
1137,35,0,polyp,0.7769,0.8173,112.9,71.6,300.4,238.0,False
1138,35,0,polyp,0.6785,0.7874,113.8,72.7,299.4,237.3,False
1139,35,0,polyp,0.7918,0.7712,114.8,74.2,298.0,236.5,False
1140,35,0,polyp,0.8139,0.7763,114.5,74.7,296.9,236.1,False
1141,35,0,polyp,0.6131,0.7348,113.8,74.0,296.7,235.8,False
1142,35,0,polyp,0.8220,0.7438,113.9,74.1,296.8,235.8,False
1143,35,0,polyp,0.8385,0.7758,113.0,73.5,296.7,235.6,False
1144,35,0,polyp,0.7081,0.7591,114.4,74.0,298.1,236.1,False
1145,35,0,polyp,0.8473,0.7658,115.1,72.2,300.6,235.7,False
1146,35,0,polyp,0.8421,0.8116,113.9,70.5,302.7,236.8,False
1147,35,0,polyp,0.6461,0.7764,110.2,65.9,302.2,235.2,False
1148,35,0,polyp,0.7918,0.7671,107.0,63.0,302.7,236.0,False
1149,35,0,polyp,0.8271,0.7909,107.9,63.6,303.6,237.2,False
1150,35,0,polyp,0.7633,0.7741,106.9,61.4,303.6,236.8,False
1151,35,0,polyp,0.7546,0.7566,108.5,62.9,301.9,235.4,False
1152,35,0,polyp,0.8915,0.8056,112.4,66.0,303.6,236.7,False
1153,35,0,polyp,0.8660,0.8205,117.3,70.2,304.7,237.3,False
1154,35,0,polyp,0.8278,0.8206,120.1,71.9,305.8,236.7,False
1155,35,0,polyp,0.7326,0.8145,121.1,72.6,307.9,237.7,False
1156,35,0,polyp,0.8052,0.8246,123.0,74.3,307.7,236.3,False
1157,35,0,polyp,0.8075,0.8078,126.0,78.2,307.7,236.3,False
1158,35,0,polyp,0.7646,0.7876,127.3,80.6,307.4,236.1,False
1159,35,0,polyp,0.8421,0.7904,126.6,78.4,309.7,235.6,False
1160,35,0,polyp,0.7578,0.7954,125.2,76.4,312.1,235.8,False
1161,35,0,polyp,0.8138,0.7972,124.4,74.9,314.0,235.9,False
1162,35,0,polyp,0.7536,0.7864,124.8,75.6,314.6,236.0,False
1163,35,0,polyp,0.7734,0.7882,124.7,77.5,314.0,236.6,False
1164,35,0,polyp,0.7758,0.7749,124.6,79.7,311.3,235.9,False
1165,35,0,polyp,0.6959,0.7625,123.6,79.5,310.8,235.8,False
1166,35,0,polyp,0.7883,0.7574,123.6,81.4,308.8,235.5,False
1167,35,0,polyp,0.7430,0.7553,124.2,83.7,308.0,235.9,False
1168,35,0,polyp,0.8249,0.7656,125.5,85.9,307.4,235.7,False
1169,35,0,polyp,0.8272,0.7759,126.7,88.0,306.8,235.5,False
1170,35,0,polyp,0.7592,0.7885,125.1,86.8,307.7,235.9,False
1171,35,0,polyp,0.7635,0.7836,124.6,85.6,308.8,235.7,False
1172,35,0,polyp,0.7772,0.7904,123.9,83.4,311.3,235.9,False
1173,35,0,polyp,0.7531,0.7760,123.0,81.3,312.8,235.6,False
1174,35,0,polyp,0.8853,0.7877,121.3,76.6,316.7,235.8,False
1175,35,0,polyp,0.7317,0.7822,119.7,72.7,319.8,235.9,False
1176,35,0,polyp,0.6752,0.7645,111.5,58.5,328.1,236.6,False
1177,35,0,polyp,0.7302,0.7551,100.4,37.5,339.5,237.3,False
1178,35,0,polyp,0.8150,0.7675,92.5,18.5,347.4,236.1,False
1179,35,0,polyp,0.8569,0.7618,92.2,8.5,349.9,232.9,False
1180,35,0,polyp,0.6181,0.7391,93.6,4.6,348.9,231.0,False
1181,35,0,polyp,0.6878,0.7416,96.3,3.7,348.4,231.1,False
1182,35,0,polyp,0.6491,0.7254,98.6,2.9,345.3,228.4,False
1183,35,0,polyp,0.6623,0.6948,101.4,3.7,340.5,224.4,False
1184,35,0,polyp,0.7606,0.6756,103.4,4.0,337.5,222.1,False
1185,35,0,polyp,0.8147,0.7149,104.0,3.1,337.7,222.8,False
1186,35,0,polyp,0.8046,0.7383,103.9,2.1,338.6,225.0,False
1187,35,0,polyp,0.9007,0.7886,104.6,2.1,338.2,226.1,False
1188,35,0,polyp,0.8585,0.8278,105.4,2.0,337.6,226.4,False
1189,35,0,polyp,0.8827,0.8522,104.9,3.1,335.0,227.2,False
1190,35,0,polyp,0.9196,0.8732,106.7,4.2,334.2,226.8,False
1191,35,0,polyp,0.9112,0.8945,106.9,5.0,332.4,226.7,False
1192,35,0,polyp,0.8833,0.8911,106.5,5.9,331.0,227.7,False
1193,35,0,polyp,0.9347,0.9063,106.8,4.9,331.6,228.1,False
1194,35,0,polyp,0.9288,0.9155,106.8,4.4,332.3,229.4,False
1195,35,0,polyp,0.8972,0.9110,106.6,5.9,331.1,230.9,False
1196,35,0,polyp,0.8865,0.9061,106.1,6.5,329.7,231.6,False
1197,35,0,polyp,0.8836,0.9061,106.2,6.4,328.8,231.7,False
1198,35,0,polyp,0.8891,0.8970,106.9,5.6,330.4,232.7,False
1199,35,0,polyp,0.9026,0.8918,105.2,5.9,328.4,234.3,False
1200,35,0,polyp,0.8993,0.8922,106.1,6.4,327.2,233.9,False
1201,35,0,polyp,0.7863,0.8722,106.5,7.0,325.1,233.7,False
1202,35,0,polyp,0.9126,0.8780,107.0,7.5,323.0,233.2,False
1203,35,0,polyp,0.8627,0.8727,108.3,8.5,321.9,232.8,False
1204,35,0,polyp,0.8422,0.8606,108.4,8.1,321.3,233.2,False
1205,35,0,polyp,0.9086,0.8625,108.9,8.5,321.8,235.0,False
1206,35,0,polyp,0.9142,0.8881,108.7,9.2,322.1,236.8,False
1207,35,0,polyp,0.8167,0.8689,107.6,8.2,321.6,237.2,False
1208,35,0,polyp,0.8919,0.8747,107.5,8.1,321.6,237.4,False
1209,35,0,polyp,0.9281,0.8919,107.0,7.6,318.9,235.2,False
1210,35,0,polyp,0.8991,0.8900,106.8,6.7,318.4,235.1,False
1211,35,0,polyp,0.8098,0.8691,108.4,4.9,321.0,234.6,False
1212,35,0,polyp,0.8426,0.8743,111.0,4.9,322.2,233.6,False
1213,35,0,polyp,0.8484,0.8656,113.8,5.2,324.3,233.3,False
1214,35,0,polyp,0.8593,0.8518,115.0,6.3,324.8,233.3,False
1215,35,0,polyp,0.8882,0.8497,113.6,5.1,323.1,231.9,False
1216,35,0,polyp,0.8958,0.8669,114.3,6.6,321.6,230.4,False
1217,35,0,polyp,0.9107,0.8805,112.2,5.5,322.8,233.4,False
1218,35,0,polyp,0.9061,0.8920,111.1,5.5,322.7,234.6,False
1219,35,0,polyp,0.8132,0.8828,109.6,5.5,322.2,235.1,False
1220,35,0,polyp,0.8758,0.8803,109.1,6.7,319.9,233.8,False
1221,35,0,polyp,0.8815,0.8775,108.5,8.5,318.4,234.2,False
1222,35,0,polyp,0.8576,0.8668,109.7,7.4,320.3,233.1,False
1223,35,0,polyp,0.9087,0.8674,107.5,5.7,320.7,234.4,False
1224,35,0,polyp,0.9083,0.8864,107.8,4.7,321.0,234.0,False
1225,35,0,polyp,0.8438,0.8800,109.5,6.0,321.6,234.2,False
1226,35,0,polyp,0.9342,0.8905,108.5,4.9,321.6,234.8,False
1227,35,0,polyp,0.8983,0.8987,109.6,4.9,322.0,234.2,False
1228,35,0,polyp,0.8515,0.8872,110.4,5.6,322.7,234.9,False
1229,35,0,polyp,0.8670,0.8790,107.9,5.4,322.1,237.8,False
1230,35,0,polyp,0.8246,0.8751,105.3,7.0,319.0,239.4,False
1231,35,0,polyp,0.8262,0.8535,107.7,7.4,318.6,235.9,False
1232,35,0,polyp,0.8956,0.8530,105.5,6.0,317.9,236.6,False
1233,35,0,polyp,0.9071,0.8641,106.8,4.9,318.5,235.1,False
1234,35,0,polyp,0.7721,0.8451,110.0,5.7,320.7,234.5,False
1235,35,0,polyp,0.9123,0.8626,109.0,5.0,320.8,235.4,False
1236,35,0,polyp,0.8835,0.8741,110.2,4.9,322.4,235.7,False
1237,35,0,polyp,0.8222,0.8594,113.6,5.8,324.6,234.4,False
1238,35,0,polyp,0.8630,0.8506,113.7,5.9,325.4,234.8,False
1239,35,0,polyp,0.8526,0.8667,109.9,5.3,323.5,237.0,False
1240,35,0,polyp,0.8511,0.8545,107.9,5.2,323.2,238.8,False
1241,35,0,polyp,0.8726,0.8523,105.8,4.1,322.1,239.0,False
1242,35,0,polyp,0.9021,0.8683,105.8,4.3,319.6,236.4,False
1243,35,0,polyp,0.8680,0.8693,106.6,4.5,319.1,235.1,False
1244,35,0,polyp,0.9157,0.8819,106.3,3.9,318.7,234.7,False
1245,35,0,polyp,0.8199,0.8757,106.6,4.0,318.8,235.2,False
1246,35,0,polyp,0.7916,0.8595,109.6,4.3,321.0,234.5,False
1247,35,0,polyp,0.9082,0.8607,110.8,3.9,321.4,233.0,False
1248,35,0,polyp,0.8986,0.8668,111.9,4.4,321.8,232.5,False
1249,35,0,polyp,0.8205,0.8478,113.2,4.5,323.4,232.4,False
1250,35,0,polyp,0.8600,0.8558,113.2,4.3,323.6,232.0,False
1251,35,0,polyp,0.8174,0.8609,112.5,5.1,322.5,232.1,False
1252,35,0,polyp,0.7240,0.8241,110.5,4.7,322.7,234.2,False
1253,35,0,polyp,0.8755,0.8195,108.3,4.9,319.8,233.7,False
1254,35,0,polyp,0.8431,0.8240,107.0,3.8,318.8,233.3,False
1255,35,0,polyp,0.8564,0.8233,107.9,4.7,319.0,233.5,False
1256,35,0,polyp,0.8329,0.8264,108.4,4.4,319.9,233.9,False
1257,35,0,polyp,0.8846,0.8585,110.1,4.2,321.7,234.0,False
1258,35,0,polyp,0.8035,0.8441,111.9,4.6,323.3,234.1,False
1259,35,0,polyp,0.8797,0.8514,113.1,4.5,324.4,234.2,False
1260,35,0,polyp,0.8877,0.8577,113.3,5.0,323.8,234.5,False
1261,35,0,polyp,0.8380,0.8587,114.7,5.3,325.3,235.3,False
1262,35,0,polyp,0.9034,0.8625,115.1,5.6,326.5,236.8,False
1263,35,0,polyp,0.8841,0.8786,115.7,5.3,327.7,237.5,False
1264,35,0,polyp,0.7586,0.8544,115.5,5.2,326.8,236.7,False
1265,35,0,polyp,0.8632,0.8495,115.0,5.2,326.6,237.2,False
1266,35,0,polyp,0.7992,0.8417,115.1,5.4,326.5,237.7,False
1267,35,0,polyp,0.7813,0.8173,116.1,5.1,327.2,237.8,False
1268,35,0,polyp,0.8669,0.8138,117.2,4.9,327.3,237.6,False
1269,35,0,polyp,0.8363,0.8294,117.5,4.6,328.2,239.2,False
1270,35,0,polyp,0.7632,0.8094,117.9,4.3,328.3,239.9,False
1271,35,0,polyp,0.8059,0.8107,119.3,4.0,327.8,238.3,False
1272,35,0,polyp,0.8903,0.8325,119.6,4.1,326.8,237.7,False
1273,35,0,polyp,0.8301,0.8252,120.1,4.6,327.2,238.9,False
1274,35,0,polyp,0.8683,0.8316,120.9,5.1,327.6,239.7,False
1275,35,0,polyp,0.8347,0.8459,121.6,5.1,327.3,239.3,False
1276,35,0,polyp,0.7407,0.8328,123.7,5.5,326.9,237.7,False
1277,35,0,polyp,0.8286,0.8205,124.7,5.3,327.2,237.7,False
1278,35,0,polyp,0.8501,0.8245,126.7,5.4,327.9,237.1,False
1279,35,0,polyp,0.7565,0.8021,129.9,5.7,328.3,235.1,False
1280,35,0,polyp,0.7142,0.7780,131.0,4.7,329.4,235.9,False
1281,35,0,polyp,0.7228,0.7744,132.8,5.0,330.4,237.2,False
1282,35,0,polyp,0.7644,0.7616,136.0,4.7,331.4,236.6,False
1283,35,0,polyp,0.8483,0.7612,138.2,4.7,332.0,237.0,False
1284,35,0,polyp,0.8108,0.7721,137.6,4.7,329.2,236.2,False
1285,35,0,polyp,0.7341,0.7761,137.5,5.4,325.7,234.2,False
1286,35,0,polyp,0.6978,0.7711,136.6,5.9,323.5,234.0,False
1287,35,0,polyp,0.8366,0.7855,134.9,5.4,321.5,233.9,False
1288,35,0,polyp,0.7664,0.7691,133.6,5.2,318.1,232.9,False
1289,35,0,polyp,0.7473,0.7564,134.3,5.1,318.2,233.6,False
1290,35,0,polyp,0.8699,0.7836,137.7,4.9,320.2,232.5,False
1291,35,0,polyp,0.7981,0.8037,139.9,5.0,321.4,231.7,False
1292,35,0,polyp,0.7570,0.7878,140.6,5.3,322.0,232.4,False
1293,35,0,polyp,0.8002,0.7945,141.5,5.4,322.7,232.8,False
1294,35,0,polyp,0.7483,0.7947,141.4,6.1,320.7,231.6,False
1295,35,0,polyp,0.8394,0.7886,141.8,5.8,321.4,231.9,False
1296,35,0,polyp,0.7945,0.7879,142.6,6.0,321.9,231.5,False
1297,35,0,polyp,0.7400,0.7845,139.7,5.7,322.3,235.2,False
1298,35,0,polyp,0.7736,0.7792,137.5,5.2,321.5,235.3,False
1299,35,0,polyp,0.7064,0.7708,132.5,7.1,318.0,236.9,False
1300,35,0,polyp,0.6836,0.7396,127.8,8.1,315.9,239.1,False
1301,35,0,polyp,0.8598,0.7527,123.4,6.8,313.7,238.5,False
1302,35,0,polyp,0.7919,0.7631,119.8,5.2,313.1,237.6,False
1303,35,0,polyp,0.7163,0.7516,117.6,4.4,312.3,235.2,False
1304,35,0,polyp,0.7992,0.7702,116.4,4.7,313.8,235.4,False
1305,35,0,polyp,0.6103,0.7555,114.0,5.4,314.1,236.2,False
1306,35,0,polyp,0.6675,0.7171,112.0,6.1,312.4,233.8,False
1307,35,0,polyp,0.8720,0.7331,109.7,5.2,312.4,231.4,False
1308,35,0,polyp,0.8326,0.7563,107.6,5.3,314.5,232.9,False
1309,35,0,polyp,0.8525,0.7670,108.5,6.3,318.1,233.6,False
1310,35,0,polyp,0.8356,0.8120,106.6,7.1,317.9,233.3,False
1311,35,0,polyp,0.8248,0.8435,103.1,6.5,317.3,235.0,False
1312,35,0,polyp,0.7845,0.8260,104.0,5.0,321.8,236.5,False
1313,35,0,polyp,0.8768,0.8348,104.2,5.0,323.0,237.5,False
1314,35,0,polyp,0.9035,0.8450,104.4,4.9,324.2,238.6,False
1315,35,0,polyp,0.8652,0.8510,106.1,4.9,326.1,239.0,False
1316,35,0,polyp,0.8523,0.8565,111.1,4.5,329.2,236.3,False
1317,35,0,polyp,0.8395,0.8675,112.1,4.9,329.3,236.9,False
1318,35,0,polyp,0.8430,0.8607,113.0,4.0,330.2,237.2,False
1319,35,0,polyp,0.8367,0.8473,114.0,3.7,330.2,236.9,False
1320,35,0,polyp,0.8149,0.8373,117.7,4.4,331.0,235.8,False
1321,35,0,polyp,0.6519,0.6698,117.7,4.4,331.0,235.8,True
1322,35,0,polyp,0.5216,0.5359,117.7,4.4,331.0,235.8,True
1323,35,0,polyp,0.4172,0.4287,117.7,4.4,331.0,235.8,True
1324,,,,,,,,,,False
1325,,,,,,,,,,False
1326,,,,,,,,,,False
1327,,,,,,,,,,False
1328,,,,,,,,,,False
1329,,,,,,,,,,False
1330,,,,,,,,,,False
1331,,,,,,,,,,False
1332,36,0,polyp,0.6179,0.6179,32.9,2.9,318.3,224.4,False
1333,36,0,polyp,0.5911,0.6045,20.5,3.3,316.0,231.8,False
1334,36,0,polyp,0.5005,0.5698,70.4,4.0,362.6,233.2,False
1335,36,0,polyp,0.4004,0.4559,70.4,4.0,362.6,233.2,True
1336,36,0,polyp,0.3203,0.3647,70.4,4.0,362.6,233.2,True
1337,36,0,polyp,0.0000,0.4274,113.0,5.4,407.9,236.7,False
1338,36,0,polyp,0.0000,0.3419,127.3,5.8,423.1,237.9,False
1338,37,0,polyp,0.5316,0.5316,131.6,4.2,319.8,231.4,False
1339,36,0,polyp,0.0000,0.2183,141.5,6.3,438.2,239.1,False
1339,37,0,polyp,0.6256,0.5786,133.3,4.4,321.3,231.3,False
1340,37,0,polyp,0.7507,0.6360,133.8,4.4,321.9,231.4,False
1340,36,0,polyp,0.0000,0.1747,141.5,6.3,438.2,239.1,True
1341,37,0,polyp,0.5931,0.6252,133.8,4.3,320.9,230.0,False
1341,36,0,polyp,0.0000,0.1397,141.5,6.3,438.2,239.1,True
1342,37,0,polyp,0.6857,0.6373,133.0,4.6,319.6,229.3,False
1342,36,0,polyp,0.0000,0.1118,141.5,6.3,438.2,239.1,True
1343,37,0,polyp,0.5964,0.6503,129.7,4.5,318.5,231.0,False
1344,37,0,polyp,0.6882,0.6628,127.7,5.5,318.9,234.0,False
1345,37,0,polyp,0.6988,0.6524,125.9,5.2,320.9,237.2,False
1346,37,0,polyp,0.7889,0.6916,124.3,4.9,321.6,237.6,False
1347,37,0,polyp,0.7968,0.7138,121.9,4.8,321.2,237.5,False
1348,37,0,polyp,0.6981,0.7342,118.7,3.8,320.0,236.5,False
1349,37,0,polyp,0.8097,0.7585,117.4,4.1,320.6,236.2,False
1350,37,0,polyp,0.7512,0.7690,114.7,4.0,321.5,237.8,False
1351,37,0,polyp,0.5707,0.7253,112.2,3.5,323.1,239.5,False
1352,37,0,polyp,0.4565,0.5802,112.2,3.5,323.1,239.5,True
1353,37,0,polyp,0.3652,0.4642,112.2,3.5,323.1,239.5,True
1354,37,0,polyp,0.2922,0.3714,112.2,3.5,323.1,239.5,True
1355,,,,,,,,,,False
1356,,,,,,,,,,False
1357,,,,,,,,,,False
1358,,,,,,,,,,False
1359,,,,,,,,,,False
1360,,,,,,,,,,False
1361,,,,,,,,,,False
1362,,,,,,,,,,False
1363,,,,,,,,,,False
1364,,,,,,,,,,False
1365,,,,,,,,,,False
1366,,,,,,,,,,False
1367,,,,,,,,,,False
1368,,,,,,,,,,False
1369,,,,,,,,,,False
1370,,,,,,,,,,False
1371,,,,,,,,,,False
1372,,,,,,,,,,False
1373,,,,,,,,,,False
1374,,,,,,,,,,False
1375,,,,,,,,,,False
1376,,,,,,,,,,False
1377,40,0,polyp,0.5578,0.5578,89.5,4.9,346.0,174.6,False
1378,40,0,polyp,0.4463,0.4463,89.5,4.9,346.0,174.6,True
1379,40,0,polyp,0.3570,0.3570,89.5,4.9,346.0,174.6,True
1380,40,0,polyp,0.0000,0.2789,85.7,5.0,351.6,180.8,False
1381,40,0,polyp,0.0000,0.2231,85.7,5.0,351.6,180.8,True
1382,40,0,polyp,0.0000,0.1785,85.7,5.0,351.6,180.8,True
1383,40,0,polyp,0.0000,0.1428,85.7,5.0,351.6,180.8,True
1384,42,0,polyp,0.6890,0.6890,114.2,5.8,327.7,235.7,False
1385,42,0,polyp,0.8047,0.7469,115.1,6.3,328.4,236.4,False
1386,42,0,polyp,0.7998,0.7645,115.4,6.2,327.9,235.9,False
1387,42,0,polyp,0.7788,0.7681,118.5,5.7,329.2,234.0,False
1388,42,0,polyp,0.7932,0.7731,119.4,5.9,329.7,234.5,False
1389,42,0,polyp,0.8192,0.7992,120.0,5.8,330.0,235.0,False
1390,42,0,polyp,0.7942,0.7971,121.8,6.2,330.2,234.8,False
1391,42,0,polyp,0.8494,0.8070,123.6,6.2,330.9,235.0,False
1392,42,0,polyp,0.8326,0.8177,125.6,5.7,330.6,233.1,False
1393,42,0,polyp,0.7376,0.8066,125.1,5.5,330.4,234.7,False
1394,42,0,polyp,0.8068,0.8041,125.2,5.8,329.1,234.3,False
1395,42,0,polyp,0.8317,0.8116,126.6,5.6,329.1,233.8,False
1396,42,0,polyp,0.8128,0.8043,127.6,5.1,330.6,235.8,False
1397,42,0,polyp,0.8318,0.8041,130.0,5.0,331.9,236.6,False
1398,42,0,polyp,0.8845,0.8335,132.7,4.9,331.6,235.0,False
1399,42,0,polyp,0.8274,0.8377,135.1,5.0,332.5,235.7,False
1400,42,0,polyp,0.8786,0.8470,136.9,5.2,331.6,234.5,False
1401,42,0,polyp,0.8393,0.8523,137.9,5.1,330.5,233.7,False
1402,42,0,polyp,0.7865,0.8433,138.9,5.5,329.7,233.8,False
1403,42,0,polyp,0.7479,0.8159,141.2,5.6,330.5,234.2,False
1404,42,0,polyp,0.6526,0.7810,143.0,6.1,331.6,235.8,False
1405,42,0,polyp,0.6969,0.7446,144.8,6.0,332.3,236.8,False
1406,42,0,polyp,0.6495,0.7067,147.2,5.9,330.7,233.3,False
1407,42,0,polyp,0.5196,0.5653,147.2,5.9,330.7,233.3,True
1408,42,0,polyp,0.7770,0.7048,144.5,5.8,327.5,234.1,False
1409,42,0,polyp,0.8048,0.7161,142.7,6.1,324.9,234.7,False
1410,42,0,polyp,0.7758,0.7408,142.6,6.2,323.7,234.1,False
1411,42,0,polyp,0.7165,0.7447,142.6,6.5,322.6,233.7,False
1412,42,0,polyp,0.7893,0.7727,141.9,6.4,321.4,233.0,False
1413,42,0,polyp,0.7867,0.7746,141.3,6.1,320.9,233.0,False
1414,42,0,polyp,0.7534,0.7643,141.1,6.0,321.4,234.1,False
1415,42,0,polyp,0.7205,0.7533,142.3,5.9,322.9,235.3,False
1416,42,0,polyp,0.6904,0.7480,144.9,5.7,323.9,234.3,False
1417,42,0,polyp,0.6436,0.7189,146.4,5.8,323.9,233.4,False
1418,42,0,polyp,0.8193,0.7254,146.7,5.4,323.9,233.1,False
1419,42,0,polyp,0.7610,0.7269,145.3,5.0,322.9,233.9,False
1420,42,0,polyp,0.7678,0.7364,144.1,4.5,322.0,233.7,False
1421,42,0,polyp,0.7927,0.7569,143.8,4.7,321.3,233.5,False
1422,42,0,polyp,0.8229,0.7927,143.3,5.1,320.2,232.9,False
1423,42,0,polyp,0.7847,0.7858,142.4,5.0,319.9,233.3,False
1424,42,0,polyp,0.8455,0.8027,142.4,5.2,320.4,233.6,False
1425,42,0,polyp,0.7062,0.7904,140.6,5.5,319.7,234.5,False
1426,42,0,polyp,0.7845,0.7888,140.0,6.4,319.0,234.6,False
1427,42,0,polyp,0.7779,0.7798,139.6,7.0,319.3,234.8,False
1428,42,0,polyp,0.7560,0.7740,139.0,5.9,320.3,234.9,False
1429,42,0,polyp,0.7081,0.7466,138.7,5.5,321.0,235.1,False
1430,42,0,polyp,0.6659,0.7385,137.9,4.7,321.9,236.2,False
1431,42,0,polyp,0.7656,0.7347,137.9,4.4,322.4,235.9,False
1432,42,0,polyp,0.5203,0.6832,137.8,5.0,321.4,234.7,False
1433,42,0,polyp,0.7357,0.6791,137.9,5.0,321.2,234.0,False
1434,42,0,polyp,0.8003,0.6976,137.7,5.8,320.4,233.5,False
1435,42,0,polyp,0.8299,0.7304,138.3,5.9,321.3,233.5,False
1436,42,0,polyp,0.8428,0.7458,138.3,5.6,322.6,234.8,False
1437,42,0,polyp,0.8290,0.8075,138.6,5.2,323.5,235.1,False
1438,42,0,polyp,0.8324,0.8269,138.9,5.2,324.0,235.5,False
1439,42,0,polyp,0.8782,0.8425,140.0,5.6,324.2,234.9,False
1440,42,0,polyp,0.8560,0.8477,140.7,5.5,324.3,234.4,False
1441,42,0,polyp,0.7575,0.8306,140.6,6.3,323.9,234.8,False
1442,42,0,polyp,0.8589,0.8366,140.3,6.2,324.0,235.2,False
1443,42,0,polyp,0.8247,0.8350,139.9,6.7,323.3,235.5,False
1444,42,0,polyp,0.7614,0.8117,140.1,7.1,321.6,233.4,False
1445,42,0,polyp,0.8114,0.8028,139.4,7.4,320.4,233.0,False
1446,42,0,polyp,0.8496,0.8212,138.0,6.6,319.4,232.2,False
1447,42,0,polyp,0.7724,0.8039,136.1,6.4,319.0,233.2,False
1448,42,0,polyp,0.8356,0.8061,134.5,5.0,319.8,234.0,False
1449,42,0,polyp,0.8621,0.8262,133.8,4.4,321.0,235.1,False
1450,42,0,polyp,0.8121,0.8264,133.1,4.5,321.4,235.7,False
1451,42,0,polyp,0.8614,0.8287,132.9,4.9,321.4,235.5,False
1452,42,0,polyp,0.8164,0.8375,133.2,5.0,321.5,234.5,False
1453,42,0,polyp,0.6940,0.8092,133.0,5.1,321.5,234.0,False
1454,42,0,polyp,0.8853,0.8138,131.2,4.2,322.2,236.0,False
1455,42,0,polyp,0.8506,0.8215,130.9,4.4,321.9,235.6,False
1456,42,0,polyp,0.8021,0.8097,131.1,5.3,321.7,235.2,False
1457,42,0,polyp,0.8794,0.8223,131.1,5.6,321.1,234.0,False
1458,42,0,polyp,0.8445,0.8524,130.8,6.0,321.0,233.8,False
1459,42,0,polyp,0.7335,0.8220,131.6,6.4,321.8,233.5,False
1460,42,0,polyp,0.7819,0.8083,131.2,6.3,322.1,233.9,False
1461,42,0,polyp,0.7365,0.7952,132.1,6.2,323.3,233.9,False
1462,42,0,polyp,0.7573,0.7707,132.1,5.2,324.2,234.2,False
1463,42,0,polyp,0.7507,0.7520,133.9,4.7,326.3,234.8,False
1464,42,0,polyp,0.7797,0.7612,133.5,5.0,326.0,235.7,False
1465,42,0,polyp,0.7813,0.7611,132.3,5.1,326.0,237.7,False
1466,42,0,polyp,0.8441,0.7826,131.9,5.2,324.7,236.6,False
1467,42,0,polyp,0.8225,0.7957,132.2,4.7,324.1,234.8,False
1468,42,0,polyp,0.7073,0.7870,133.4,5.3,324.4,234.5,False
1469,42,0,polyp,0.7198,0.7750,135.4,4.5,325.4,232.9,False
1470,42,0,polyp,0.6863,0.7560,137.1,4.7,326.0,232.5,False
1471,42,0,polyp,0.6789,0.7230,135.7,5.0,324.6,232.4,False
1472,42,0,polyp,0.7478,0.7080,135.8,4.7,324.5,232.1,False
1473,42,0,polyp,0.7354,0.7137,135.2,4.7,324.5,232.9,False
1474,42,0,polyp,0.6483,0.6993,135.5,4.6,325.0,233.2,False
1475,42,0,polyp,0.8021,0.7225,136.1,4.5,325.5,233.3,False
1476,42,0,polyp,0.7405,0.7348,137.0,4.6,325.6,233.0,False
1477,42,0,polyp,0.6551,0.7163,137.5,4.5,325.8,233.0,False
1478,42,0,polyp,0.8216,0.7335,137.7,4.3,325.6,232.7,False
1479,42,0,polyp,0.7870,0.7612,137.3,3.9,325.5,233.2,False
1480,42,0,polyp,0.7340,0.7476,137.9,3.7,325.9,233.5,False
1481,42,0,polyp,0.7380,0.7471,137.3,3.5,325.7,234.3,False
1482,42,0,polyp,0.5904,0.5977,137.3,3.5,325.7,234.3,True
1483,42,0,polyp,0.4723,0.4782,137.3,3.5,325.7,234.3,True
1484,42,0,polyp,0.5266,0.7214,142.3,4.5,327.3,232.4,False
1485,42,0,polyp,0.4213,0.5772,142.3,4.5,327.3,232.4,True
1486,42,0,polyp,0.3370,0.4617,142.3,4.5,327.3,232.4,True
1487,42,0,polyp,0.2696,0.3694,142.3,4.5,327.3,232.4,True
1488,,,,,,,,,,False
1489,,,,,,,,,,False
1490,,,,,,,,,,False
1491,,,,,,,,,,False
1492,,,,,,,,,,False
1493,,,,,,,,,,False
1494,,,,,,,,,,False
1495,,,,,,,,,,False
1496,,,,,,,,,,False
1497,,,,,,,,,,False
1498,,,,,,,,,,False
1499,,,,,,,,,,False
1500,,,,,,,,,,False
1501,,,,,,,,,,False
1502,,,,,,,,,,False
1503,,,,,,,,,,False
1504,,,,,,,,,,False
1505,,,,,,,,,,False
1506,45,0,polyp,0.6994,0.6994,162.1,14.9,324.5,234.2,False
1507,45,0,polyp,0.5595,0.5595,162.1,14.9,324.5,234.2,True
1508,45,0,polyp,0.5755,0.6375,162.7,19.6,322.9,235.8,False
1509,45,0,polyp,0.4604,0.5100,162.7,19.6,322.9,235.8,True
1510,45,0,polyp,0.3683,0.4080,162.7,19.6,322.9,235.8,True
1511,45,0,polyp,0.2947,0.3264,162.7,19.6,322.9,235.8,True
1512,45,0,polyp,0.6431,0.6393,163.4,26.5,318.0,233.9,False
1513,45,0,polyp,0.5145,0.5115,163.4,26.5,318.0,233.9,True
1514,45,0,polyp,0.6576,0.6439,166.9,36.1,315.5,233.3,False
1515,45,0,polyp,0.5730,0.6297,166.9,38.9,315.3,233.7,False
1516,45,0,polyp,0.5696,0.6037,166.3,40.0,315.5,234.0,False
1517,45,0,polyp,0.6301,0.6147,165.4,40.5,316.0,234.3,False
1518,45,0,polyp,0.6366,0.6134,164.9,41.5,316.0,234.3,False
1519,45,0,polyp,0.5502,0.5919,167.2,42.8,308.4,220.0,False
1520,45,0,polyp,0.5120,0.5797,167.3,44.9,304.9,214.7,False
1521,45,0,polyp,0.5643,0.5786,167.7,46.2,306.1,214.1,False
1522,45,0,polyp,0.6235,0.5773,166.6,48.3,305.8,213.8,False
1523,45,0,polyp,0.7494,0.5999,162.9,50.3,310.0,222.8,False
1524,45,0,polyp,0.6323,0.6163,162.3,52.2,310.4,222.8,False
1525,45,0,polyp,0.5536,0.6246,163.9,53.4,310.5,219.1,False
1526,45,0,polyp,0.6540,0.6426,160.1,53.6,312.0,223.0,False
1527,45,0,polyp,0.5237,0.6226,156.9,53.2,314.7,227.7,False
1528,45,0,polyp,0.5098,0.5747,154.9,53.3,316.5,230.7,False
1529,45,0,polyp,0.6461,0.5774,155.5,53.8,315.7,227.8,False
1530,45,0,polyp,0.6884,0.6044,156.4,54.3,315.4,225.3,False
1531,45,0,polyp,0.6085,0.5953,155.4,53.2,317.1,226.0,False
1532,45,0,polyp,0.6627,0.6231,158.0,51.4,315.6,217.8,False
1533,45,0,polyp,0.6952,0.6602,158.3,50.7,315.6,215.0,False
1534,45,0,polyp,0.6116,0.6533,157.2,50.7,315.3,213.9,False
1535,45,0,polyp,0.7244,0.6605,156.1,50.0,315.6,213.1,False
1536,45,0,polyp,0.6869,0.6761,152.1,50.2,317.3,218.1,False
1537,45,0,polyp,0.5620,0.6560,153.4,50.0,317.3,215.2,False
1538,45,0,polyp,0.6604,0.6491,149.8,49.6,320.2,221.1,False
1539,45,0,polyp,0.6217,0.6511,149.8,49.1,319.2,218.6,False
1540,45,0,polyp,0.5859,0.6234,149.3,48.2,319.4,217.6,False
1541,45,0,polyp,0.6509,0.6162,149.6,48.0,319.9,216.9,False
1542,45,0,polyp,0.6435,0.6325,148.5,47.0,320.3,216.7,False
1543,45,0,polyp,0.5944,0.6193,146.8,45.4,321.7,218.2,False
1544,45,0,polyp,0.6410,0.6231,138.6,45.0,325.0,230.1,False
1545,45,0,polyp,0.6530,0.6365,139.5,47.9,323.3,230.8,False
1546,45,0,polyp,0.5224,0.5092,139.5,47.9,323.3,230.8,True
1547,45,0,polyp,0.4179,0.4074,139.5,47.9,323.3,230.8,True
1548,45,0,polyp,0.5580,0.6180,150.9,53.8,313.2,212.3,False
1549,45,0,polyp,0.4464,0.4944,150.9,53.8,313.2,212.3,True
1550,45,0,polyp,0.5427,0.5978,142.6,57.1,319.3,229.1,False
1551,45,0,polyp,0.4342,0.4783,142.6,57.1,319.3,229.1,True
1552,45,0,polyp,0.3473,0.3826,142.6,57.1,319.3,229.1,True
1553,45,0,polyp,0.6347,0.6059,140.9,56.7,320.3,230.8,False
1554,45,0,polyp,0.5078,0.4847,140.9,56.7,320.3,230.8,True
1555,45,0,polyp,0.4062,0.3878,140.9,56.7,320.3,230.8,True
1556,45,0,polyp,0.3250,0.3102,140.9,56.7,320.3,230.8,True
1557,45,0,polyp,0.5149,0.5807,140.2,50.7,325.3,231.2,False
1558,45,0,polyp,0.4119,0.4645,140.2,50.7,325.3,231.2,True
1559,45,0,polyp,0.3295,0.3716,140.2,50.7,325.3,231.2,True
1560,45,0,polyp,0.5201,0.5541,133.7,38.6,333.2,237.1,False
1561,45,0,polyp,0.4161,0.4433,133.7,38.6,333.2,237.1,True
1562,45,0,polyp,0.8282,0.6081,135.6,30.8,337.3,236.5,False
1563,45,0,polyp,0.5811,0.6158,137.3,28.7,336.1,235.3,False
1564,45,0,polyp,0.4649,0.4927,137.3,28.7,336.1,235.3,True
1565,45,0,polyp,0.5609,0.6011,136.4,21.8,337.2,234.9,False
1566,45,0,polyp,0.8069,0.6595,137.0,20.3,337.0,236.6,False
1567,45,0,polyp,0.5299,0.6614,137.3,19.7,335.8,237.9,False
1568,45,0,polyp,0.8075,0.6573,137.7,18.3,334.2,237.1,False
1569,45,0,polyp,0.6705,0.6751,137.9,16.2,334.1,237.6,False
1570,45,0,polyp,0.5175,0.6664,138.8,15.3,333.5,237.6,False
1571,45,0,polyp,0.7283,0.6507,141.0,17.9,331.1,236.5,False
1572,45,0,polyp,0.6630,0.6773,142.0,21.1,329.4,238.0,False
1573,45,0,polyp,0.7041,0.6567,145.1,25.4,326.6,236.0,False
1574,45,0,polyp,0.8708,0.6967,149.2,30.8,324.5,234.2,False
1575,45,0,polyp,0.8090,0.7550,153.8,37.1,324.0,234.7,False
1576,45,0,polyp,0.7233,0.7540,157.0,41.9,323.0,234.6,False
1577,45,0,polyp,0.7890,0.7793,158.4,43.1,323.2,234.2,False
1578,45,0,polyp,0.7853,0.7955,158.8,43.8,323.6,235.0,False
1579,45,0,polyp,0.7474,0.7708,159.0,45.8,322.5,235.4,False
1580,45,0,polyp,0.7216,0.7533,159.3,47.4,322.4,236.3,False
1581,45,0,polyp,0.8055,0.7697,160.1,49.4,322.3,237.0,False
1582,45,0,polyp,0.7146,0.7549,161.4,51.8,321.5,236.5,False
1583,45,0,polyp,0.7547,0.7488,161.3,51.6,321.6,236.1,False
1584,45,0,polyp,0.7738,0.7540,161.4,48.4,323.9,235.8,False
1585,45,0,polyp,0.8220,0.7741,160.7,43.3,326.7,235.8,False
1586,45,0,polyp,0.7826,0.7695,160.6,39.4,327.9,234.6,False
1587,45,0,polyp,0.7993,0.7865,155.9,30.4,330.9,236.7,False
1588,45,0,polyp,0.6395,0.6292,155.9,30.4,330.9,236.7,True
1589,45,0,polyp,0.7170,0.7789,153.9,20.9,333.3,235.1,False
1590,45,0,polyp,0.8803,0.8002,153.2,16.1,335.4,236.8,False
1591,45,0,polyp,0.8614,0.8081,153.5,11.7,335.6,235.6,False
1592,45,0,polyp,0.8600,0.8236,155.4,9.2,335.3,233.5,False
1593,45,0,polyp,0.8745,0.8386,159.4,8.3,335.7,231.6,False
1594,45,0,polyp,0.8156,0.8584,163.8,9.5,333.9,227.8,False
1595,45,0,polyp,0.8771,0.8577,166.8,10.0,333.0,225.7,False
1596,45,0,polyp,0.8269,0.8508,167.3,9.1,332.9,227.0,False
1597,45,0,polyp,0.8556,0.8499,168.3,7.5,332.0,224.8,False
1598,45,0,polyp,0.8532,0.8457,166.4,6.4,328.3,222.0,False
1599,45,0,polyp,0.8738,0.8573,164.9,5.7,326.3,221.1,False
1600,45,0,polyp,0.8616,0.8542,166.7,5.5,323.2,214.1,False
1601,45,0,polyp,0.8829,0.8654,169.0,5.2,322.4,209.0,False
1602,45,0,polyp,0.8989,0.8741,170.6,6.2,321.5,206.2,False
1603,45,0,polyp,0.8125,0.8659,170.7,6.5,321.9,206.4,False
1604,45,0,polyp,0.8581,0.8628,170.3,7.9,320.6,205.7,False
1605,45,0,polyp,0.8546,0.8614,167.2,7.3,322.3,211.5,False
1606,45,0,polyp,0.8197,0.8488,169.1,8.4,320.3,206.1,False
1607,45,0,polyp,0.9062,0.8502,169.8,8.3,319.9,203.6,False
1608,45,0,polyp,0.8840,0.8645,169.6,8.6,320.9,205.2,False
1609,45,0,polyp,0.8120,0.8553,170.4,8.7,323.2,207.4,False
1610,45,0,polyp,0.8997,0.8643,171.1,10.0,324.2,209.4,False
1611,45,0,polyp,0.8702,0.8744,166.4,10.4,329.1,224.4,False
1612,45,0,polyp,0.8651,0.8662,168.5,10.8,325.8,217.4,False
1613,45,0,polyp,0.9221,0.8738,168.1,11.0,323.1,214.2,False
1614,45,0,polyp,0.8913,0.8897,167.4,11.2,321.7,212.7,False
1615,45,0,polyp,0.8181,0.8734,167.1,10.8,320.7,210.7,False
1616,45,0,polyp,0.8397,0.8673,163.7,10.6,322.7,218.1,False
1617,45,0,polyp,0.8126,0.8568,162.0,9.1,323.9,221.4,False
1618,45,0,polyp,0.6496,0.8023,165.0,8.0,321.5,212.4,False
1619,45,0,polyp,0.8318,0.7904,168.9,7.6,317.7,200.1,False
1620,45,0,polyp,0.8165,0.7900,171.0,7.2,315.6,192.3,False
1621,45,0,polyp,0.7951,0.7811,172.4,7.3,314.7,187.1,False
1622,45,0,polyp,0.8430,0.7872,173.3,6.4,314.1,181.9,False
1623,45,0,polyp,0.8313,0.8236,174.2,6.8,314.1,179.2,False
1624,45,0,polyp,0.8466,0.8265,174.6,6.6,315.2,178.2,False
1625,45,0,polyp,0.9058,0.8444,174.2,6.2,316.2,178.1,False
1626,45,0,polyp,0.6231,0.8100,109.3,2.5,297.3,218.8,False
1627,45,0,polyp,0.5091,0.7432,121.6,3.6,302.2,209.3,False
1628,45,0,polyp,0.4073,0.5946,121.6,3.6,302.2,209.3,True
1629,45,0,polyp,0.3258,0.4756,121.6,3.6,302.2,209.3,True
1630,45,0,polyp,0.2607,0.3805,121.6,3.6,302.2,209.3,True
1631,45,0,polyp,0.7523,0.7274,68.9,3.1,241.8,197.2,False
1632,45,0,polyp,0.9041,0.7389,58.3,5.3,230.1,195.6,False
1633,45,0,polyp,0.8321,0.7241,55.2,5.3,226.5,193.3,False
1634,45,0,polyp,0.8500,0.7695,50.9,5.5,221.8,191.0,False
1635,45,0,polyp,0.7708,0.8219,44.1,4.2,215.1,187.5,False
1636,45,0,polyp,0.7947,0.8304,43.3,4.7,211.8,183.3,False
1637,45,0,polyp,0.6538,0.7803,41.5,4.0,204.1,174.6,False
1638,45,0,polyp,0.5336,0.7206,40.9,3.1,202.0,171.1,False
1639,45,0,polyp,0.7466,0.6999,42.1,4.4,205.1,173.4,False
1640,45,0,polyp,0.8486,0.7155,44.0,6.2,210.2,177.9,False
1641,45,0,polyp,0.7379,0.7041,45.5,5.0,217.4,182.6,False
1642,45,0,polyp,0.5085,0.6751,47.3,4.2,224.6,187.2,False
1643,45,0,polyp,0.6991,0.7081,49.4,2.8,232.9,191.3,False
1644,45,0,polyp,0.8195,0.7227,56.2,3.8,241.5,194.0,False
1645,45,0,polyp,0.9164,0.7363,57.3,5.2,245.1,197.9,False
1646,45,0,polyp,0.9297,0.7746,58.6,6.6,249.5,202.7,False
1647,45,0,polyp,0.8741,0.8477,57.3,10.1,249.4,207.7,False
1648,45,0,polyp,0.9063,0.8892,57.0,13.3,249.3,211.2,False
1649,45,0,polyp,0.8554,0.8964,55.0,14.2,250.0,215.2,False
1650,45,0,polyp,0.9343,0.8999,56.1,18.2,249.2,217.2,False
1651,45,0,polyp,0.9052,0.8951,51.2,11.8,253.0,221.4,False
1652,45,0,polyp,0.8733,0.8949,49.5,13.5,252.3,225.3,False
1653,45,0,polyp,0.8750,0.8886,47.7,15.9,248.7,226.2,False
1654,45,0,polyp,0.8380,0.8851,45.9,15.5,250.7,230.9,False
1655,45,0,polyp,0.8173,0.8617,49.7,27.0,245.6,231.9,False
1656,45,0,polyp,0.7985,0.8404,51.1,31.4,243.5,231.5,False
1657,45,0,polyp,0.7347,0.8127,52.4,35.4,241.9,231.1,False
1658,45,0,polyp,0.8444,0.8066,49.5,32.0,243.1,231.6,False
1659,45,0,polyp,0.7775,0.7945,46.4,28.0,244.2,232.5,False
1660,45,0,polyp,0.7846,0.7879,47.8,29.9,243.8,232.9,False
1661,45,0,polyp,0.8185,0.7919,48.8,32.9,243.1,234.2,False
1662,45,0,polyp,0.8146,0.8079,49.7,35.6,241.2,233.8,False
1663,45,0,polyp,0.7200,0.7830,48.8,38.5,239.0,234.6,False
1664,45,0,polyp,0.7759,0.7827,47.8,39.9,237.8,235.0,False
1665,45,0,polyp,0.7759,0.7810,47.6,40.1,238.5,235.4,False
1666,45,0,polyp,0.7370,0.7647,49.7,42.5,239.9,235.5,False
1667,45,0,polyp,0.6074,0.7232,50.9,43.7,241.6,235.4,False
1668,45,0,polyp,0.6951,0.7183,57.1,49.7,245.4,235.8,False
1669,45,0,polyp,0.5561,0.5746,57.1,49.7,245.4,235.8,True
1670,45,0,polyp,0.4449,0.4597,57.1,49.7,245.4,235.8,True
1671,45,0,polyp,0.0000,0.5631,60.7,55.7,245.3,238.1,False
1672,45,0,polyp,0.0000,0.4079,61.9,57.7,245.2,238.8,False
1672,46,0,polyp,0.6159,0.6159,239.4,120.0,298.4,223.2,False
1673,45,0,polyp,0.0000,0.2605,63.1,59.7,245.2,239.6,False
1673,46,0,polyp,0.0000,0.3079,241.5,121.4,298.5,221.1,False
1673,47,0,polyp,0.6275,0.6275,60.1,64.7,306.5,233.8,False
1674,46,0,polyp,0.0000,0.2053,243.6,122.7,298.6,218.9,False
1674,47,0,polyp,0.5284,0.5779,62.1,67.8,305.4,234.5,False
1674,45,0,polyp,0.0000,0.2084,63.1,59.7,245.2,239.6,True
1675,46,0,polyp,0.6656,0.3204,244.3,125.8,303.5,229.1,False
1675,47,0,polyp,0.0000,0.3853,63.8,69.3,305.2,234.7,False
1675,45,0,polyp,0.0000,0.1667,63.1,59.7,245.2,239.6,True
1676,45,0,polyp,0.0000,0.1334,63.1,59.7,245.2,239.6,True
1676,46,0,polyp,0.5324,0.2563,244.3,125.8,303.5,229.1,True
1676,47,0,polyp,0.0000,0.3082,63.8,69.3,305.2,234.7,True
1677,46,0,polyp,0.5479,0.3659,245.9,126.2,305.4,229.6,False
1677,47,0,polyp,0.0000,0.2890,67.0,72.2,304.9,235.2,False
1678,46,0,polyp,0.6029,0.3633,249.2,127.7,306.1,226.0,False
1678,47,0,polyp,0.0000,0.2312,68.6,73.7,304.8,235.5,False
1679,46,0,polyp,0.0000,0.3633,250.9,128.9,307.1,226.0,False
1679,47,0,polyp,0.5992,0.2255,64.1,70.9,305.3,235.1,False
1680,46,0,polyp,0.0000,0.3633,252.7,130.1,308.2,226.0,False
1680,47,0,polyp,0.6116,0.2422,60.5,72.4,301.8,235.5,False
1681,46,0,polyp,0.0000,0.2301,254.5,131.3,309.2,226.0,False
1681,47,0,polyp,0.5293,0.3480,60.2,72.7,301.4,234.8,False
1682,46,0,polyp,0.0000,0.1206,256.2,132.5,310.3,225.9,False
1682,47,0,polyp,0.5885,0.4657,58.0,71.9,302.4,235.3,False
1683,46,0,polyp,0.0000,0.0000,258.0,133.8,311.3,225.9,False
1683,47,0,polyp,0.6038,0.5865,57.1,71.8,302.9,235.5,False
1684,47,0,polyp,0.0000,0.4667,57.1,72.3,302.4,235.6,False
1684,46,0,polyp,0.0000,0.0000,258.0,133.8,311.3,225.9,True
1685,47,0,polyp,0.5730,0.4589,54.4,70.1,304.2,235.6,False
1685,46,0,polyp,0.0000,0.0000,258.0,133.8,311.3,225.9,True
1686,47,0,polyp,0.5514,0.4633,56.9,71.4,305.6,235.0,False
1686,46,0,polyp,0.0000,0.0000,258.0,133.8,311.3,225.9,True
1687,47,0,polyp,0.0000,0.3456,57.0,71.7,305.3,235.0,False
1688,47,0,polyp,0.0000,0.2765,57.0,71.7,305.3,235.0,True
1689,47,0,polyp,0.0000,0.2212,57.0,71.7,305.3,235.0,True
1690,47,0,polyp,0.0000,0.1770,57.0,71.7,305.3,235.0,True
1691,47,0,polyp,0.6215,0.3492,38.8,63.0,299.5,234.9,False
1692,47,0,polyp,0.6524,0.4797,36.4,61.6,299.5,235.1,False
1693,47,0,polyp,0.5219,0.3837,36.4,61.6,299.5,235.1,True
1694,47,0,polyp,0.5833,0.4817,31.3,58.7,298.0,235.4,False
1695,47,0,polyp,0.4666,0.3854,31.3,58.7,298.0,235.4,True
1696,47,0,polyp,0.3733,0.3083,31.3,58.7,298.0,235.4,True
1697,47,0,polyp,0.2987,0.2466,31.3,58.7,298.0,235.4,True
1698,,,,,,,,,,False
